// Validating benchmarks:
// ***** BenchmarkRunner: Start   *****
// ***** Found 14 benchmark(s) in total *****
// ***** Building 1 exe(s) in Parallel: Start   *****
// start dotnet  restore /p:UseSharedCompilation=false /p:BuildInParallel=false /m:1 /p:Deterministic=true /p:Optimize=true in D:\DevData\ericksonlopez.dev\dotnet-outbox\benchmarks\EricksonLopez.Outbox.Benchmarks\bin\Release\net10.0\fa58206c-31f2-44e5-b9bd-6b8a39772c60
// command took 1.17 sec and exited with 0
// start dotnet  build -c Release --no-restore /p:UseSharedCompilation=false /p:BuildInParallel=false /m:1 /p:Deterministic=true /p:Optimize=true in D:\DevData\ericksonlopez.dev\dotnet-outbox\benchmarks\EricksonLopez.Outbox.Benchmarks\bin\Release\net10.0\fa58206c-31f2-44e5-b9bd-6b8a39772c60
// command took 2.6 sec and exited with 0
// ***** Done, took 00:00:03 (3.92 sec)   *****
// Found 2 benchmarks:
//   A_SerializationBenchmarks.EricksonLopezOutbox_Serialize_Allocating: Job-WHNGNK(IterationCount=100, WarmupCount=20)
//   A_SerializationBenchmarks.EricksonLopezOutbox_Serialize_BufferWriter: Job-WHNGNK(IterationCount=100, WarmupCount=20)

Setup power plan (GUID: 8c5e7fda-e8bf-4a96-9a85-a6e23a8c635c FriendlyName: Alto rendimiento)
// **************************
// Benchmark: A_SerializationBenchmarks.EricksonLopezOutbox_Serialize_Allocating: Job-WHNGNK(IterationCount=100, WarmupCount=20)
// *** Execute ***
// Launch: 1 / 1
// Execute: dotnet fa58206c-31f2-44e5-b9bd-6b8a39772c60.dll --anonymousPipes 4208 4136 --benchmarkName EricksonLopez.Outbox.Benchmarks.A_SerializationBenchmarks.EricksonLopezOutbox_Serialize_Allocating --job "IterationCount=100, WarmupCount=20" --benchmarkId 0 in D:\DevData\ericksonlopez.dev\dotnet-outbox\benchmarks\EricksonLopez.Outbox.Benchmarks\bin\Release\net10.0\fa58206c-31f2-44e5-b9bd-6b8a39772c60\bin\Release\net10.0
// BeforeAnythingElse

// Benchmark Process Environment Information:
// BenchmarkDotNet v0.13.12
// Runtime=.NET 10.0.10 (10.0.1026.32716), X64 RyuJIT AVX-512F+CD+BW+DQ+VL+VBMI
// GC=Concurrent Workstation
// HardwareIntrinsics=AVX-512F+CD+BW+DQ+VL+VBMI,AES,BMI1,BMI2,FMA,LZCNT,PCLMUL,POPCNT,AvxVnni VectorSize=256
// Job: Job-IXVXND(IterationCount=100, WarmupCount=20)

OverheadJitting  1: 1 op, 235300.00 ns, 235.3000 us/op
WorkloadJitting  1: 1 op, 13818700.00 ns, 13.8187 ms/op

OverheadJitting  2: 16 op, 200700.00 ns, 12.5437 us/op
WorkloadJitting  2: 16 op, 240800.00 ns, 15.0500 us/op

WorkloadPilot    1: 16 op, 16800.00 ns, 1.0500 us/op
WorkloadPilot    2: 32 op, 14400.00 ns, 450.0000 ns/op
WorkloadPilot    3: 64 op, 29300.00 ns, 457.8125 ns/op
WorkloadPilot    4: 128 op, 43200.00 ns, 337.5000 ns/op
WorkloadPilot    5: 256 op, 84600.00 ns, 330.4688 ns/op
WorkloadPilot    6: 512 op, 133400.00 ns, 260.5469 ns/op
WorkloadPilot    7: 1024 op, 262300.00 ns, 256.1523 ns/op
WorkloadPilot    8: 2048 op, 479800.00 ns, 234.2773 ns/op
WorkloadPilot    9: 4096 op, 972300.00 ns, 237.3779 ns/op
WorkloadPilot   10: 8192 op, 1950100.00 ns, 238.0493 ns/op
WorkloadPilot   11: 16384 op, 3849400.00 ns, 234.9487 ns/op
WorkloadPilot   12: 32768 op, 7625900.00 ns, 232.7240 ns/op
WorkloadPilot   13: 65536 op, 15448300.00 ns, 235.7224 ns/op
WorkloadPilot   14: 131072 op, 30226400.00 ns, 230.6091 ns/op
WorkloadPilot   15: 262144 op, 59527700.00 ns, 227.0802 ns/op
WorkloadPilot   16: 524288 op, 89416400.00 ns, 170.5482 ns/op
WorkloadPilot   17: 1048576 op, 82445500.00 ns, 78.6262 ns/op
WorkloadPilot   18: 2097152 op, 163985900.00 ns, 78.1946 ns/op
WorkloadPilot   19: 4194304 op, 334893200.00 ns, 79.8448 ns/op
WorkloadPilot   20: 8388608 op, 671231400.00 ns, 80.0170 ns/op

OverheadWarmup   1: 8388608 op, 11697300.00 ns, 1.3944 ns/op
OverheadWarmup   2: 8388608 op, 11737500.00 ns, 1.3992 ns/op
OverheadWarmup   3: 8388608 op, 11809700.00 ns, 1.4078 ns/op
OverheadWarmup   4: 8388608 op, 11617700.00 ns, 1.3849 ns/op
OverheadWarmup   5: 8388608 op, 11553800.00 ns, 1.3773 ns/op
OverheadWarmup   6: 8388608 op, 11526200.00 ns, 1.3740 ns/op
OverheadWarmup   7: 8388608 op, 11579500.00 ns, 1.3804 ns/op
OverheadWarmup   8: 8388608 op, 11673900.00 ns, 1.3916 ns/op
OverheadWarmup   9: 8388608 op, 11809200.00 ns, 1.4078 ns/op
OverheadWarmup  10: 8388608 op, 11739600.00 ns, 1.3995 ns/op

OverheadActual   1: 8388608 op, 11547600.00 ns, 1.3766 ns/op
OverheadActual   2: 8388608 op, 11562400.00 ns, 1.3783 ns/op
OverheadActual   3: 8388608 op, 11506400.00 ns, 1.3717 ns/op
OverheadActual   4: 8388608 op, 11542500.00 ns, 1.3760 ns/op
OverheadActual   5: 8388608 op, 11526900.00 ns, 1.3741 ns/op
OverheadActual   6: 8388608 op, 11545500.00 ns, 1.3763 ns/op
OverheadActual   7: 8388608 op, 11597700.00 ns, 1.3826 ns/op
OverheadActual   8: 8388608 op, 11522800.00 ns, 1.3736 ns/op
OverheadActual   9: 8388608 op, 11655000.00 ns, 1.3894 ns/op
OverheadActual  10: 8388608 op, 11527800.00 ns, 1.3742 ns/op
OverheadActual  11: 8388608 op, 11587000.00 ns, 1.3813 ns/op
OverheadActual  12: 8388608 op, 11555000.00 ns, 1.3775 ns/op
OverheadActual  13: 8388608 op, 11526300.00 ns, 1.3740 ns/op
OverheadActual  14: 8388608 op, 11601400.00 ns, 1.3830 ns/op
OverheadActual  15: 8388608 op, 11786500.00 ns, 1.4051 ns/op

WorkloadWarmup   1: 8388608 op, 655921000.00 ns, 78.1919 ns/op
WorkloadWarmup   2: 8388608 op, 660164100.00 ns, 78.6977 ns/op
WorkloadWarmup   3: 8388608 op, 660949400.00 ns, 78.7913 ns/op
WorkloadWarmup   4: 8388608 op, 669289400.00 ns, 79.7855 ns/op
WorkloadWarmup   5: 8388608 op, 653182300.00 ns, 77.8654 ns/op
WorkloadWarmup   6: 8388608 op, 648881800.00 ns, 77.3527 ns/op
WorkloadWarmup   7: 8388608 op, 664106600.00 ns, 79.1677 ns/op
WorkloadWarmup   8: 8388608 op, 646284000.00 ns, 77.0431 ns/op
WorkloadWarmup   9: 8388608 op, 657463300.00 ns, 78.3757 ns/op
WorkloadWarmup  10: 8388608 op, 655568200.00 ns, 78.1498 ns/op
WorkloadWarmup  11: 8388608 op, 652825700.00 ns, 77.8229 ns/op
WorkloadWarmup  12: 8388608 op, 653235800.00 ns, 77.8718 ns/op
WorkloadWarmup  13: 8388608 op, 663130900.00 ns, 79.0514 ns/op
WorkloadWarmup  14: 8388608 op, 655243600.00 ns, 78.1111 ns/op
WorkloadWarmup  15: 8388608 op, 654690800.00 ns, 78.0452 ns/op
WorkloadWarmup  16: 8388608 op, 658315200.00 ns, 78.4773 ns/op
WorkloadWarmup  17: 8388608 op, 650498300.00 ns, 77.5454 ns/op
WorkloadWarmup  18: 8388608 op, 649676200.00 ns, 77.4474 ns/op
WorkloadWarmup  19: 8388608 op, 659434800.00 ns, 78.6108 ns/op
WorkloadWarmup  20: 8388608 op, 648065700.00 ns, 77.2555 ns/op

// BeforeActualRun
WorkloadActual   1: 8388608 op, 646448500.00 ns, 77.0627 ns/op
WorkloadActual   2: 8388608 op, 647184000.00 ns, 77.1503 ns/op
WorkloadActual   3: 8388608 op, 651746400.00 ns, 77.6942 ns/op
WorkloadActual   4: 8388608 op, 652196300.00 ns, 77.7479 ns/op
WorkloadActual   5: 8388608 op, 655272400.00 ns, 78.1146 ns/op
WorkloadActual   6: 8388608 op, 651233400.00 ns, 77.6331 ns/op
WorkloadActual   7: 8388608 op, 654019500.00 ns, 77.9652 ns/op
WorkloadActual   8: 8388608 op, 651780600.00 ns, 77.6983 ns/op
WorkloadActual   9: 8388608 op, 644564100.00 ns, 76.8380 ns/op
WorkloadActual  10: 8388608 op, 652437500.00 ns, 77.7766 ns/op
WorkloadActual  11: 8388608 op, 644253000.00 ns, 76.8009 ns/op
WorkloadActual  12: 8388608 op, 642480800.00 ns, 76.5897 ns/op
WorkloadActual  13: 8388608 op, 638530900.00 ns, 76.1188 ns/op
WorkloadActual  14: 8388608 op, 647283800.00 ns, 77.1622 ns/op
WorkloadActual  15: 8388608 op, 648299400.00 ns, 77.2833 ns/op
WorkloadActual  16: 8388608 op, 647250500.00 ns, 77.1583 ns/op
WorkloadActual  17: 8388608 op, 654138900.00 ns, 77.9794 ns/op
WorkloadActual  18: 8388608 op, 648375200.00 ns, 77.2923 ns/op
WorkloadActual  19: 8388608 op, 649928600.00 ns, 77.4775 ns/op
WorkloadActual  20: 8388608 op, 651291200.00 ns, 77.6400 ns/op
WorkloadActual  21: 8388608 op, 652888600.00 ns, 77.8304 ns/op
WorkloadActual  22: 8388608 op, 653141900.00 ns, 77.8606 ns/op
WorkloadActual  23: 8388608 op, 653048400.00 ns, 77.8494 ns/op
WorkloadActual  24: 8388608 op, 640215000.00 ns, 76.3196 ns/op
WorkloadActual  25: 8388608 op, 651188600.00 ns, 77.6277 ns/op
WorkloadActual  26: 8388608 op, 645963600.00 ns, 77.0049 ns/op
WorkloadActual  27: 8388608 op, 645748800.00 ns, 76.9793 ns/op
WorkloadActual  28: 8388608 op, 643230500.00 ns, 76.6791 ns/op
WorkloadActual  29: 8388608 op, 662295100.00 ns, 78.9517 ns/op
WorkloadActual  30: 8388608 op, 658656700.00 ns, 78.5180 ns/op
WorkloadActual  31: 8388608 op, 650771400.00 ns, 77.5780 ns/op
WorkloadActual  32: 8388608 op, 640162600.00 ns, 76.3133 ns/op
WorkloadActual  33: 8388608 op, 648680100.00 ns, 77.3287 ns/op
WorkloadActual  34: 8388608 op, 649654700.00 ns, 77.4449 ns/op
WorkloadActual  35: 8388608 op, 644670300.00 ns, 76.8507 ns/op
WorkloadActual  36: 8388608 op, 640026000.00 ns, 76.2970 ns/op
WorkloadActual  37: 8388608 op, 648330600.00 ns, 77.2870 ns/op
WorkloadActual  38: 8388608 op, 643741100.00 ns, 76.7399 ns/op
WorkloadActual  39: 8388608 op, 647013500.00 ns, 77.1300 ns/op
WorkloadActual  40: 8388608 op, 642378100.00 ns, 76.5774 ns/op
WorkloadActual  41: 8388608 op, 645196800.00 ns, 76.9135 ns/op
WorkloadActual  42: 8388608 op, 653849000.00 ns, 77.9449 ns/op
WorkloadActual  43: 8388608 op, 645745200.00 ns, 76.9788 ns/op
WorkloadActual  44: 8388608 op, 639533700.00 ns, 76.2384 ns/op
WorkloadActual  45: 8388608 op, 643027500.00 ns, 76.6549 ns/op
WorkloadActual  46: 8388608 op, 642036800.00 ns, 76.5368 ns/op
WorkloadActual  47: 8388608 op, 642501800.00 ns, 76.5922 ns/op
WorkloadActual  48: 8388608 op, 638958500.00 ns, 76.1698 ns/op
WorkloadActual  49: 8388608 op, 646721200.00 ns, 77.0952 ns/op
WorkloadActual  50: 8388608 op, 635806400.00 ns, 75.7940 ns/op
WorkloadActual  51: 8388608 op, 638804800.00 ns, 76.1515 ns/op
WorkloadActual  52: 8388608 op, 639035800.00 ns, 76.1790 ns/op
WorkloadActual  53: 8388608 op, 646614500.00 ns, 77.0825 ns/op
WorkloadActual  54: 8388608 op, 646412700.00 ns, 77.0584 ns/op
WorkloadActual  55: 8388608 op, 646434800.00 ns, 77.0610 ns/op
WorkloadActual  56: 8388608 op, 642560500.00 ns, 76.5992 ns/op
WorkloadActual  57: 8388608 op, 645925500.00 ns, 77.0003 ns/op
WorkloadActual  58: 8388608 op, 639332100.00 ns, 76.2143 ns/op
WorkloadActual  59: 8388608 op, 633790100.00 ns, 75.5537 ns/op
WorkloadActual  60: 8388608 op, 640887900.00 ns, 76.3998 ns/op
WorkloadActual  61: 8388608 op, 642147500.00 ns, 76.5499 ns/op
WorkloadActual  62: 8388608 op, 642283600.00 ns, 76.5662 ns/op
WorkloadActual  63: 8388608 op, 647793900.00 ns, 77.2231 ns/op
WorkloadActual  64: 8388608 op, 648116000.00 ns, 77.2614 ns/op
WorkloadActual  65: 8388608 op, 650537800.00 ns, 77.5501 ns/op
WorkloadActual  66: 8388608 op, 646645800.00 ns, 77.0862 ns/op
WorkloadActual  67: 8388608 op, 646292700.00 ns, 77.0441 ns/op
WorkloadActual  68: 8388608 op, 641309600.00 ns, 76.4501 ns/op
WorkloadActual  69: 8388608 op, 642358100.00 ns, 76.5751 ns/op
WorkloadActual  70: 8388608 op, 638595600.00 ns, 76.1265 ns/op
WorkloadActual  71: 8388608 op, 638504200.00 ns, 76.1156 ns/op
WorkloadActual  72: 8388608 op, 641056800.00 ns, 76.4199 ns/op
WorkloadActual  73: 8388608 op, 641100300.00 ns, 76.4251 ns/op
WorkloadActual  74: 8388608 op, 653504500.00 ns, 77.9038 ns/op
WorkloadActual  75: 8388608 op, 645039400.00 ns, 76.8947 ns/op
WorkloadActual  76: 8388608 op, 652804000.00 ns, 77.8203 ns/op
WorkloadActual  77: 8388608 op, 653280000.00 ns, 77.8770 ns/op
WorkloadActual  78: 8388608 op, 642371000.00 ns, 76.5766 ns/op
WorkloadActual  79: 8388608 op, 641387200.00 ns, 76.4593 ns/op
WorkloadActual  80: 8388608 op, 649107400.00 ns, 77.3796 ns/op
WorkloadActual  81: 8388608 op, 651339600.00 ns, 77.6457 ns/op
WorkloadActual  82: 8388608 op, 653278700.00 ns, 77.8769 ns/op
WorkloadActual  83: 8388608 op, 655160700.00 ns, 78.1012 ns/op
WorkloadActual  84: 8388608 op, 654357700.00 ns, 78.0055 ns/op
WorkloadActual  85: 8388608 op, 652999600.00 ns, 77.8436 ns/op
WorkloadActual  86: 8388608 op, 639620800.00 ns, 76.2487 ns/op
WorkloadActual  87: 8388608 op, 643563100.00 ns, 76.7187 ns/op
WorkloadActual  88: 8388608 op, 641428500.00 ns, 76.4642 ns/op
WorkloadActual  89: 8388608 op, 642570300.00 ns, 76.6003 ns/op
WorkloadActual  90: 8388608 op, 643132400.00 ns, 76.6674 ns/op
WorkloadActual  91: 8388608 op, 642671100.00 ns, 76.6124 ns/op
WorkloadActual  92: 8388608 op, 640902800.00 ns, 76.4016 ns/op
WorkloadActual  93: 8388608 op, 646809900.00 ns, 77.1057 ns/op
WorkloadActual  94: 8388608 op, 643078800.00 ns, 76.6610 ns/op
WorkloadActual  95: 8388608 op, 651811600.00 ns, 77.7020 ns/op
WorkloadActual  96: 8388608 op, 652634000.00 ns, 77.8000 ns/op
WorkloadActual  97: 8388608 op, 637295000.00 ns, 75.9715 ns/op
WorkloadActual  98: 8388608 op, 639758400.00 ns, 76.2651 ns/op
WorkloadActual  99: 8388608 op, 648647200.00 ns, 77.3248 ns/op
WorkloadActual  100: 8388608 op, 651756600.00 ns, 77.6954 ns/op

// AfterActualRun
WorkloadResult   1: 8388608 op, 634900900.00 ns, 75.6861 ns/op
WorkloadResult   2: 8388608 op, 635636400.00 ns, 75.7738 ns/op
WorkloadResult   3: 8388608 op, 640198800.00 ns, 76.3176 ns/op
WorkloadResult   4: 8388608 op, 640648700.00 ns, 76.3713 ns/op
WorkloadResult   5: 8388608 op, 643724800.00 ns, 76.7380 ns/op
WorkloadResult   6: 8388608 op, 639685800.00 ns, 76.2565 ns/op
WorkloadResult   7: 8388608 op, 642471900.00 ns, 76.5886 ns/op
WorkloadResult   8: 8388608 op, 640233000.00 ns, 76.3217 ns/op
WorkloadResult   9: 8388608 op, 633016500.00 ns, 75.4614 ns/op
WorkloadResult  10: 8388608 op, 640889900.00 ns, 76.4000 ns/op
WorkloadResult  11: 8388608 op, 632705400.00 ns, 75.4244 ns/op
WorkloadResult  12: 8388608 op, 630933200.00 ns, 75.2131 ns/op
WorkloadResult  13: 8388608 op, 626983300.00 ns, 74.7422 ns/op
WorkloadResult  14: 8388608 op, 635736200.00 ns, 75.7857 ns/op
WorkloadResult  15: 8388608 op, 636751800.00 ns, 75.9067 ns/op
WorkloadResult  16: 8388608 op, 635702900.00 ns, 75.7817 ns/op
WorkloadResult  17: 8388608 op, 642591300.00 ns, 76.6029 ns/op
WorkloadResult  18: 8388608 op, 636827600.00 ns, 75.9158 ns/op
WorkloadResult  19: 8388608 op, 638381000.00 ns, 76.1009 ns/op
WorkloadResult  20: 8388608 op, 639743600.00 ns, 76.2634 ns/op
WorkloadResult  21: 8388608 op, 641341000.00 ns, 76.4538 ns/op
WorkloadResult  22: 8388608 op, 641594300.00 ns, 76.4840 ns/op
WorkloadResult  23: 8388608 op, 641500800.00 ns, 76.4729 ns/op
WorkloadResult  24: 8388608 op, 628667400.00 ns, 74.9430 ns/op
WorkloadResult  25: 8388608 op, 639641000.00 ns, 76.2511 ns/op
WorkloadResult  26: 8388608 op, 634416000.00 ns, 75.6283 ns/op
WorkloadResult  27: 8388608 op, 634201200.00 ns, 75.6027 ns/op
WorkloadResult  28: 8388608 op, 631682900.00 ns, 75.3025 ns/op
WorkloadResult  29: 8388608 op, 650747500.00 ns, 77.5751 ns/op
WorkloadResult  30: 8388608 op, 647109100.00 ns, 77.1414 ns/op
WorkloadResult  31: 8388608 op, 639223800.00 ns, 76.2014 ns/op
WorkloadResult  32: 8388608 op, 628615000.00 ns, 74.9367 ns/op
WorkloadResult  33: 8388608 op, 637132500.00 ns, 75.9521 ns/op
WorkloadResult  34: 8388608 op, 638107100.00 ns, 76.0683 ns/op
WorkloadResult  35: 8388608 op, 633122700.00 ns, 75.4741 ns/op
WorkloadResult  36: 8388608 op, 628478400.00 ns, 74.9205 ns/op
WorkloadResult  37: 8388608 op, 636783000.00 ns, 75.9104 ns/op
WorkloadResult  38: 8388608 op, 632193500.00 ns, 75.3633 ns/op
WorkloadResult  39: 8388608 op, 635465900.00 ns, 75.7534 ns/op
WorkloadResult  40: 8388608 op, 630830500.00 ns, 75.2009 ns/op
WorkloadResult  41: 8388608 op, 633649200.00 ns, 75.5369 ns/op
WorkloadResult  42: 8388608 op, 642301400.00 ns, 76.5683 ns/op
WorkloadResult  43: 8388608 op, 634197600.00 ns, 75.6022 ns/op
WorkloadResult  44: 8388608 op, 627986100.00 ns, 74.8618 ns/op
WorkloadResult  45: 8388608 op, 631479900.00 ns, 75.2783 ns/op
WorkloadResult  46: 8388608 op, 630489200.00 ns, 75.1602 ns/op
WorkloadResult  47: 8388608 op, 630954200.00 ns, 75.2156 ns/op
WorkloadResult  48: 8388608 op, 627410900.00 ns, 74.7932 ns/op
WorkloadResult  49: 8388608 op, 635173600.00 ns, 75.7186 ns/op
WorkloadResult  50: 8388608 op, 624258800.00 ns, 74.4174 ns/op
WorkloadResult  51: 8388608 op, 627257200.00 ns, 74.7749 ns/op
WorkloadResult  52: 8388608 op, 627488200.00 ns, 74.8024 ns/op
WorkloadResult  53: 8388608 op, 635066900.00 ns, 75.7059 ns/op
WorkloadResult  54: 8388608 op, 634865100.00 ns, 75.6818 ns/op
WorkloadResult  55: 8388608 op, 634887200.00 ns, 75.6845 ns/op
WorkloadResult  56: 8388608 op, 631012900.00 ns, 75.2226 ns/op
WorkloadResult  57: 8388608 op, 634377900.00 ns, 75.6237 ns/op
WorkloadResult  58: 8388608 op, 627784500.00 ns, 74.8377 ns/op
WorkloadResult  59: 8388608 op, 622242500.00 ns, 74.1771 ns/op
WorkloadResult  60: 8388608 op, 629340300.00 ns, 75.0232 ns/op
WorkloadResult  61: 8388608 op, 630599900.00 ns, 75.1734 ns/op
WorkloadResult  62: 8388608 op, 630736000.00 ns, 75.1896 ns/op
WorkloadResult  63: 8388608 op, 636246300.00 ns, 75.8465 ns/op
WorkloadResult  64: 8388608 op, 636568400.00 ns, 75.8849 ns/op
WorkloadResult  65: 8388608 op, 638990200.00 ns, 76.1736 ns/op
WorkloadResult  66: 8388608 op, 635098200.00 ns, 75.7096 ns/op
WorkloadResult  67: 8388608 op, 634745100.00 ns, 75.6675 ns/op
WorkloadResult  68: 8388608 op, 629762000.00 ns, 75.0735 ns/op
WorkloadResult  69: 8388608 op, 630810500.00 ns, 75.1985 ns/op
WorkloadResult  70: 8388608 op, 627048000.00 ns, 74.7499 ns/op
WorkloadResult  71: 8388608 op, 626956600.00 ns, 74.7391 ns/op
WorkloadResult  72: 8388608 op, 629509200.00 ns, 75.0433 ns/op
WorkloadResult  73: 8388608 op, 629552700.00 ns, 75.0485 ns/op
WorkloadResult  74: 8388608 op, 641956900.00 ns, 76.5272 ns/op
WorkloadResult  75: 8388608 op, 633491800.00 ns, 75.5181 ns/op
WorkloadResult  76: 8388608 op, 641256400.00 ns, 76.4437 ns/op
WorkloadResult  77: 8388608 op, 641732400.00 ns, 76.5005 ns/op
WorkloadResult  78: 8388608 op, 630823400.00 ns, 75.2000 ns/op
WorkloadResult  79: 8388608 op, 629839600.00 ns, 75.0827 ns/op
WorkloadResult  80: 8388608 op, 637559800.00 ns, 76.0031 ns/op
WorkloadResult  81: 8388608 op, 639792000.00 ns, 76.2691 ns/op
WorkloadResult  82: 8388608 op, 641731100.00 ns, 76.5003 ns/op
WorkloadResult  83: 8388608 op, 643613100.00 ns, 76.7247 ns/op
WorkloadResult  84: 8388608 op, 642810100.00 ns, 76.6289 ns/op
WorkloadResult  85: 8388608 op, 641452000.00 ns, 76.4670 ns/op
WorkloadResult  86: 8388608 op, 628073200.00 ns, 74.8722 ns/op
WorkloadResult  87: 8388608 op, 632015500.00 ns, 75.3421 ns/op
WorkloadResult  88: 8388608 op, 629880900.00 ns, 75.0877 ns/op
WorkloadResult  89: 8388608 op, 631022700.00 ns, 75.2238 ns/op
WorkloadResult  90: 8388608 op, 631584800.00 ns, 75.2908 ns/op
WorkloadResult  91: 8388608 op, 631123500.00 ns, 75.2358 ns/op
WorkloadResult  92: 8388608 op, 629355200.00 ns, 75.0250 ns/op
WorkloadResult  93: 8388608 op, 635262300.00 ns, 75.7292 ns/op
WorkloadResult  94: 8388608 op, 631531200.00 ns, 75.2844 ns/op
WorkloadResult  95: 8388608 op, 640264000.00 ns, 76.3254 ns/op
WorkloadResult  96: 8388608 op, 641086400.00 ns, 76.4235 ns/op
WorkloadResult  97: 8388608 op, 625747400.00 ns, 74.5949 ns/op
WorkloadResult  98: 8388608 op, 628210800.00 ns, 74.8886 ns/op
WorkloadResult  99: 8388608 op, 637099600.00 ns, 75.9482 ns/op
WorkloadResult  100: 8388608 op, 640209000.00 ns, 76.3189 ns/op
// GC:  24 0 0 1207960624 8388608
// Threading:  0 0 8388608

// AfterAll
// Benchmark Process 14052 has exited with code 0.

Mean = 75.669 ns, StdErr = 0.066 ns (0.09%), N = 100, StdDev = 0.659 ns
Min = 74.177 ns, Q1 = 75.186 ns, Median = 75.675 ns, Q3 = 76.258 ns, Max = 77.575 ns
IQR = 1.073 ns, LowerFence = 73.577 ns, UpperFence = 77.867 ns
ConfidenceInterval = [75.446 ns; 75.893 ns] (CI 99.9%), Margin = 0.224 ns (0.30% of Mean)
Skewness = 0.22, Kurtosis = 2.45, MValue = 2

// ** Remained 13 (92.9 %) benchmark(s) to run. Estimated finish 2026-08-06 18:13 (0h 17m from now) **
Setup power plan (GUID: 8c5e7fda-e8bf-4a96-9a85-a6e23a8c635c FriendlyName: Alto rendimiento)
// **************************
// Benchmark: A_SerializationBenchmarks.EricksonLopezOutbox_Serialize_BufferWriter: Job-WHNGNK(IterationCount=100, WarmupCount=20)
// *** Execute ***
// Launch: 1 / 1
// Execute: dotnet fa58206c-31f2-44e5-b9bd-6b8a39772c60.dll --anonymousPipes 1560 3856 --benchmarkName EricksonLopez.Outbox.Benchmarks.A_SerializationBenchmarks.EricksonLopezOutbox_Serialize_BufferWriter --job "IterationCount=100, WarmupCount=20" --benchmarkId 1 in D:\DevData\ericksonlopez.dev\dotnet-outbox\benchmarks\EricksonLopez.Outbox.Benchmarks\bin\Release\net10.0\fa58206c-31f2-44e5-b9bd-6b8a39772c60\bin\Release\net10.0
// BeforeAnythingElse

// Benchmark Process Environment Information:
// BenchmarkDotNet v0.13.12
// Runtime=.NET 10.0.10 (10.0.1026.32716), X64 RyuJIT AVX-512F+CD+BW+DQ+VL+VBMI
// GC=Concurrent Workstation
// HardwareIntrinsics=AVX-512F+CD+BW+DQ+VL+VBMI,AES,BMI1,BMI2,FMA,LZCNT,PCLMUL,POPCNT,AvxVnni VectorSize=256
// Job: Job-VAKGVA(IterationCount=100, WarmupCount=20)

OverheadJitting  1: 1 op, 173400.00 ns, 173.4000 us/op
WorkloadJitting  1: 1 op, 11922100.00 ns, 11.9221 ms/op

OverheadJitting  2: 16 op, 155000.00 ns, 9.6875 us/op
WorkloadJitting  2: 16 op, 217000.00 ns, 13.5625 us/op

WorkloadPilot    1: 16 op, 14500.00 ns, 906.2500 ns/op
WorkloadPilot    2: 32 op, 20700.00 ns, 646.8750 ns/op
WorkloadPilot    3: 64 op, 24400.00 ns, 381.2500 ns/op
WorkloadPilot    4: 128 op, 29500.00 ns, 230.4688 ns/op
WorkloadPilot    5: 256 op, 52400.00 ns, 204.6875 ns/op
WorkloadPilot    6: 512 op, 105300.00 ns, 205.6641 ns/op
WorkloadPilot    7: 1024 op, 199200.00 ns, 194.5312 ns/op
WorkloadPilot    8: 2048 op, 396100.00 ns, 193.4082 ns/op
WorkloadPilot    9: 4096 op, 780300.00 ns, 190.5029 ns/op
WorkloadPilot   10: 8192 op, 1571800.00 ns, 191.8701 ns/op
WorkloadPilot   11: 16384 op, 3147700.00 ns, 192.1204 ns/op
WorkloadPilot   12: 32768 op, 6240100.00 ns, 190.4327 ns/op
WorkloadPilot   13: 65536 op, 12471500.00 ns, 190.3000 ns/op
WorkloadPilot   14: 131072 op, 24884400.00 ns, 189.8529 ns/op
WorkloadPilot   15: 262144 op, 50040100.00 ns, 190.8878 ns/op
WorkloadPilot   16: 524288 op, 100620700.00 ns, 191.9188 ns/op
WorkloadPilot   17: 1048576 op, 116129700.00 ns, 110.7499 ns/op
WorkloadPilot   18: 2097152 op, 158118800.00 ns, 75.3969 ns/op
WorkloadPilot   19: 4194304 op, 300158200.00 ns, 71.5633 ns/op
WorkloadPilot   20: 8388608 op, 597674000.00 ns, 71.2483 ns/op

OverheadWarmup   1: 8388608 op, 11427900.00 ns, 1.3623 ns/op
OverheadWarmup   2: 8388608 op, 11432300.00 ns, 1.3628 ns/op
OverheadWarmup   3: 8388608 op, 11452800.00 ns, 1.3653 ns/op
OverheadWarmup   4: 8388608 op, 11440100.00 ns, 1.3638 ns/op
OverheadWarmup   5: 8388608 op, 11580500.00 ns, 1.3805 ns/op
OverheadWarmup   6: 8388608 op, 11767500.00 ns, 1.4028 ns/op
OverheadWarmup   7: 8388608 op, 11682700.00 ns, 1.3927 ns/op

OverheadActual   1: 8388608 op, 11609600.00 ns, 1.3840 ns/op
OverheadActual   2: 8388608 op, 11609500.00 ns, 1.3840 ns/op
OverheadActual   3: 8388608 op, 11524500.00 ns, 1.3738 ns/op
OverheadActual   4: 8388608 op, 11628500.00 ns, 1.3862 ns/op
OverheadActual   5: 8388608 op, 11663500.00 ns, 1.3904 ns/op
OverheadActual   6: 8388608 op, 11478400.00 ns, 1.3683 ns/op
OverheadActual   7: 8388608 op, 11441000.00 ns, 1.3639 ns/op
OverheadActual   8: 8388608 op, 11449800.00 ns, 1.3649 ns/op
OverheadActual   9: 8388608 op, 11465300.00 ns, 1.3668 ns/op
OverheadActual  10: 8388608 op, 11435000.00 ns, 1.3632 ns/op
OverheadActual  11: 8388608 op, 11462300.00 ns, 1.3664 ns/op
OverheadActual  12: 8388608 op, 11602200.00 ns, 1.3831 ns/op
OverheadActual  13: 8388608 op, 11664300.00 ns, 1.3905 ns/op
OverheadActual  14: 8388608 op, 11510700.00 ns, 1.3722 ns/op
OverheadActual  15: 8388608 op, 11949000.00 ns, 1.4244 ns/op

WorkloadWarmup   1: 8388608 op, 614046700.00 ns, 73.2001 ns/op
WorkloadWarmup   2: 8388608 op, 601798100.00 ns, 71.7399 ns/op
WorkloadWarmup   3: 8388608 op, 600338500.00 ns, 71.5659 ns/op
WorkloadWarmup   4: 8388608 op, 602416700.00 ns, 71.8137 ns/op
WorkloadWarmup   5: 8388608 op, 603205200.00 ns, 71.9077 ns/op
WorkloadWarmup   6: 8388608 op, 603139600.00 ns, 71.8998 ns/op
WorkloadWarmup   7: 8388608 op, 614135600.00 ns, 73.2107 ns/op
WorkloadWarmup   8: 8388608 op, 601007300.00 ns, 71.6457 ns/op
WorkloadWarmup   9: 8388608 op, 610592600.00 ns, 72.7883 ns/op
WorkloadWarmup  10: 8388608 op, 607705200.00 ns, 72.4441 ns/op
WorkloadWarmup  11: 8388608 op, 610562300.00 ns, 72.7847 ns/op
WorkloadWarmup  12: 8388608 op, 610354600.00 ns, 72.7599 ns/op
WorkloadWarmup  13: 8388608 op, 610913300.00 ns, 72.8265 ns/op
WorkloadWarmup  14: 8388608 op, 609123700.00 ns, 72.6132 ns/op
WorkloadWarmup  15: 8388608 op, 611845300.00 ns, 72.9376 ns/op
WorkloadWarmup  16: 8388608 op, 610846700.00 ns, 72.8186 ns/op
WorkloadWarmup  17: 8388608 op, 609050600.00 ns, 72.6045 ns/op
WorkloadWarmup  18: 8388608 op, 611149400.00 ns, 72.8547 ns/op
WorkloadWarmup  19: 8388608 op, 612808800.00 ns, 73.0525 ns/op
WorkloadWarmup  20: 8388608 op, 613605600.00 ns, 73.1475 ns/op

// BeforeActualRun
WorkloadActual   1: 8388608 op, 600937700.00 ns, 71.6374 ns/op
WorkloadActual   2: 8388608 op, 596525900.00 ns, 71.1114 ns/op
WorkloadActual   3: 8388608 op, 597504200.00 ns, 71.2281 ns/op
WorkloadActual   4: 8388608 op, 603196200.00 ns, 71.9066 ns/op
WorkloadActual   5: 8388608 op, 600967500.00 ns, 71.6409 ns/op
WorkloadActual   6: 8388608 op, 603657800.00 ns, 71.9616 ns/op
WorkloadActual   7: 8388608 op, 597328700.00 ns, 71.2071 ns/op
WorkloadActual   8: 8388608 op, 607010000.00 ns, 72.3612 ns/op
WorkloadActual   9: 8388608 op, 604433900.00 ns, 72.0541 ns/op
WorkloadActual  10: 8388608 op, 598954000.00 ns, 71.4009 ns/op
WorkloadActual  11: 8388608 op, 603489000.00 ns, 71.9415 ns/op
WorkloadActual  12: 8388608 op, 599971100.00 ns, 71.5221 ns/op
WorkloadActual  13: 8388608 op, 600715500.00 ns, 71.6109 ns/op
WorkloadActual  14: 8388608 op, 607124800.00 ns, 72.3749 ns/op
WorkloadActual  15: 8388608 op, 603639000.00 ns, 71.9594 ns/op
WorkloadActual  16: 8388608 op, 608740100.00 ns, 72.5675 ns/op
WorkloadActual  17: 8388608 op, 607916000.00 ns, 72.4692 ns/op
WorkloadActual  18: 8388608 op, 609108200.00 ns, 72.6114 ns/op
WorkloadActual  19: 8388608 op, 606688400.00 ns, 72.3229 ns/op
WorkloadActual  20: 8388608 op, 603219100.00 ns, 71.9093 ns/op
WorkloadActual  21: 8388608 op, 607107100.00 ns, 72.3728 ns/op
WorkloadActual  22: 8388608 op, 607471100.00 ns, 72.4162 ns/op
WorkloadActual  23: 8388608 op, 608245100.00 ns, 72.5085 ns/op
WorkloadActual  24: 8388608 op, 606820900.00 ns, 72.3387 ns/op
WorkloadActual  25: 8388608 op, 606758600.00 ns, 72.3313 ns/op
WorkloadActual  26: 8388608 op, 607056500.00 ns, 72.3668 ns/op
WorkloadActual  27: 8388608 op, 608698800.00 ns, 72.5626 ns/op
WorkloadActual  28: 8388608 op, 602910900.00 ns, 71.8726 ns/op
WorkloadActual  29: 8388608 op, 606024800.00 ns, 72.2438 ns/op
WorkloadActual  30: 8388608 op, 604092500.00 ns, 72.0134 ns/op
WorkloadActual  31: 8388608 op, 611914000.00 ns, 72.9458 ns/op
WorkloadActual  32: 8388608 op, 610139800.00 ns, 72.7343 ns/op
WorkloadActual  33: 8388608 op, 604617600.00 ns, 72.0760 ns/op
WorkloadActual  34: 8388608 op, 610011400.00 ns, 72.7190 ns/op
WorkloadActual  35: 8388608 op, 602982500.00 ns, 71.8811 ns/op
WorkloadActual  36: 8388608 op, 609520900.00 ns, 72.6606 ns/op
WorkloadActual  37: 8388608 op, 607078800.00 ns, 72.3694 ns/op
WorkloadActual  38: 8388608 op, 607042100.00 ns, 72.3651 ns/op
WorkloadActual  39: 8388608 op, 608778100.00 ns, 72.5720 ns/op
WorkloadActual  40: 8388608 op, 612940900.00 ns, 73.0682 ns/op
WorkloadActual  41: 8388608 op, 606352000.00 ns, 72.2828 ns/op
WorkloadActual  42: 8388608 op, 606326700.00 ns, 72.2798 ns/op
WorkloadActual  43: 8388608 op, 604716500.00 ns, 72.0878 ns/op
WorkloadActual  44: 8388608 op, 611871400.00 ns, 72.9408 ns/op
WorkloadActual  45: 8388608 op, 606187100.00 ns, 72.2631 ns/op
WorkloadActual  46: 8388608 op, 608086100.00 ns, 72.4895 ns/op
WorkloadActual  47: 8388608 op, 608363600.00 ns, 72.5226 ns/op
WorkloadActual  48: 8388608 op, 607851800.00 ns, 72.4616 ns/op
WorkloadActual  49: 8388608 op, 610896300.00 ns, 72.8245 ns/op
WorkloadActual  50: 8388608 op, 607156900.00 ns, 72.3787 ns/op
WorkloadActual  51: 8388608 op, 611734600.00 ns, 72.9244 ns/op
WorkloadActual  52: 8388608 op, 606314200.00 ns, 72.2783 ns/op
WorkloadActual  53: 8388608 op, 609622800.00 ns, 72.6727 ns/op
WorkloadActual  54: 8388608 op, 610398400.00 ns, 72.7652 ns/op
WorkloadActual  55: 8388608 op, 607958300.00 ns, 72.4743 ns/op
WorkloadActual  56: 8388608 op, 605877300.00 ns, 72.2262 ns/op
WorkloadActual  57: 8388608 op, 612603100.00 ns, 73.0280 ns/op
WorkloadActual  58: 8388608 op, 607311700.00 ns, 72.3972 ns/op
WorkloadActual  59: 8388608 op, 609463300.00 ns, 72.6537 ns/op
WorkloadActual  60: 8388608 op, 611888300.00 ns, 72.9428 ns/op
WorkloadActual  61: 8388608 op, 609468800.00 ns, 72.6543 ns/op
WorkloadActual  62: 8388608 op, 608681400.00 ns, 72.5605 ns/op
WorkloadActual  63: 8388608 op, 604726500.00 ns, 72.0890 ns/op
WorkloadActual  64: 8388608 op, 607098500.00 ns, 72.3718 ns/op
WorkloadActual  65: 8388608 op, 601936900.00 ns, 71.7565 ns/op
WorkloadActual  66: 8388608 op, 609351000.00 ns, 72.6403 ns/op
WorkloadActual  67: 8388608 op, 607886400.00 ns, 72.4657 ns/op
WorkloadActual  68: 8388608 op, 607601600.00 ns, 72.4318 ns/op
WorkloadActual  69: 8388608 op, 602797200.00 ns, 71.8590 ns/op
WorkloadActual  70: 8388608 op, 606933000.00 ns, 72.3521 ns/op
WorkloadActual  71: 8388608 op, 608782000.00 ns, 72.5725 ns/op
WorkloadActual  72: 8388608 op, 608034400.00 ns, 72.4833 ns/op
WorkloadActual  73: 8388608 op, 605269800.00 ns, 72.1538 ns/op
WorkloadActual  74: 8388608 op, 608062100.00 ns, 72.4867 ns/op
WorkloadActual  75: 8388608 op, 602684600.00 ns, 71.8456 ns/op
WorkloadActual  76: 8388608 op, 608141700.00 ns, 72.4961 ns/op
WorkloadActual  77: 8388608 op, 598998900.00 ns, 71.4062 ns/op
WorkloadActual  78: 8388608 op, 605899800.00 ns, 72.2289 ns/op
WorkloadActual  79: 8388608 op, 597062600.00 ns, 71.1754 ns/op
WorkloadActual  80: 8388608 op, 601262600.00 ns, 71.6761 ns/op
WorkloadActual  81: 8388608 op, 604409800.00 ns, 72.0513 ns/op
WorkloadActual  82: 8388608 op, 607762300.00 ns, 72.4509 ns/op
WorkloadActual  83: 8388608 op, 608907200.00 ns, 72.5874 ns/op
WorkloadActual  84: 8388608 op, 606288000.00 ns, 72.2752 ns/op
WorkloadActual  85: 8388608 op, 605504900.00 ns, 72.1818 ns/op
WorkloadActual  86: 8388608 op, 604039000.00 ns, 72.0071 ns/op
WorkloadActual  87: 8388608 op, 602909600.00 ns, 71.8724 ns/op
WorkloadActual  88: 8388608 op, 601629700.00 ns, 71.7198 ns/op
WorkloadActual  89: 8388608 op, 600507900.00 ns, 71.5861 ns/op
WorkloadActual  90: 8388608 op, 615168300.00 ns, 73.3338 ns/op
WorkloadActual  91: 8388608 op, 603999000.00 ns, 72.0023 ns/op
WorkloadActual  92: 8388608 op, 611951100.00 ns, 72.9503 ns/op
WorkloadActual  93: 8388608 op, 607179500.00 ns, 72.3814 ns/op
WorkloadActual  94: 8388608 op, 613764600.00 ns, 73.1664 ns/op
WorkloadActual  95: 8388608 op, 615551300.00 ns, 73.3794 ns/op
WorkloadActual  96: 8388608 op, 612764500.00 ns, 73.0472 ns/op
WorkloadActual  97: 8388608 op, 607564500.00 ns, 72.4273 ns/op
WorkloadActual  98: 8388608 op, 610348300.00 ns, 72.7592 ns/op
WorkloadActual  99: 8388608 op, 601890000.00 ns, 71.7509 ns/op
WorkloadActual  100: 8388608 op, 599128900.00 ns, 71.4217 ns/op

// AfterActualRun
WorkloadResult   1: 8388608 op, 589413200.00 ns, 70.2635 ns/op
WorkloadResult   2: 8388608 op, 585001400.00 ns, 69.7376 ns/op
WorkloadResult   3: 8388608 op, 585979700.00 ns, 69.8542 ns/op
WorkloadResult   4: 8388608 op, 591671700.00 ns, 70.5328 ns/op
WorkloadResult   5: 8388608 op, 589443000.00 ns, 70.2671 ns/op
WorkloadResult   6: 8388608 op, 592133300.00 ns, 70.5878 ns/op
WorkloadResult   7: 8388608 op, 585804200.00 ns, 69.8333 ns/op
WorkloadResult   8: 8388608 op, 595485500.00 ns, 70.9874 ns/op
WorkloadResult   9: 8388608 op, 592909400.00 ns, 70.6803 ns/op
WorkloadResult  10: 8388608 op, 587429500.00 ns, 70.0271 ns/op
WorkloadResult  11: 8388608 op, 591964500.00 ns, 70.5677 ns/op
WorkloadResult  12: 8388608 op, 588446600.00 ns, 70.1483 ns/op
WorkloadResult  13: 8388608 op, 589191000.00 ns, 70.2370 ns/op
WorkloadResult  14: 8388608 op, 595600300.00 ns, 71.0011 ns/op
WorkloadResult  15: 8388608 op, 592114500.00 ns, 70.5855 ns/op
WorkloadResult  16: 8388608 op, 597215600.00 ns, 71.1936 ns/op
WorkloadResult  17: 8388608 op, 596391500.00 ns, 71.0954 ns/op
WorkloadResult  18: 8388608 op, 597583700.00 ns, 71.2375 ns/op
WorkloadResult  19: 8388608 op, 595163900.00 ns, 70.9491 ns/op
WorkloadResult  20: 8388608 op, 591694600.00 ns, 70.5355 ns/op
WorkloadResult  21: 8388608 op, 595582600.00 ns, 70.9990 ns/op
WorkloadResult  22: 8388608 op, 595946600.00 ns, 71.0424 ns/op
WorkloadResult  23: 8388608 op, 596720600.00 ns, 71.1346 ns/op
WorkloadResult  24: 8388608 op, 595296400.00 ns, 70.9649 ns/op
WorkloadResult  25: 8388608 op, 595234100.00 ns, 70.9574 ns/op
WorkloadResult  26: 8388608 op, 595532000.00 ns, 70.9929 ns/op
WorkloadResult  27: 8388608 op, 597174300.00 ns, 71.1887 ns/op
WorkloadResult  28: 8388608 op, 591386400.00 ns, 70.4988 ns/op
WorkloadResult  29: 8388608 op, 594500300.00 ns, 70.8700 ns/op
WorkloadResult  30: 8388608 op, 592568000.00 ns, 70.6396 ns/op
WorkloadResult  31: 8388608 op, 600389500.00 ns, 71.5720 ns/op
WorkloadResult  32: 8388608 op, 598615300.00 ns, 71.3605 ns/op
WorkloadResult  33: 8388608 op, 593093100.00 ns, 70.7022 ns/op
WorkloadResult  34: 8388608 op, 598486900.00 ns, 71.3452 ns/op
WorkloadResult  35: 8388608 op, 591458000.00 ns, 70.5073 ns/op
WorkloadResult  36: 8388608 op, 597996400.00 ns, 71.2867 ns/op
WorkloadResult  37: 8388608 op, 595554300.00 ns, 70.9956 ns/op
WorkloadResult  38: 8388608 op, 595517600.00 ns, 70.9912 ns/op
WorkloadResult  39: 8388608 op, 597253600.00 ns, 71.1982 ns/op
WorkloadResult  40: 8388608 op, 601416400.00 ns, 71.6944 ns/op
WorkloadResult  41: 8388608 op, 594827500.00 ns, 70.9090 ns/op
WorkloadResult  42: 8388608 op, 594802200.00 ns, 70.9059 ns/op
WorkloadResult  43: 8388608 op, 593192000.00 ns, 70.7140 ns/op
WorkloadResult  44: 8388608 op, 600346900.00 ns, 71.5669 ns/op
WorkloadResult  45: 8388608 op, 594662600.00 ns, 70.8893 ns/op
WorkloadResult  46: 8388608 op, 596561600.00 ns, 71.1157 ns/op
WorkloadResult  47: 8388608 op, 596839100.00 ns, 71.1488 ns/op
WorkloadResult  48: 8388608 op, 596327300.00 ns, 71.0878 ns/op
WorkloadResult  49: 8388608 op, 599371800.00 ns, 71.4507 ns/op
WorkloadResult  50: 8388608 op, 595632400.00 ns, 71.0049 ns/op
WorkloadResult  51: 8388608 op, 600210100.00 ns, 71.5506 ns/op
WorkloadResult  52: 8388608 op, 594789700.00 ns, 70.9045 ns/op
WorkloadResult  53: 8388608 op, 598098300.00 ns, 71.2989 ns/op
WorkloadResult  54: 8388608 op, 598873900.00 ns, 71.3913 ns/op
WorkloadResult  55: 8388608 op, 596433800.00 ns, 71.1004 ns/op
WorkloadResult  56: 8388608 op, 594352800.00 ns, 70.8524 ns/op
WorkloadResult  57: 8388608 op, 601078600.00 ns, 71.6542 ns/op
WorkloadResult  58: 8388608 op, 595787200.00 ns, 71.0234 ns/op
WorkloadResult  59: 8388608 op, 597938800.00 ns, 71.2799 ns/op
WorkloadResult  60: 8388608 op, 600363800.00 ns, 71.5689 ns/op
WorkloadResult  61: 8388608 op, 597944300.00 ns, 71.2805 ns/op
WorkloadResult  62: 8388608 op, 597156900.00 ns, 71.1866 ns/op
WorkloadResult  63: 8388608 op, 593202000.00 ns, 70.7152 ns/op
WorkloadResult  64: 8388608 op, 595574000.00 ns, 70.9980 ns/op
WorkloadResult  65: 8388608 op, 590412400.00 ns, 70.3826 ns/op
WorkloadResult  66: 8388608 op, 597826500.00 ns, 71.2665 ns/op
WorkloadResult  67: 8388608 op, 596361900.00 ns, 71.0919 ns/op
WorkloadResult  68: 8388608 op, 596077100.00 ns, 71.0579 ns/op
WorkloadResult  69: 8388608 op, 591272700.00 ns, 70.4852 ns/op
WorkloadResult  70: 8388608 op, 595408500.00 ns, 70.9782 ns/op
WorkloadResult  71: 8388608 op, 597257500.00 ns, 71.1986 ns/op
WorkloadResult  72: 8388608 op, 596509900.00 ns, 71.1095 ns/op
WorkloadResult  73: 8388608 op, 593745300.00 ns, 70.7800 ns/op
WorkloadResult  74: 8388608 op, 596537600.00 ns, 71.1128 ns/op
WorkloadResult  75: 8388608 op, 591160100.00 ns, 70.4718 ns/op
WorkloadResult  76: 8388608 op, 596617200.00 ns, 71.1223 ns/op
WorkloadResult  77: 8388608 op, 587474400.00 ns, 70.0324 ns/op
WorkloadResult  78: 8388608 op, 594375300.00 ns, 70.8551 ns/op
WorkloadResult  79: 8388608 op, 585538100.00 ns, 69.8016 ns/op
WorkloadResult  80: 8388608 op, 589738100.00 ns, 70.3023 ns/op
WorkloadResult  81: 8388608 op, 592885300.00 ns, 70.6774 ns/op
WorkloadResult  82: 8388608 op, 596237800.00 ns, 71.0771 ns/op
WorkloadResult  83: 8388608 op, 597382700.00 ns, 71.2136 ns/op
WorkloadResult  84: 8388608 op, 594763500.00 ns, 70.9013 ns/op
WorkloadResult  85: 8388608 op, 593980400.00 ns, 70.8080 ns/op
WorkloadResult  86: 8388608 op, 592514500.00 ns, 70.6332 ns/op
WorkloadResult  87: 8388608 op, 591385100.00 ns, 70.4986 ns/op
WorkloadResult  88: 8388608 op, 590105200.00 ns, 70.3460 ns/op
WorkloadResult  89: 8388608 op, 588983400.00 ns, 70.2123 ns/op
WorkloadResult  90: 8388608 op, 603643800.00 ns, 71.9599 ns/op
WorkloadResult  91: 8388608 op, 592474500.00 ns, 70.6285 ns/op
WorkloadResult  92: 8388608 op, 600426600.00 ns, 71.5764 ns/op
WorkloadResult  93: 8388608 op, 595655000.00 ns, 71.0076 ns/op
WorkloadResult  94: 8388608 op, 602240100.00 ns, 71.7926 ns/op
WorkloadResult  95: 8388608 op, 604026800.00 ns, 72.0056 ns/op
WorkloadResult  96: 8388608 op, 601240000.00 ns, 71.6734 ns/op
WorkloadResult  97: 8388608 op, 596040000.00 ns, 71.0535 ns/op
WorkloadResult  98: 8388608 op, 598823800.00 ns, 71.3854 ns/op
WorkloadResult  99: 8388608 op, 590365500.00 ns, 70.3771 ns/op
WorkloadResult  100: 8388608 op, 587604400.00 ns, 70.0479 ns/op
// GC:  5 0 0 268436192 8388608
// Threading:  0 0 8388608

// AfterAll
// Benchmark Process 26460 has exited with code 0.

Mean = 70.908 ns, StdErr = 0.048 ns (0.07%), N = 100, StdDev = 0.480 ns
Min = 69.738 ns, Q1 = 70.587 ns, Median = 70.992 ns, Q3 = 71.195 ns, Max = 72.006 ns
IQR = 0.608 ns, LowerFence = 69.676 ns, UpperFence = 72.106 ns
ConfidenceInterval = [70.745 ns; 71.070 ns] (CI 99.9%), Margin = 0.163 ns (0.23% of Mean)
Skewness = -0.3, Kurtosis = 2.86, MValue = 2

// ** Remained 12 (85.7 %) benchmark(s) to run. Estimated finish 2026-08-06 18:12 (0h 15m from now) **
Successfully reverted power plan (GUID: 8c5e7fda-e8bf-4a96-9a85-a6e23a8c635c FriendlyName: Alto rendimiento)
// ***** BenchmarkRunner: Finish  *****

// * Export *
  benchmarks\results\results\EricksonLopez.Outbox.Benchmarks.A_SerializationBenchmarks-report.csv
  benchmarks\results\results\EricksonLopez.Outbox.Benchmarks.A_SerializationBenchmarks-report-github.md
  benchmarks\results\results\EricksonLopez.Outbox.Benchmarks.A_SerializationBenchmarks-report.html
  benchmarks\results\results\EricksonLopez.Outbox.Benchmarks.A_SerializationBenchmarks-report-full-compressed.json
  benchmarks\results\results\EricksonLopez.Outbox.Benchmarks.A_SerializationBenchmarks-report-default.md

// * Detailed results *
A_SerializationBenchmarks.EricksonLopezOutbox_Serialize_Allocating: Job-WHNGNK(IterationCount=100, WarmupCount=20)
Runtime = .NET 10.0.10 (10.0.1026.32716), X64 RyuJIT AVX-512F+CD+BW+DQ+VL+VBMI; GC = Concurrent Workstation
Mean = 75.669 ns, StdErr = 0.066 ns (0.09%), N = 100, StdDev = 0.659 ns
Min = 74.177 ns, Q1 = 75.186 ns, Median = 75.675 ns, Q3 = 76.258 ns, Max = 77.575 ns
IQR = 1.073 ns, LowerFence = 73.577 ns, UpperFence = 77.867 ns
ConfidenceInterval = [75.446 ns; 75.893 ns] (CI 99.9%), Margin = 0.224 ns (0.30% of Mean)
Skewness = 0.22, Kurtosis = 2.45, MValue = 2
-------------------- Histogram --------------------
[73.991 ns ; 75.945 ns) | @@@@@@@@@@@@@@@@@@@@@@@@@@@@@@@@@@@@@@@@@@@@@@@@@@@@@@@@@@@@@@@@@@
[75.945 ns ; 77.762 ns) | @@@@@@@@@@@@@@@@@@@@@@@@@@@@@@@@@@
---------------------------------------------------

A_SerializationBenchmarks.EricksonLopezOutbox_Serialize_BufferWriter: Job-WHNGNK(IterationCount=100, WarmupCount=20)
Runtime = .NET 10.0.10 (10.0.1026.32716), X64 RyuJIT AVX-512F+CD+BW+DQ+VL+VBMI; GC = Concurrent Workstation
Mean = 70.908 ns, StdErr = 0.048 ns (0.07%), N = 100, StdDev = 0.480 ns
Min = 69.738 ns, Q1 = 70.587 ns, Median = 70.992 ns, Q3 = 71.195 ns, Max = 72.006 ns
IQR = 0.608 ns, LowerFence = 69.676 ns, UpperFence = 72.106 ns
ConfidenceInterval = [70.745 ns; 71.070 ns] (CI 99.9%), Margin = 0.163 ns (0.23% of Mean)
Skewness = -0.3, Kurtosis = 2.86, MValue = 2
-------------------- Histogram --------------------
[69.602 ns ; 72.141 ns) | @@@@@@@@@@@@@@@@@@@@@@@@@@@@@@@@@@@@@@@@@@@@@@@@@@@@@@@@@@@@@@@@@@@@@@@@@@@@@@@@@@@@@@@@@@@@@@@@@@@@
---------------------------------------------------

// * Summary *

BenchmarkDotNet v0.13.12, Windows 11 (10.0.26200.8875)
Unknown processor
.NET SDK 10.0.302
  [Host]     : .NET 10.0.10 (10.0.1026.32716), X64 RyuJIT AVX-512F+CD+BW+DQ+VL+VBMI
  Job-WHNGNK : .NET 10.0.10 (10.0.1026.32716), X64 RyuJIT AVX-512F+CD+BW+DQ+VL+VBMI

IterationCount=100  WarmupCount=20  

| Method                                     | Mean     | Min      | Max      | Ratio | Gen0   | Allocated | Alloc Ratio |
|------------------------------------------- |---------:|---------:|---------:|------:|-------:|----------:|------------:|
| EricksonLopezOutbox_Serialize_Allocating   | 75.67 ns | 74.18 ns | 77.58 ns |  1.00 | 0.0029 |     144 B |        1.00 |
| EricksonLopezOutbox_Serialize_BufferWriter | 70.91 ns | 69.74 ns | 72.01 ns |  0.94 | 0.0006 |      32 B |        0.22 |

// * Hints *
HideColumnsAnalyser
  Summary -> Hidden columns: Error, StdDev

// * Legends *
  Mean        : Arithmetic mean of all measurements
  Min         : Minimum
  Max         : Maximum
  Ratio       : Mean of the ratio distribution ([Current]/[Baseline])
  Gen0        : GC Generation 0 collects per 1000 operations
  Allocated   : Allocated memory per single operation (managed only, inclusive, 1KB = 1024B)
  Alloc Ratio : Allocated memory ratio distribution ([Current]/[Baseline])
  1 ns        : 1 Nanosecond (0.000000001 sec)

// * Diagnostic Output - MemoryDiagnoser *


// ***** BenchmarkRunner: End *****
Run time: 00:02:37 (157.22 sec), executed benchmarks: 2

// Found 2 benchmarks:
//   B_MessageConstructionBenchmarks.EricksonLopezOutbox_CreateOutboxMessage: Job-HIGIWD(IterationCount=200, WarmupCount=20)
//   B_MessageConstructionBenchmarks.EricksonLopezOutbox_CreateMessageMetadata: Job-HIGIWD(IterationCount=200, WarmupCount=20)

Setup power plan (GUID: 8c5e7fda-e8bf-4a96-9a85-a6e23a8c635c FriendlyName: Alto rendimiento)
// **************************
// Benchmark: B_MessageConstructionBenchmarks.EricksonLopezOutbox_CreateOutboxMessage: Job-HIGIWD(IterationCount=200, WarmupCount=20)
// *** Execute ***
// Launch: 1 / 1
// Execute: dotnet fa58206c-31f2-44e5-b9bd-6b8a39772c60.dll --anonymousPipes 3292 3296 --benchmarkName EricksonLopez.Outbox.Benchmarks.B_MessageConstructionBenchmarks.EricksonLopezOutbox_CreateOutboxMessage --job "IterationCount=200, WarmupCount=20" --benchmarkId 2 in D:\DevData\ericksonlopez.dev\dotnet-outbox\benchmarks\EricksonLopez.Outbox.Benchmarks\bin\Release\net10.0\fa58206c-31f2-44e5-b9bd-6b8a39772c60\bin\Release\net10.0
// BeforeAnythingElse

// Benchmark Process Environment Information:
// BenchmarkDotNet v0.13.12
// Runtime=.NET 10.0.10 (10.0.1026.32716), X64 RyuJIT AVX-512F+CD+BW+DQ+VL+VBMI
// GC=Concurrent Workstation
// HardwareIntrinsics=AVX-512F+CD+BW+DQ+VL+VBMI,AES,BMI1,BMI2,FMA,LZCNT,PCLMUL,POPCNT,AvxVnni VectorSize=256
// Job: Job-WZPFXE(IterationCount=200, WarmupCount=20)

OverheadJitting  1: 1 op, 235600.00 ns, 235.6000 us/op
WorkloadJitting  1: 1 op, 622500.00 ns, 622.5000 us/op

OverheadJitting  2: 16 op, 340800.00 ns, 21.3000 us/op
WorkloadJitting  2: 16 op, 354700.00 ns, 22.1687 us/op

WorkloadPilot    1: 16 op, 4800.00 ns, 300.0000 ns/op
WorkloadPilot    2: 32 op, 11700.00 ns, 365.6250 ns/op
WorkloadPilot    3: 64 op, 17700.00 ns, 276.5625 ns/op
WorkloadPilot    4: 128 op, 25700.00 ns, 200.7812 ns/op
WorkloadPilot    5: 256 op, 40800.00 ns, 159.3750 ns/op
WorkloadPilot    6: 512 op, 67700.00 ns, 132.2266 ns/op
WorkloadPilot    7: 1024 op, 131300.00 ns, 128.2227 ns/op
WorkloadPilot    8: 2048 op, 213500.00 ns, 104.2480 ns/op
WorkloadPilot    9: 4096 op, 453500.00 ns, 110.7178 ns/op
WorkloadPilot   10: 8192 op, 909400.00 ns, 111.0107 ns/op
WorkloadPilot   11: 16384 op, 1855900.00 ns, 113.2751 ns/op
WorkloadPilot   12: 32768 op, 3903700.00 ns, 119.1315 ns/op
WorkloadPilot   13: 65536 op, 7561100.00 ns, 115.3732 ns/op
WorkloadPilot   14: 131072 op, 14467200.00 ns, 110.3760 ns/op
WorkloadPilot   15: 262144 op, 27002900.00 ns, 103.0079 ns/op
WorkloadPilot   16: 524288 op, 44097700.00 ns, 84.1097 ns/op
WorkloadPilot   17: 1048576 op, 80355600.00 ns, 76.6331 ns/op
WorkloadPilot   18: 2097152 op, 149878900.00 ns, 71.4678 ns/op
WorkloadPilot   19: 4194304 op, 300990300.00 ns, 71.7617 ns/op
WorkloadPilot   20: 8388608 op, 592689800.00 ns, 70.6541 ns/op

OverheadWarmup   1: 8388608 op, 16113500.00 ns, 1.9209 ns/op
OverheadWarmup   2: 8388608 op, 16078000.00 ns, 1.9166 ns/op
OverheadWarmup   3: 8388608 op, 16083400.00 ns, 1.9173 ns/op
OverheadWarmup   4: 8388608 op, 16513200.00 ns, 1.9685 ns/op
OverheadWarmup   5: 8388608 op, 16477400.00 ns, 1.9643 ns/op
OverheadWarmup   6: 8388608 op, 16121600.00 ns, 1.9218 ns/op
OverheadWarmup   7: 8388608 op, 16846500.00 ns, 2.0083 ns/op
OverheadWarmup   8: 8388608 op, 16810900.00 ns, 2.0040 ns/op

OverheadActual   1: 8388608 op, 16130100.00 ns, 1.9229 ns/op
OverheadActual   2: 8388608 op, 16392000.00 ns, 1.9541 ns/op
OverheadActual   3: 8388608 op, 16258400.00 ns, 1.9382 ns/op
OverheadActual   4: 8388608 op, 16086900.00 ns, 1.9177 ns/op
OverheadActual   5: 8388608 op, 16071900.00 ns, 1.9159 ns/op
OverheadActual   6: 8388608 op, 16087400.00 ns, 1.9178 ns/op
OverheadActual   7: 8388608 op, 16064500.00 ns, 1.9150 ns/op
OverheadActual   8: 8388608 op, 16070500.00 ns, 1.9158 ns/op
OverheadActual   9: 8388608 op, 16487900.00 ns, 1.9655 ns/op
OverheadActual  10: 8388608 op, 16401700.00 ns, 1.9552 ns/op
OverheadActual  11: 8388608 op, 16400500.00 ns, 1.9551 ns/op
OverheadActual  12: 8388608 op, 15865600.00 ns, 1.8913 ns/op
OverheadActual  13: 8388608 op, 14495200.00 ns, 1.7280 ns/op
OverheadActual  14: 8388608 op, 14634600.00 ns, 1.7446 ns/op
OverheadActual  15: 8388608 op, 14782500.00 ns, 1.7622 ns/op

WorkloadWarmup   1: 8388608 op, 593411700.00 ns, 70.7402 ns/op
WorkloadWarmup   2: 8388608 op, 588148900.00 ns, 70.1128 ns/op
WorkloadWarmup   3: 8388608 op, 586821900.00 ns, 69.9546 ns/op
WorkloadWarmup   4: 8388608 op, 578980500.00 ns, 69.0199 ns/op
WorkloadWarmup   5: 8388608 op, 589708100.00 ns, 70.2987 ns/op
WorkloadWarmup   6: 8388608 op, 591340400.00 ns, 70.4933 ns/op
WorkloadWarmup   7: 8388608 op, 585399600.00 ns, 69.7851 ns/op
WorkloadWarmup   8: 8388608 op, 587746800.00 ns, 70.0649 ns/op
WorkloadWarmup   9: 8388608 op, 581266500.00 ns, 69.2924 ns/op
WorkloadWarmup  10: 8388608 op, 578095600.00 ns, 68.9144 ns/op
WorkloadWarmup  11: 8388608 op, 582402100.00 ns, 69.4277 ns/op
WorkloadWarmup  12: 8388608 op, 583277200.00 ns, 69.5321 ns/op
WorkloadWarmup  13: 8388608 op, 586254700.00 ns, 69.8870 ns/op
WorkloadWarmup  14: 8388608 op, 596436700.00 ns, 71.1008 ns/op
WorkloadWarmup  15: 8388608 op, 584139500.00 ns, 69.6349 ns/op
WorkloadWarmup  16: 8388608 op, 590257500.00 ns, 70.3642 ns/op
WorkloadWarmup  17: 8388608 op, 584882300.00 ns, 69.7234 ns/op
WorkloadWarmup  18: 8388608 op, 586572100.00 ns, 69.9248 ns/op
WorkloadWarmup  19: 8388608 op, 580577900.00 ns, 69.2103 ns/op
WorkloadWarmup  20: 8388608 op, 592254700.00 ns, 70.6023 ns/op

// BeforeActualRun
WorkloadActual   1: 8388608 op, 578294500.00 ns, 68.9381 ns/op
WorkloadActual   2: 8388608 op, 580658300.00 ns, 69.2199 ns/op
WorkloadActual   3: 8388608 op, 583345300.00 ns, 69.5402 ns/op
WorkloadActual   4: 8388608 op, 580867900.00 ns, 69.2448 ns/op
WorkloadActual   5: 8388608 op, 586566800.00 ns, 69.9242 ns/op
WorkloadActual   6: 8388608 op, 596542900.00 ns, 71.1135 ns/op
WorkloadActual   7: 8388608 op, 601790700.00 ns, 71.7390 ns/op
WorkloadActual   8: 8388608 op, 593849900.00 ns, 70.7924 ns/op
WorkloadActual   9: 8388608 op, 592738000.00 ns, 70.6599 ns/op
WorkloadActual  10: 8388608 op, 585267500.00 ns, 69.7693 ns/op
WorkloadActual  11: 8388608 op, 593026600.00 ns, 70.6943 ns/op
WorkloadActual  12: 8388608 op, 603385300.00 ns, 71.9291 ns/op
WorkloadActual  13: 8388608 op, 591989800.00 ns, 70.5707 ns/op
WorkloadActual  14: 8388608 op, 591513900.00 ns, 70.5140 ns/op
WorkloadActual  15: 8388608 op, 585123800.00 ns, 69.7522 ns/op
WorkloadActual  16: 8388608 op, 584030100.00 ns, 69.6218 ns/op
WorkloadActual  17: 8388608 op, 583002700.00 ns, 69.4993 ns/op
WorkloadActual  18: 8388608 op, 584156000.00 ns, 69.6368 ns/op
WorkloadActual  19: 8388608 op, 585359800.00 ns, 69.7803 ns/op
WorkloadActual  20: 8388608 op, 590875800.00 ns, 70.4379 ns/op
WorkloadActual  21: 8388608 op, 590041200.00 ns, 70.3384 ns/op
WorkloadActual  22: 8388608 op, 599997900.00 ns, 71.5253 ns/op
WorkloadActual  23: 8388608 op, 594993100.00 ns, 70.9287 ns/op
WorkloadActual  24: 8388608 op, 603736500.00 ns, 71.9710 ns/op
WorkloadActual  25: 8388608 op, 597974400.00 ns, 71.2841 ns/op
WorkloadActual  26: 8388608 op, 591908000.00 ns, 70.5609 ns/op
WorkloadActual  27: 8388608 op, 593178600.00 ns, 70.7124 ns/op
WorkloadActual  28: 8388608 op, 591278500.00 ns, 70.4859 ns/op
WorkloadActual  29: 8388608 op, 581372300.00 ns, 69.3050 ns/op
WorkloadActual  30: 8388608 op, 592927400.00 ns, 70.6825 ns/op
WorkloadActual  31: 8388608 op, 594857900.00 ns, 70.9126 ns/op
WorkloadActual  32: 8388608 op, 597364700.00 ns, 71.2114 ns/op
WorkloadActual  33: 8388608 op, 597955100.00 ns, 71.2818 ns/op
WorkloadActual  34: 8388608 op, 592482100.00 ns, 70.6294 ns/op
WorkloadActual  35: 8388608 op, 590944400.00 ns, 70.4461 ns/op
WorkloadActual  36: 8388608 op, 595408500.00 ns, 70.9782 ns/op
WorkloadActual  37: 8388608 op, 593833800.00 ns, 70.7905 ns/op
WorkloadActual  38: 8388608 op, 598398200.00 ns, 71.3346 ns/op
WorkloadActual  39: 8388608 op, 600549400.00 ns, 71.5911 ns/op
WorkloadActual  40: 8388608 op, 598414300.00 ns, 71.3365 ns/op
WorkloadActual  41: 8388608 op, 592466000.00 ns, 70.6275 ns/op
WorkloadActual  42: 8388608 op, 591460300.00 ns, 70.5076 ns/op
WorkloadActual  43: 8388608 op, 587922400.00 ns, 70.0858 ns/op
WorkloadActual  44: 8388608 op, 592320400.00 ns, 70.6101 ns/op
WorkloadActual  45: 8388608 op, 601162900.00 ns, 71.6642 ns/op
WorkloadActual  46: 8388608 op, 590033000.00 ns, 70.3374 ns/op
WorkloadActual  47: 8388608 op, 593150500.00 ns, 70.7090 ns/op
WorkloadActual  48: 8388608 op, 583349200.00 ns, 69.5406 ns/op
WorkloadActual  49: 8388608 op, 587619100.00 ns, 70.0497 ns/op
WorkloadActual  50: 8388608 op, 589553500.00 ns, 70.2803 ns/op
WorkloadActual  51: 8388608 op, 591836800.00 ns, 70.5524 ns/op
WorkloadActual  52: 8388608 op, 596349100.00 ns, 71.0904 ns/op
WorkloadActual  53: 8388608 op, 584103200.00 ns, 69.6305 ns/op
WorkloadActual  54: 8388608 op, 587330100.00 ns, 70.0152 ns/op
WorkloadActual  55: 8388608 op, 590990100.00 ns, 70.4515 ns/op
WorkloadActual  56: 8388608 op, 589513200.00 ns, 70.2754 ns/op
WorkloadActual  57: 8388608 op, 591248100.00 ns, 70.4823 ns/op
WorkloadActual  58: 8388608 op, 598803300.00 ns, 71.3829 ns/op
WorkloadActual  59: 8388608 op, 605632700.00 ns, 72.1970 ns/op
WorkloadActual  60: 8388608 op, 589801700.00 ns, 70.3098 ns/op
WorkloadActual  61: 8388608 op, 595691900.00 ns, 71.0120 ns/op
WorkloadActual  62: 8388608 op, 589289600.00 ns, 70.2488 ns/op
WorkloadActual  63: 8388608 op, 586339500.00 ns, 69.8971 ns/op
WorkloadActual  64: 8388608 op, 595782700.00 ns, 71.0228 ns/op
WorkloadActual  65: 8388608 op, 594646500.00 ns, 70.8874 ns/op
WorkloadActual  66: 8388608 op, 597920900.00 ns, 71.2777 ns/op
WorkloadActual  67: 8388608 op, 589476900.00 ns, 70.2711 ns/op
WorkloadActual  68: 8388608 op, 580885700.00 ns, 69.2470 ns/op
WorkloadActual  69: 8388608 op, 589018200.00 ns, 70.2164 ns/op
WorkloadActual  70: 8388608 op, 589968100.00 ns, 70.3297 ns/op
WorkloadActual  71: 8388608 op, 583331500.00 ns, 69.5385 ns/op
WorkloadActual  72: 8388608 op, 585950500.00 ns, 69.8507 ns/op
WorkloadActual  73: 8388608 op, 594759400.00 ns, 70.9008 ns/op
WorkloadActual  74: 8388608 op, 587565500.00 ns, 70.0433 ns/op
WorkloadActual  75: 8388608 op, 594395600.00 ns, 70.8575 ns/op
WorkloadActual  76: 8388608 op, 586341900.00 ns, 69.8974 ns/op
WorkloadActual  77: 8388608 op, 585493100.00 ns, 69.7962 ns/op
WorkloadActual  78: 8388608 op, 593800400.00 ns, 70.7865 ns/op
WorkloadActual  79: 8388608 op, 595577000.00 ns, 70.9983 ns/op
WorkloadActual  80: 8388608 op, 595265700.00 ns, 70.9612 ns/op
WorkloadActual  81: 8388608 op, 594894400.00 ns, 70.9169 ns/op
WorkloadActual  82: 8388608 op, 594170900.00 ns, 70.8307 ns/op
WorkloadActual  83: 8388608 op, 593218700.00 ns, 70.7172 ns/op
WorkloadActual  84: 8388608 op, 599580400.00 ns, 71.4756 ns/op
WorkloadActual  85: 8388608 op, 607277200.00 ns, 72.3931 ns/op
WorkloadActual  86: 8388608 op, 596046500.00 ns, 71.0543 ns/op
WorkloadActual  87: 8388608 op, 599099100.00 ns, 71.4182 ns/op
WorkloadActual  88: 8388608 op, 599683300.00 ns, 71.4878 ns/op
WorkloadActual  89: 8388608 op, 603633600.00 ns, 71.9587 ns/op
WorkloadActual  90: 8388608 op, 594217100.00 ns, 70.8362 ns/op
WorkloadActual  91: 8388608 op, 587791400.00 ns, 70.0702 ns/op
WorkloadActual  92: 8388608 op, 591179300.00 ns, 70.4741 ns/op
WorkloadActual  93: 8388608 op, 597341800.00 ns, 71.2087 ns/op
WorkloadActual  94: 8388608 op, 591861200.00 ns, 70.5554 ns/op
WorkloadActual  95: 8388608 op, 598314400.00 ns, 71.3246 ns/op
WorkloadActual  96: 8388608 op, 591543100.00 ns, 70.5174 ns/op
WorkloadActual  97: 8388608 op, 586769400.00 ns, 69.9484 ns/op
WorkloadActual  98: 8388608 op, 596314000.00 ns, 71.0862 ns/op
WorkloadActual  99: 8388608 op, 593776800.00 ns, 70.7837 ns/op
WorkloadActual  100: 8388608 op, 586179000.00 ns, 69.8780 ns/op
WorkloadActual  101: 8388608 op, 597707600.00 ns, 71.2523 ns/op
WorkloadActual  102: 8388608 op, 599312400.00 ns, 71.4436 ns/op
WorkloadActual  103: 8388608 op, 602374200.00 ns, 71.8086 ns/op
WorkloadActual  104: 8388608 op, 584905100.00 ns, 69.7261 ns/op
WorkloadActual  105: 8388608 op, 589850400.00 ns, 70.3156 ns/op
WorkloadActual  106: 8388608 op, 588874300.00 ns, 70.1993 ns/op
WorkloadActual  107: 8388608 op, 584568100.00 ns, 69.6859 ns/op
WorkloadActual  108: 8388608 op, 587527900.00 ns, 70.0388 ns/op
WorkloadActual  109: 8388608 op, 578380400.00 ns, 68.9483 ns/op
WorkloadActual  110: 8388608 op, 587268200.00 ns, 70.0078 ns/op
WorkloadActual  111: 8388608 op, 591811600.00 ns, 70.5494 ns/op
WorkloadActual  112: 8388608 op, 590797800.00 ns, 70.4286 ns/op
WorkloadActual  113: 8388608 op, 598894400.00 ns, 71.3938 ns/op
WorkloadActual  114: 8388608 op, 582144800.00 ns, 69.3971 ns/op
WorkloadActual  115: 8388608 op, 587793400.00 ns, 70.0704 ns/op
WorkloadActual  116: 8388608 op, 587732200.00 ns, 70.0631 ns/op
WorkloadActual  117: 8388608 op, 588576300.00 ns, 70.1638 ns/op
WorkloadActual  118: 8388608 op, 584425300.00 ns, 69.6689 ns/op
WorkloadActual  119: 8388608 op, 577142500.00 ns, 68.8007 ns/op
WorkloadActual  120: 8388608 op, 584467100.00 ns, 69.6739 ns/op
WorkloadActual  121: 8388608 op, 581614300.00 ns, 69.3338 ns/op
WorkloadActual  122: 8388608 op, 586195000.00 ns, 69.8799 ns/op
WorkloadActual  123: 8388608 op, 598699100.00 ns, 71.3705 ns/op
WorkloadActual  124: 8388608 op, 594839000.00 ns, 70.9103 ns/op
WorkloadActual  125: 8388608 op, 584152200.00 ns, 69.6364 ns/op
WorkloadActual  126: 8388608 op, 586059400.00 ns, 69.8637 ns/op
WorkloadActual  127: 8388608 op, 587254200.00 ns, 70.0062 ns/op
WorkloadActual  128: 8388608 op, 584728000.00 ns, 69.7050 ns/op
WorkloadActual  129: 8388608 op, 587068500.00 ns, 69.9840 ns/op
WorkloadActual  130: 8388608 op, 584815000.00 ns, 69.7154 ns/op
WorkloadActual  131: 8388608 op, 587541600.00 ns, 70.0404 ns/op
WorkloadActual  132: 8388608 op, 584930800.00 ns, 69.7292 ns/op
WorkloadActual  133: 8388608 op, 592940600.00 ns, 70.6840 ns/op
WorkloadActual  134: 8388608 op, 588736700.00 ns, 70.1829 ns/op
WorkloadActual  135: 8388608 op, 593960200.00 ns, 70.8056 ns/op
WorkloadActual  136: 8388608 op, 584238800.00 ns, 69.6467 ns/op
WorkloadActual  137: 8388608 op, 591852500.00 ns, 70.5543 ns/op
WorkloadActual  138: 8388608 op, 583363800.00 ns, 69.5424 ns/op
WorkloadActual  139: 8388608 op, 587417600.00 ns, 70.0256 ns/op
WorkloadActual  140: 8388608 op, 586045500.00 ns, 69.8621 ns/op
WorkloadActual  141: 8388608 op, 594122800.00 ns, 70.8250 ns/op
WorkloadActual  142: 8388608 op, 586515800.00 ns, 69.9181 ns/op
WorkloadActual  143: 8388608 op, 586900300.00 ns, 69.9640 ns/op
WorkloadActual  144: 8388608 op, 582463000.00 ns, 69.4350 ns/op
WorkloadActual  145: 8388608 op, 582890700.00 ns, 69.4860 ns/op
WorkloadActual  146: 8388608 op, 590638400.00 ns, 70.4096 ns/op
WorkloadActual  147: 8388608 op, 583213400.00 ns, 69.5245 ns/op
WorkloadActual  148: 8388608 op, 594069600.00 ns, 70.8186 ns/op
WorkloadActual  149: 8388608 op, 604895000.00 ns, 72.1091 ns/op
WorkloadActual  150: 8388608 op, 594047300.00 ns, 70.8160 ns/op
WorkloadActual  151: 8388608 op, 588602700.00 ns, 70.1669 ns/op
WorkloadActual  152: 8388608 op, 588586500.00 ns, 70.1650 ns/op
WorkloadActual  153: 8388608 op, 586969200.00 ns, 69.9722 ns/op
WorkloadActual  154: 8388608 op, 591242700.00 ns, 70.4816 ns/op
WorkloadActual  155: 8388608 op, 595173100.00 ns, 70.9502 ns/op
WorkloadActual  156: 8388608 op, 590826700.00 ns, 70.4320 ns/op
WorkloadActual  157: 8388608 op, 586947300.00 ns, 69.9696 ns/op
WorkloadActual  158: 8388608 op, 594238200.00 ns, 70.8387 ns/op
WorkloadActual  159: 8388608 op, 597611700.00 ns, 71.2409 ns/op
WorkloadActual  160: 8388608 op, 592485200.00 ns, 70.6297 ns/op
WorkloadActual  161: 8388608 op, 596772900.00 ns, 71.1409 ns/op
WorkloadActual  162: 8388608 op, 590872400.00 ns, 70.4375 ns/op
WorkloadActual  163: 8388608 op, 600128800.00 ns, 71.5409 ns/op
WorkloadActual  164: 8388608 op, 595413600.00 ns, 70.9788 ns/op
WorkloadActual  165: 8388608 op, 597913200.00 ns, 71.2768 ns/op
WorkloadActual  166: 8388608 op, 593609800.00 ns, 70.7638 ns/op
WorkloadActual  167: 8388608 op, 596521200.00 ns, 71.1109 ns/op
WorkloadActual  168: 8388608 op, 586124000.00 ns, 69.8714 ns/op
WorkloadActual  169: 8388608 op, 591470000.00 ns, 70.5087 ns/op
WorkloadActual  170: 8388608 op, 586035800.00 ns, 69.8609 ns/op
WorkloadActual  171: 8388608 op, 589362500.00 ns, 70.2575 ns/op
WorkloadActual  172: 8388608 op, 587000000.00 ns, 69.9759 ns/op
WorkloadActual  173: 8388608 op, 584064400.00 ns, 69.6259 ns/op
WorkloadActual  174: 8388608 op, 601228800.00 ns, 71.6721 ns/op
WorkloadActual  175: 8388608 op, 594020900.00 ns, 70.8128 ns/op
WorkloadActual  176: 8388608 op, 586396100.00 ns, 69.9039 ns/op
WorkloadActual  177: 8388608 op, 589400300.00 ns, 70.2620 ns/op
WorkloadActual  178: 8388608 op, 581322700.00 ns, 69.2991 ns/op
WorkloadActual  179: 8388608 op, 584490800.00 ns, 69.6767 ns/op
WorkloadActual  180: 8388608 op, 578022100.00 ns, 68.9056 ns/op
WorkloadActual  181: 8388608 op, 580723800.00 ns, 69.2277 ns/op
WorkloadActual  182: 8388608 op, 583943600.00 ns, 69.6115 ns/op
WorkloadActual  183: 8388608 op, 576735200.00 ns, 68.7522 ns/op
WorkloadActual  184: 8388608 op, 582475500.00 ns, 69.4365 ns/op
WorkloadActual  185: 8388608 op, 581008200.00 ns, 69.2616 ns/op
WorkloadActual  186: 8388608 op, 584841900.00 ns, 69.7186 ns/op
WorkloadActual  187: 8388608 op, 578962000.00 ns, 69.0176 ns/op
WorkloadActual  188: 8388608 op, 581072600.00 ns, 69.2693 ns/op
WorkloadActual  189: 8388608 op, 584101400.00 ns, 69.6303 ns/op
WorkloadActual  190: 8388608 op, 584766000.00 ns, 69.7095 ns/op
WorkloadActual  191: 8388608 op, 597696600.00 ns, 71.2510 ns/op
WorkloadActual  192: 8388608 op, 579047300.00 ns, 69.0278 ns/op
WorkloadActual  193: 8388608 op, 586074400.00 ns, 69.8655 ns/op
WorkloadActual  194: 8388608 op, 596874700.00 ns, 71.1530 ns/op
WorkloadActual  195: 8388608 op, 586901100.00 ns, 69.9641 ns/op
WorkloadActual  196: 8388608 op, 585627000.00 ns, 69.8122 ns/op
WorkloadActual  197: 8388608 op, 576788000.00 ns, 68.7585 ns/op
WorkloadActual  198: 8388608 op, 582685700.00 ns, 69.4615 ns/op
WorkloadActual  199: 8388608 op, 580801700.00 ns, 69.2370 ns/op
WorkloadActual  200: 8388608 op, 581603300.00 ns, 69.3325 ns/op

// AfterActualRun
WorkloadResult   1: 8388608 op, 562207600.00 ns, 67.0204 ns/op
WorkloadResult   2: 8388608 op, 564571400.00 ns, 67.3022 ns/op
WorkloadResult   3: 8388608 op, 567258400.00 ns, 67.6225 ns/op
WorkloadResult   4: 8388608 op, 564781000.00 ns, 67.3271 ns/op
WorkloadResult   5: 8388608 op, 570479900.00 ns, 68.0065 ns/op
WorkloadResult   6: 8388608 op, 580456000.00 ns, 69.1957 ns/op
WorkloadResult   7: 8388608 op, 585703800.00 ns, 69.8213 ns/op
WorkloadResult   8: 8388608 op, 577763000.00 ns, 68.8747 ns/op
WorkloadResult   9: 8388608 op, 576651100.00 ns, 68.7422 ns/op
WorkloadResult  10: 8388608 op, 569180600.00 ns, 67.8516 ns/op
WorkloadResult  11: 8388608 op, 576939700.00 ns, 68.7766 ns/op
WorkloadResult  12: 8388608 op, 587298400.00 ns, 70.0114 ns/op
WorkloadResult  13: 8388608 op, 575902900.00 ns, 68.6530 ns/op
WorkloadResult  14: 8388608 op, 575427000.00 ns, 68.5962 ns/op
WorkloadResult  15: 8388608 op, 569036900.00 ns, 67.8345 ns/op
WorkloadResult  16: 8388608 op, 567943200.00 ns, 67.7041 ns/op
WorkloadResult  17: 8388608 op, 566915800.00 ns, 67.5816 ns/op
WorkloadResult  18: 8388608 op, 568069100.00 ns, 67.7191 ns/op
WorkloadResult  19: 8388608 op, 569272900.00 ns, 67.8626 ns/op
WorkloadResult  20: 8388608 op, 574788900.00 ns, 68.5202 ns/op
WorkloadResult  21: 8388608 op, 573954300.00 ns, 68.4207 ns/op
WorkloadResult  22: 8388608 op, 583911000.00 ns, 69.6076 ns/op
WorkloadResult  23: 8388608 op, 578906200.00 ns, 69.0110 ns/op
WorkloadResult  24: 8388608 op, 587649600.00 ns, 70.0533 ns/op
WorkloadResult  25: 8388608 op, 581887500.00 ns, 69.3664 ns/op
WorkloadResult  26: 8388608 op, 575821100.00 ns, 68.6432 ns/op
WorkloadResult  27: 8388608 op, 577091700.00 ns, 68.7947 ns/op
WorkloadResult  28: 8388608 op, 575191600.00 ns, 68.5682 ns/op
WorkloadResult  29: 8388608 op, 565285400.00 ns, 67.3873 ns/op
WorkloadResult  30: 8388608 op, 576840500.00 ns, 68.7647 ns/op
WorkloadResult  31: 8388608 op, 578771000.00 ns, 68.9949 ns/op
WorkloadResult  32: 8388608 op, 581277800.00 ns, 69.2937 ns/op
WorkloadResult  33: 8388608 op, 581868200.00 ns, 69.3641 ns/op
WorkloadResult  34: 8388608 op, 576395200.00 ns, 68.7117 ns/op
WorkloadResult  35: 8388608 op, 574857500.00 ns, 68.5284 ns/op
WorkloadResult  36: 8388608 op, 579321600.00 ns, 69.0605 ns/op
WorkloadResult  37: 8388608 op, 577746900.00 ns, 68.8728 ns/op
WorkloadResult  38: 8388608 op, 582311300.00 ns, 69.4169 ns/op
WorkloadResult  39: 8388608 op, 584462500.00 ns, 69.6734 ns/op
WorkloadResult  40: 8388608 op, 582327400.00 ns, 69.4188 ns/op
WorkloadResult  41: 8388608 op, 576379100.00 ns, 68.7097 ns/op
WorkloadResult  42: 8388608 op, 575373400.00 ns, 68.5899 ns/op
WorkloadResult  43: 8388608 op, 571835500.00 ns, 68.1681 ns/op
WorkloadResult  44: 8388608 op, 576233500.00 ns, 68.6924 ns/op
WorkloadResult  45: 8388608 op, 585076000.00 ns, 69.7465 ns/op
WorkloadResult  46: 8388608 op, 573946100.00 ns, 68.4197 ns/op
WorkloadResult  47: 8388608 op, 577063600.00 ns, 68.7913 ns/op
WorkloadResult  48: 8388608 op, 567262300.00 ns, 67.6229 ns/op
WorkloadResult  49: 8388608 op, 571532200.00 ns, 68.1319 ns/op
WorkloadResult  50: 8388608 op, 573466600.00 ns, 68.3625 ns/op
WorkloadResult  51: 8388608 op, 575749900.00 ns, 68.6347 ns/op
WorkloadResult  52: 8388608 op, 580262200.00 ns, 69.1726 ns/op
WorkloadResult  53: 8388608 op, 568016300.00 ns, 67.7128 ns/op
WorkloadResult  54: 8388608 op, 571243200.00 ns, 68.0975 ns/op
WorkloadResult  55: 8388608 op, 574903200.00 ns, 68.5338 ns/op
WorkloadResult  56: 8388608 op, 573426300.00 ns, 68.3577 ns/op
WorkloadResult  57: 8388608 op, 575161200.00 ns, 68.5646 ns/op
WorkloadResult  58: 8388608 op, 582716400.00 ns, 69.4652 ns/op
WorkloadResult  59: 8388608 op, 589545800.00 ns, 70.2793 ns/op
WorkloadResult  60: 8388608 op, 573714800.00 ns, 68.3921 ns/op
WorkloadResult  61: 8388608 op, 579605000.00 ns, 69.0943 ns/op
WorkloadResult  62: 8388608 op, 573202700.00 ns, 68.3311 ns/op
WorkloadResult  63: 8388608 op, 570252600.00 ns, 67.9794 ns/op
WorkloadResult  64: 8388608 op, 579695800.00 ns, 69.1051 ns/op
WorkloadResult  65: 8388608 op, 578559600.00 ns, 68.9697 ns/op
WorkloadResult  66: 8388608 op, 581834000.00 ns, 69.3600 ns/op
WorkloadResult  67: 8388608 op, 573390000.00 ns, 68.3534 ns/op
WorkloadResult  68: 8388608 op, 564798800.00 ns, 67.3293 ns/op
WorkloadResult  69: 8388608 op, 572931300.00 ns, 68.2987 ns/op
WorkloadResult  70: 8388608 op, 573881200.00 ns, 68.4120 ns/op
WorkloadResult  71: 8388608 op, 567244600.00 ns, 67.6208 ns/op
WorkloadResult  72: 8388608 op, 569863600.00 ns, 67.9330 ns/op
WorkloadResult  73: 8388608 op, 578672500.00 ns, 68.9831 ns/op
WorkloadResult  74: 8388608 op, 571478600.00 ns, 68.1256 ns/op
WorkloadResult  75: 8388608 op, 578308700.00 ns, 68.9398 ns/op
WorkloadResult  76: 8388608 op, 570255000.00 ns, 67.9797 ns/op
WorkloadResult  77: 8388608 op, 569406200.00 ns, 67.8785 ns/op
WorkloadResult  78: 8388608 op, 577713500.00 ns, 68.8688 ns/op
WorkloadResult  79: 8388608 op, 579490100.00 ns, 69.0806 ns/op
WorkloadResult  80: 8388608 op, 579178800.00 ns, 69.0435 ns/op
WorkloadResult  81: 8388608 op, 578807500.00 ns, 68.9992 ns/op
WorkloadResult  82: 8388608 op, 578084000.00 ns, 68.9130 ns/op
WorkloadResult  83: 8388608 op, 577131800.00 ns, 68.7995 ns/op
WorkloadResult  84: 8388608 op, 583493500.00 ns, 69.5578 ns/op
WorkloadResult  85: 8388608 op, 591190300.00 ns, 70.4754 ns/op
WorkloadResult  86: 8388608 op, 579959600.00 ns, 69.1366 ns/op
WorkloadResult  87: 8388608 op, 583012200.00 ns, 69.5005 ns/op
WorkloadResult  88: 8388608 op, 583596400.00 ns, 69.5701 ns/op
WorkloadResult  89: 8388608 op, 587546700.00 ns, 70.0410 ns/op
WorkloadResult  90: 8388608 op, 578130200.00 ns, 68.9185 ns/op
WorkloadResult  91: 8388608 op, 571704500.00 ns, 68.1525 ns/op
WorkloadResult  92: 8388608 op, 575092400.00 ns, 68.5564 ns/op
WorkloadResult  93: 8388608 op, 581254900.00 ns, 69.2910 ns/op
WorkloadResult  94: 8388608 op, 575774300.00 ns, 68.6376 ns/op
WorkloadResult  95: 8388608 op, 582227500.00 ns, 69.4069 ns/op
WorkloadResult  96: 8388608 op, 575456200.00 ns, 68.5997 ns/op
WorkloadResult  97: 8388608 op, 570682500.00 ns, 68.0307 ns/op
WorkloadResult  98: 8388608 op, 580227100.00 ns, 69.1685 ns/op
WorkloadResult  99: 8388608 op, 577689900.00 ns, 68.8660 ns/op
WorkloadResult  100: 8388608 op, 570092100.00 ns, 67.9603 ns/op
WorkloadResult  101: 8388608 op, 581620700.00 ns, 69.3346 ns/op
WorkloadResult  102: 8388608 op, 583225500.00 ns, 69.5259 ns/op
WorkloadResult  103: 8388608 op, 586287300.00 ns, 69.8909 ns/op
WorkloadResult  104: 8388608 op, 568818200.00 ns, 67.8084 ns/op
WorkloadResult  105: 8388608 op, 573763500.00 ns, 68.3979 ns/op
WorkloadResult  106: 8388608 op, 572787400.00 ns, 68.2816 ns/op
WorkloadResult  107: 8388608 op, 568481200.00 ns, 67.7682 ns/op
WorkloadResult  108: 8388608 op, 571441000.00 ns, 68.1211 ns/op
WorkloadResult  109: 8388608 op, 562293500.00 ns, 67.0306 ns/op
WorkloadResult  110: 8388608 op, 571181300.00 ns, 68.0901 ns/op
WorkloadResult  111: 8388608 op, 575724700.00 ns, 68.6317 ns/op
WorkloadResult  112: 8388608 op, 574710900.00 ns, 68.5109 ns/op
WorkloadResult  113: 8388608 op, 582807500.00 ns, 69.4761 ns/op
WorkloadResult  114: 8388608 op, 566057900.00 ns, 67.4794 ns/op
WorkloadResult  115: 8388608 op, 571706500.00 ns, 68.1527 ns/op
WorkloadResult  116: 8388608 op, 571645300.00 ns, 68.1454 ns/op
WorkloadResult  117: 8388608 op, 572489400.00 ns, 68.2461 ns/op
WorkloadResult  118: 8388608 op, 568338400.00 ns, 67.7512 ns/op
WorkloadResult  119: 8388608 op, 561055600.00 ns, 66.8830 ns/op
WorkloadResult  120: 8388608 op, 568380200.00 ns, 67.7562 ns/op
WorkloadResult  121: 8388608 op, 565527400.00 ns, 67.4161 ns/op
WorkloadResult  122: 8388608 op, 570108100.00 ns, 67.9622 ns/op
WorkloadResult  123: 8388608 op, 582612200.00 ns, 69.4528 ns/op
WorkloadResult  124: 8388608 op, 578752100.00 ns, 68.9926 ns/op
WorkloadResult  125: 8388608 op, 568065300.00 ns, 67.7187 ns/op
WorkloadResult  126: 8388608 op, 569972500.00 ns, 67.9460 ns/op
WorkloadResult  127: 8388608 op, 571167300.00 ns, 68.0884 ns/op
WorkloadResult  128: 8388608 op, 568641100.00 ns, 67.7873 ns/op
WorkloadResult  129: 8388608 op, 570981600.00 ns, 68.0663 ns/op
WorkloadResult  130: 8388608 op, 568728100.00 ns, 67.7977 ns/op
WorkloadResult  131: 8388608 op, 571454700.00 ns, 68.1227 ns/op
WorkloadResult  132: 8388608 op, 568843900.00 ns, 67.8115 ns/op
WorkloadResult  133: 8388608 op, 576853700.00 ns, 68.7663 ns/op
WorkloadResult  134: 8388608 op, 572649800.00 ns, 68.2652 ns/op
WorkloadResult  135: 8388608 op, 577873300.00 ns, 68.8879 ns/op
WorkloadResult  136: 8388608 op, 568151900.00 ns, 67.7290 ns/op
WorkloadResult  137: 8388608 op, 575765600.00 ns, 68.6366 ns/op
WorkloadResult  138: 8388608 op, 567276900.00 ns, 67.6247 ns/op
WorkloadResult  139: 8388608 op, 571330700.00 ns, 68.1079 ns/op
WorkloadResult  140: 8388608 op, 569958600.00 ns, 67.9444 ns/op
WorkloadResult  141: 8388608 op, 578035900.00 ns, 68.9072 ns/op
WorkloadResult  142: 8388608 op, 570428900.00 ns, 68.0004 ns/op
WorkloadResult  143: 8388608 op, 570813400.00 ns, 68.0463 ns/op
WorkloadResult  144: 8388608 op, 566376100.00 ns, 67.5173 ns/op
WorkloadResult  145: 8388608 op, 566803800.00 ns, 67.5683 ns/op
WorkloadResult  146: 8388608 op, 574551500.00 ns, 68.4919 ns/op
WorkloadResult  147: 8388608 op, 567126500.00 ns, 67.6067 ns/op
WorkloadResult  148: 8388608 op, 577982700.00 ns, 68.9009 ns/op
WorkloadResult  149: 8388608 op, 588808100.00 ns, 70.1914 ns/op
WorkloadResult  150: 8388608 op, 577960400.00 ns, 68.8982 ns/op
WorkloadResult  151: 8388608 op, 572515800.00 ns, 68.2492 ns/op
WorkloadResult  152: 8388608 op, 572499600.00 ns, 68.2473 ns/op
WorkloadResult  153: 8388608 op, 570882300.00 ns, 68.0545 ns/op
WorkloadResult  154: 8388608 op, 575155800.00 ns, 68.5639 ns/op
WorkloadResult  155: 8388608 op, 579086200.00 ns, 69.0325 ns/op
WorkloadResult  156: 8388608 op, 574739800.00 ns, 68.5143 ns/op
WorkloadResult  157: 8388608 op, 570860400.00 ns, 68.0519 ns/op
WorkloadResult  158: 8388608 op, 578151300.00 ns, 68.9210 ns/op
WorkloadResult  159: 8388608 op, 581524800.00 ns, 69.3232 ns/op
WorkloadResult  160: 8388608 op, 576398300.00 ns, 68.7120 ns/op
WorkloadResult  161: 8388608 op, 580686000.00 ns, 69.2232 ns/op
WorkloadResult  162: 8388608 op, 574785500.00 ns, 68.5198 ns/op
WorkloadResult  163: 8388608 op, 584041900.00 ns, 69.6232 ns/op
WorkloadResult  164: 8388608 op, 579326700.00 ns, 69.0611 ns/op
WorkloadResult  165: 8388608 op, 581826300.00 ns, 69.3591 ns/op
WorkloadResult  166: 8388608 op, 577522900.00 ns, 68.8461 ns/op
WorkloadResult  167: 8388608 op, 580434300.00 ns, 69.1932 ns/op
WorkloadResult  168: 8388608 op, 570037100.00 ns, 67.9537 ns/op
WorkloadResult  169: 8388608 op, 575383100.00 ns, 68.5910 ns/op
WorkloadResult  170: 8388608 op, 569948900.00 ns, 67.9432 ns/op
WorkloadResult  171: 8388608 op, 573275600.00 ns, 68.3398 ns/op
WorkloadResult  172: 8388608 op, 570913100.00 ns, 68.0581 ns/op
WorkloadResult  173: 8388608 op, 567977500.00 ns, 67.7082 ns/op
WorkloadResult  174: 8388608 op, 585141900.00 ns, 69.7544 ns/op
WorkloadResult  175: 8388608 op, 577934000.00 ns, 68.8951 ns/op
WorkloadResult  176: 8388608 op, 570309200.00 ns, 67.9862 ns/op
WorkloadResult  177: 8388608 op, 573313400.00 ns, 68.3443 ns/op
WorkloadResult  178: 8388608 op, 565235800.00 ns, 67.3814 ns/op
WorkloadResult  179: 8388608 op, 568403900.00 ns, 67.7590 ns/op
WorkloadResult  180: 8388608 op, 561935200.00 ns, 66.9879 ns/op
WorkloadResult  181: 8388608 op, 564636900.00 ns, 67.3100 ns/op
WorkloadResult  182: 8388608 op, 567856700.00 ns, 67.6938 ns/op
WorkloadResult  183: 8388608 op, 560648300.00 ns, 66.8345 ns/op
WorkloadResult  184: 8388608 op, 566388600.00 ns, 67.5188 ns/op
WorkloadResult  185: 8388608 op, 564921300.00 ns, 67.3439 ns/op
WorkloadResult  186: 8388608 op, 568755000.00 ns, 67.8009 ns/op
WorkloadResult  187: 8388608 op, 562875100.00 ns, 67.0999 ns/op
WorkloadResult  188: 8388608 op, 564985700.00 ns, 67.3515 ns/op
WorkloadResult  189: 8388608 op, 568014500.00 ns, 67.7126 ns/op
WorkloadResult  190: 8388608 op, 568679100.00 ns, 67.7918 ns/op
WorkloadResult  191: 8388608 op, 581609700.00 ns, 69.3333 ns/op
WorkloadResult  192: 8388608 op, 562960400.00 ns, 67.1101 ns/op
WorkloadResult  193: 8388608 op, 569987500.00 ns, 67.9478 ns/op
WorkloadResult  194: 8388608 op, 580787800.00 ns, 69.2353 ns/op
WorkloadResult  195: 8388608 op, 570814200.00 ns, 68.0464 ns/op
WorkloadResult  196: 8388608 op, 569540100.00 ns, 67.8945 ns/op
WorkloadResult  197: 8388608 op, 560701100.00 ns, 66.8408 ns/op
WorkloadResult  198: 8388608 op, 566598800.00 ns, 67.5438 ns/op
WorkloadResult  199: 8388608 op, 564714800.00 ns, 67.3193 ns/op
WorkloadResult  200: 8388608 op, 565516400.00 ns, 67.4148 ns/op
// GC:  34 0 0 1744830576 8388608
// Threading:  0 0 8388608

// AfterAll
// Benchmark Process 133912 has exited with code 0.

Mean = 68.443 ns, StdErr = 0.054 ns (0.08%), N = 200, StdDev = 0.761 ns
Min = 66.834 ns, Q1 = 67.860 ns, Median = 68.416 ns, Q3 = 68.986 ns, Max = 70.475 ns
IQR = 1.126 ns, LowerFence = 66.171 ns, UpperFence = 70.674 ns
ConfidenceInterval = [68.263 ns; 68.622 ns] (CI 99.9%), Margin = 0.180 ns (0.26% of Mean)
Skewness = 0.18, Kurtosis = 2.46, MValue = 2

// ** Remained 11 (78.6 %) benchmark(s) to run. Estimated finish 2026-08-06 18:16 (0h 17m from now) **
Setup power plan (GUID: 8c5e7fda-e8bf-4a96-9a85-a6e23a8c635c FriendlyName: Alto rendimiento)
// **************************
// Benchmark: B_MessageConstructionBenchmarks.EricksonLopezOutbox_CreateMessageMetadata: Job-HIGIWD(IterationCount=200, WarmupCount=20)
// *** Execute ***
// Launch: 1 / 1
// Execute: dotnet fa58206c-31f2-44e5-b9bd-6b8a39772c60.dll --anonymousPipes 4204 3308 --benchmarkName EricksonLopez.Outbox.Benchmarks.B_MessageConstructionBenchmarks.EricksonLopezOutbox_CreateMessageMetadata --job "IterationCount=200, WarmupCount=20" --benchmarkId 3 in D:\DevData\ericksonlopez.dev\dotnet-outbox\benchmarks\EricksonLopez.Outbox.Benchmarks\bin\Release\net10.0\fa58206c-31f2-44e5-b9bd-6b8a39772c60\bin\Release\net10.0
// BeforeAnythingElse

// Benchmark Process Environment Information:
// BenchmarkDotNet v0.13.12
// Runtime=.NET 10.0.10 (10.0.1026.32716), X64 RyuJIT AVX-512F+CD+BW+DQ+VL+VBMI
// GC=Concurrent Workstation
// HardwareIntrinsics=AVX-512F+CD+BW+DQ+VL+VBMI,AES,BMI1,BMI2,FMA,LZCNT,PCLMUL,POPCNT,AvxVnni VectorSize=256
// Job: Job-YDSVWK(IterationCount=200, WarmupCount=20)

OverheadJitting  1: 1 op, 214100.00 ns, 214.1000 us/op
WorkloadJitting  1: 1 op, 326400.00 ns, 326.4000 us/op

OverheadJitting  2: 16 op, 165800.00 ns, 10.3625 us/op
WorkloadJitting  2: 16 op, 186700.00 ns, 11.6687 us/op

WorkloadPilot    1: 16 op, 1600.00 ns, 100.0000 ns/op
WorkloadPilot    2: 32 op, 1400.00 ns, 43.7500 ns/op
WorkloadPilot    3: 64 op, 2100.00 ns, 32.8125 ns/op
WorkloadPilot    4: 128 op, 6100.00 ns, 47.6562 ns/op
WorkloadPilot    5: 256 op, 12000.00 ns, 46.8750 ns/op
WorkloadPilot    6: 512 op, 13100.00 ns, 25.5859 ns/op
WorkloadPilot    7: 1024 op, 34200.00 ns, 33.3984 ns/op
WorkloadPilot    8: 2048 op, 62400.00 ns, 30.4688 ns/op
WorkloadPilot    9: 4096 op, 117800.00 ns, 28.7598 ns/op
WorkloadPilot   10: 8192 op, 199700.00 ns, 24.3774 ns/op
WorkloadPilot   11: 16384 op, 421400.00 ns, 25.7202 ns/op
WorkloadPilot   12: 32768 op, 869700.00 ns, 26.5411 ns/op
WorkloadPilot   13: 65536 op, 1853200.00 ns, 28.2776 ns/op
WorkloadPilot   14: 131072 op, 3655700.00 ns, 27.8908 ns/op
WorkloadPilot   15: 262144 op, 7179700.00 ns, 27.3884 ns/op
WorkloadPilot   16: 524288 op, 12939100.00 ns, 24.6794 ns/op
WorkloadPilot   17: 1048576 op, 23191200.00 ns, 22.1169 ns/op
WorkloadPilot   18: 2097152 op, 40838600.00 ns, 19.4734 ns/op
WorkloadPilot   19: 4194304 op, 28611400.00 ns, 6.8215 ns/op
WorkloadPilot   20: 8388608 op, 25589700.00 ns, 3.0505 ns/op
WorkloadPilot   21: 16777216 op, 50633500.00 ns, 3.0180 ns/op
WorkloadPilot   22: 33554432 op, 99628600.00 ns, 2.9692 ns/op
WorkloadPilot   23: 67108864 op, 197123100.00 ns, 2.9374 ns/op
WorkloadPilot   24: 134217728 op, 396511700.00 ns, 2.9542 ns/op
WorkloadPilot   25: 268435456 op, 796919400.00 ns, 2.9688 ns/op

OverheadWarmup   1: 268435456 op, 367125600.00 ns, 1.3676 ns/op
OverheadWarmup   2: 268435456 op, 261257000.00 ns, 0.9733 ns/op
OverheadWarmup   3: 268435456 op, 260188900.00 ns, 0.9693 ns/op
OverheadWarmup   4: 268435456 op, 260821400.00 ns, 0.9716 ns/op
OverheadWarmup   5: 268435456 op, 260323300.00 ns, 0.9698 ns/op
OverheadWarmup   6: 268435456 op, 264509000.00 ns, 0.9854 ns/op
OverheadWarmup   7: 268435456 op, 264649800.00 ns, 0.9859 ns/op
OverheadWarmup   8: 268435456 op, 262922000.00 ns, 0.9795 ns/op

OverheadActual   1: 268435456 op, 264395700.00 ns, 0.9850 ns/op
OverheadActual   2: 268435456 op, 263459000.00 ns, 0.9815 ns/op
OverheadActual   3: 268435456 op, 260850800.00 ns, 0.9717 ns/op
OverheadActual   4: 268435456 op, 263148900.00 ns, 0.9803 ns/op
OverheadActual   5: 268435456 op, 261798500.00 ns, 0.9753 ns/op
OverheadActual   6: 268435456 op, 260182300.00 ns, 0.9693 ns/op
OverheadActual   7: 268435456 op, 263502800.00 ns, 0.9816 ns/op
OverheadActual   8: 268435456 op, 262952700.00 ns, 0.9796 ns/op
OverheadActual   9: 268435456 op, 264727100.00 ns, 0.9862 ns/op
OverheadActual  10: 268435456 op, 262499000.00 ns, 0.9779 ns/op
OverheadActual  11: 268435456 op, 263514600.00 ns, 0.9817 ns/op
OverheadActual  12: 268435456 op, 263697300.00 ns, 0.9823 ns/op
OverheadActual  13: 268435456 op, 264116600.00 ns, 0.9839 ns/op
OverheadActual  14: 268435456 op, 260306300.00 ns, 0.9697 ns/op
OverheadActual  15: 268435456 op, 263370600.00 ns, 0.9811 ns/op

WorkloadWarmup   1: 268435456 op, 800768500.00 ns, 2.9831 ns/op
WorkloadWarmup   2: 268435456 op, 808957100.00 ns, 3.0136 ns/op
WorkloadWarmup   3: 268435456 op, 807150000.00 ns, 3.0069 ns/op
WorkloadWarmup   4: 268435456 op, 803487900.00 ns, 2.9932 ns/op
WorkloadWarmup   5: 268435456 op, 805729500.00 ns, 3.0016 ns/op
WorkloadWarmup   6: 268435456 op, 809667700.00 ns, 3.0162 ns/op
WorkloadWarmup   7: 268435456 op, 809823400.00 ns, 3.0168 ns/op
WorkloadWarmup   8: 268435456 op, 818998600.00 ns, 3.0510 ns/op
WorkloadWarmup   9: 268435456 op, 805284400.00 ns, 2.9999 ns/op
WorkloadWarmup  10: 268435456 op, 804497900.00 ns, 2.9970 ns/op
WorkloadWarmup  11: 268435456 op, 814026300.00 ns, 3.0325 ns/op
WorkloadWarmup  12: 268435456 op, 811678400.00 ns, 3.0237 ns/op
WorkloadWarmup  13: 268435456 op, 827710800.00 ns, 3.0835 ns/op
WorkloadWarmup  14: 268435456 op, 822524600.00 ns, 3.0641 ns/op
WorkloadWarmup  15: 268435456 op, 818186200.00 ns, 3.0480 ns/op
WorkloadWarmup  16: 268435456 op, 821274500.00 ns, 3.0595 ns/op
WorkloadWarmup  17: 268435456 op, 856276800.00 ns, 3.1899 ns/op
WorkloadWarmup  18: 268435456 op, 831716000.00 ns, 3.0984 ns/op
WorkloadWarmup  19: 268435456 op, 825543000.00 ns, 3.0754 ns/op
WorkloadWarmup  20: 268435456 op, 821998000.00 ns, 3.0622 ns/op

// BeforeActualRun
WorkloadActual   1: 268435456 op, 807698000.00 ns, 3.0089 ns/op
WorkloadActual   2: 268435456 op, 793436400.00 ns, 2.9558 ns/op
WorkloadActual   3: 268435456 op, 786186100.00 ns, 2.9288 ns/op
WorkloadActual   4: 268435456 op, 802729600.00 ns, 2.9904 ns/op
WorkloadActual   5: 268435456 op, 818662600.00 ns, 3.0498 ns/op
WorkloadActual   6: 268435456 op, 811644300.00 ns, 3.0236 ns/op
WorkloadActual   7: 268435456 op, 800448400.00 ns, 2.9819 ns/op
WorkloadActual   8: 268435456 op, 790393100.00 ns, 2.9444 ns/op
WorkloadActual   9: 268435456 op, 795189300.00 ns, 2.9623 ns/op
WorkloadActual  10: 268435456 op, 796423500.00 ns, 2.9669 ns/op
WorkloadActual  11: 268435456 op, 804141000.00 ns, 2.9957 ns/op
WorkloadActual  12: 268435456 op, 818082300.00 ns, 3.0476 ns/op
WorkloadActual  13: 268435456 op, 822963000.00 ns, 3.0658 ns/op
WorkloadActual  14: 268435456 op, 840931300.00 ns, 3.1327 ns/op
WorkloadActual  15: 268435456 op, 823997600.00 ns, 3.0696 ns/op
WorkloadActual  16: 268435456 op, 820176200.00 ns, 3.0554 ns/op
WorkloadActual  17: 268435456 op, 820574800.00 ns, 3.0569 ns/op
WorkloadActual  18: 268435456 op, 822229100.00 ns, 3.0630 ns/op
WorkloadActual  19: 268435456 op, 830841400.00 ns, 3.0951 ns/op
WorkloadActual  20: 268435456 op, 822211000.00 ns, 3.0630 ns/op
WorkloadActual  21: 268435456 op, 825997500.00 ns, 3.0771 ns/op
WorkloadActual  22: 268435456 op, 817037500.00 ns, 3.0437 ns/op
WorkloadActual  23: 268435456 op, 818866000.00 ns, 3.0505 ns/op
WorkloadActual  24: 268435456 op, 843871900.00 ns, 3.1437 ns/op
WorkloadActual  25: 268435456 op, 839895800.00 ns, 3.1289 ns/op
WorkloadActual  26: 268435456 op, 822510100.00 ns, 3.0641 ns/op
WorkloadActual  27: 268435456 op, 835153600.00 ns, 3.1112 ns/op
WorkloadActual  28: 268435456 op, 808677000.00 ns, 3.0126 ns/op
WorkloadActual  29: 268435456 op, 837447200.00 ns, 3.1197 ns/op
WorkloadActual  30: 268435456 op, 866056400.00 ns, 3.2263 ns/op
WorkloadActual  31: 268435456 op, 846306300.00 ns, 3.1527 ns/op
WorkloadActual  32: 268435456 op, 830514500.00 ns, 3.0939 ns/op
WorkloadActual  33: 268435456 op, 830015600.00 ns, 3.0920 ns/op
WorkloadActual  34: 268435456 op, 831570200.00 ns, 3.0978 ns/op
WorkloadActual  35: 268435456 op, 837118000.00 ns, 3.1185 ns/op
WorkloadActual  36: 268435456 op, 852505700.00 ns, 3.1758 ns/op
WorkloadActual  37: 268435456 op, 839724900.00 ns, 3.1282 ns/op
WorkloadActual  38: 268435456 op, 836724700.00 ns, 3.1170 ns/op
WorkloadActual  39: 268435456 op, 837595600.00 ns, 3.1203 ns/op
WorkloadActual  40: 268435456 op, 843493800.00 ns, 3.1423 ns/op
WorkloadActual  41: 268435456 op, 856385200.00 ns, 3.1903 ns/op
WorkloadActual  42: 268435456 op, 850022000.00 ns, 3.1666 ns/op
WorkloadActual  43: 268435456 op, 841093100.00 ns, 3.1333 ns/op
WorkloadActual  44: 268435456 op, 840078000.00 ns, 3.1295 ns/op
WorkloadActual  45: 268435456 op, 823845500.00 ns, 3.0691 ns/op
WorkloadActual  46: 268435456 op, 846057200.00 ns, 3.1518 ns/op
WorkloadActual  47: 268435456 op, 831503400.00 ns, 3.0976 ns/op
WorkloadActual  48: 268435456 op, 839384100.00 ns, 3.1269 ns/op
WorkloadActual  49: 268435456 op, 842563700.00 ns, 3.1388 ns/op
WorkloadActual  50: 268435456 op, 839231200.00 ns, 3.1264 ns/op
WorkloadActual  51: 268435456 op, 841077600.00 ns, 3.1333 ns/op
WorkloadActual  52: 268435456 op, 837369300.00 ns, 3.1194 ns/op
WorkloadActual  53: 268435456 op, 850120200.00 ns, 3.1669 ns/op
WorkloadActual  54: 268435456 op, 857114900.00 ns, 3.1930 ns/op
WorkloadActual  55: 268435456 op, 851793200.00 ns, 3.1732 ns/op
WorkloadActual  56: 268435456 op, 838721800.00 ns, 3.1245 ns/op
WorkloadActual  57: 268435456 op, 868637900.00 ns, 3.2359 ns/op
WorkloadActual  58: 268435456 op, 840853400.00 ns, 3.1324 ns/op
WorkloadActual  59: 268435456 op, 830310900.00 ns, 3.0931 ns/op
WorkloadActual  60: 268435456 op, 851673200.00 ns, 3.1727 ns/op
WorkloadActual  61: 268435456 op, 849629400.00 ns, 3.1651 ns/op
WorkloadActual  62: 268435456 op, 825514500.00 ns, 3.0753 ns/op
WorkloadActual  63: 268435456 op, 847424900.00 ns, 3.1569 ns/op
WorkloadActual  64: 268435456 op, 868696400.00 ns, 3.2361 ns/op
WorkloadActual  65: 268435456 op, 857839900.00 ns, 3.1957 ns/op
WorkloadActual  66: 268435456 op, 851745000.00 ns, 3.1730 ns/op
WorkloadActual  67: 268435456 op, 859087100.00 ns, 3.2003 ns/op
WorkloadActual  68: 268435456 op, 848559800.00 ns, 3.1611 ns/op
WorkloadActual  69: 268435456 op, 857815700.00 ns, 3.1956 ns/op
WorkloadActual  70: 268435456 op, 859855900.00 ns, 3.2032 ns/op
WorkloadActual  71: 268435456 op, 860254400.00 ns, 3.2047 ns/op
WorkloadActual  72: 268435456 op, 847164100.00 ns, 3.1559 ns/op
WorkloadActual  73: 268435456 op, 826746200.00 ns, 3.0799 ns/op
WorkloadActual  74: 268435456 op, 841104900.00 ns, 3.1334 ns/op
WorkloadActual  75: 268435456 op, 839265400.00 ns, 3.1265 ns/op
WorkloadActual  76: 268435456 op, 836640800.00 ns, 3.1167 ns/op
WorkloadActual  77: 268435456 op, 838240700.00 ns, 3.1227 ns/op
WorkloadActual  78: 268435456 op, 847298100.00 ns, 3.1564 ns/op
WorkloadActual  79: 268435456 op, 846423200.00 ns, 3.1532 ns/op
WorkloadActual  80: 268435456 op, 840049900.00 ns, 3.1294 ns/op
WorkloadActual  81: 268435456 op, 835279800.00 ns, 3.1117 ns/op
WorkloadActual  82: 268435456 op, 832117800.00 ns, 3.0999 ns/op
WorkloadActual  83: 268435456 op, 833333800.00 ns, 3.1044 ns/op
WorkloadActual  84: 268435456 op, 834524200.00 ns, 3.1088 ns/op
WorkloadActual  85: 268435456 op, 847738700.00 ns, 3.1581 ns/op
WorkloadActual  86: 268435456 op, 857886000.00 ns, 3.1959 ns/op
WorkloadActual  87: 268435456 op, 856262800.00 ns, 3.1898 ns/op
WorkloadActual  88: 268435456 op, 866657400.00 ns, 3.2286 ns/op
WorkloadActual  89: 268435456 op, 869980500.00 ns, 3.2409 ns/op
WorkloadActual  90: 268435456 op, 862703500.00 ns, 3.2138 ns/op
WorkloadActual  91: 268435456 op, 834081000.00 ns, 3.1072 ns/op
WorkloadActual  92: 268435456 op, 850067900.00 ns, 3.1667 ns/op
WorkloadActual  93: 268435456 op, 841752700.00 ns, 3.1358 ns/op
WorkloadActual  94: 268435456 op, 836627100.00 ns, 3.1167 ns/op
WorkloadActual  95: 268435456 op, 879777600.00 ns, 3.2774 ns/op
WorkloadActual  96: 268435456 op, 858082100.00 ns, 3.1966 ns/op
WorkloadActual  97: 268435456 op, 837277500.00 ns, 3.1191 ns/op
WorkloadActual  98: 268435456 op, 837006800.00 ns, 3.1181 ns/op
WorkloadActual  99: 268435456 op, 818200700.00 ns, 3.0480 ns/op
WorkloadActual  100: 268435456 op, 806777700.00 ns, 3.0055 ns/op
WorkloadActual  101: 268435456 op, 833638800.00 ns, 3.1055 ns/op
WorkloadActual  102: 268435456 op, 825681100.00 ns, 3.0759 ns/op
WorkloadActual  103: 268435456 op, 828491000.00 ns, 3.0864 ns/op
WorkloadActual  104: 268435456 op, 837809700.00 ns, 3.1211 ns/op
WorkloadActual  105: 268435456 op, 832967900.00 ns, 3.1030 ns/op
WorkloadActual  106: 268435456 op, 832723000.00 ns, 3.1021 ns/op
WorkloadActual  107: 268435456 op, 856745100.00 ns, 3.1916 ns/op
WorkloadActual  108: 268435456 op, 833273200.00 ns, 3.1042 ns/op
WorkloadActual  109: 268435456 op, 837682300.00 ns, 3.1206 ns/op
WorkloadActual  110: 268435456 op, 854648300.00 ns, 3.1838 ns/op
WorkloadActual  111: 268435456 op, 857068700.00 ns, 3.1928 ns/op
WorkloadActual  112: 268435456 op, 857185300.00 ns, 3.1933 ns/op
WorkloadActual  113: 268435456 op, 848185200.00 ns, 3.1597 ns/op
WorkloadActual  114: 268435456 op, 825605600.00 ns, 3.0756 ns/op
WorkloadActual  115: 268435456 op, 829674900.00 ns, 3.0908 ns/op
WorkloadActual  116: 268435456 op, 830087500.00 ns, 3.0923 ns/op
WorkloadActual  117: 268435456 op, 836914200.00 ns, 3.1177 ns/op
WorkloadActual  118: 268435456 op, 841459600.00 ns, 3.1347 ns/op
WorkloadActual  119: 268435456 op, 826826100.00 ns, 3.0802 ns/op
WorkloadActual  120: 268435456 op, 828949000.00 ns, 3.0881 ns/op
WorkloadActual  121: 268435456 op, 820055500.00 ns, 3.0549 ns/op
WorkloadActual  122: 268435456 op, 821734500.00 ns, 3.0612 ns/op
WorkloadActual  123: 268435456 op, 831296000.00 ns, 3.0968 ns/op
WorkloadActual  124: 268435456 op, 831189000.00 ns, 3.0964 ns/op
WorkloadActual  125: 268435456 op, 824792800.00 ns, 3.0726 ns/op
WorkloadActual  126: 268435456 op, 820209900.00 ns, 3.0555 ns/op
WorkloadActual  127: 268435456 op, 824713000.00 ns, 3.0723 ns/op
WorkloadActual  128: 268435456 op, 823167400.00 ns, 3.0665 ns/op
WorkloadActual  129: 268435456 op, 824091900.00 ns, 3.0700 ns/op
WorkloadActual  130: 268435456 op, 824147600.00 ns, 3.0702 ns/op
WorkloadActual  131: 268435456 op, 820413000.00 ns, 3.0563 ns/op
WorkloadActual  132: 268435456 op, 828168900.00 ns, 3.0852 ns/op
WorkloadActual  133: 268435456 op, 825168300.00 ns, 3.0740 ns/op
WorkloadActual  134: 268435456 op, 839520900.00 ns, 3.1275 ns/op
WorkloadActual  135: 268435456 op, 817674900.00 ns, 3.0461 ns/op
WorkloadActual  136: 268435456 op, 818380400.00 ns, 3.0487 ns/op
WorkloadActual  137: 268435456 op, 821438200.00 ns, 3.0601 ns/op
WorkloadActual  138: 268435456 op, 818402200.00 ns, 3.0488 ns/op
WorkloadActual  139: 268435456 op, 824095900.00 ns, 3.0700 ns/op
WorkloadActual  140: 268435456 op, 830643600.00 ns, 3.0944 ns/op
WorkloadActual  141: 268435456 op, 815818600.00 ns, 3.0392 ns/op
WorkloadActual  142: 268435456 op, 813444900.00 ns, 3.0303 ns/op
WorkloadActual  143: 268435456 op, 808619900.00 ns, 3.0123 ns/op
WorkloadActual  144: 268435456 op, 815280200.00 ns, 3.0372 ns/op
WorkloadActual  145: 268435456 op, 817283000.00 ns, 3.0446 ns/op
WorkloadActual  146: 268435456 op, 816148700.00 ns, 3.0404 ns/op
WorkloadActual  147: 268435456 op, 820539600.00 ns, 3.0567 ns/op
WorkloadActual  148: 268435456 op, 813806200.00 ns, 3.0317 ns/op
WorkloadActual  149: 268435456 op, 838231300.00 ns, 3.1227 ns/op
WorkloadActual  150: 268435456 op, 819417400.00 ns, 3.0526 ns/op
WorkloadActual  151: 268435456 op, 815240100.00 ns, 3.0370 ns/op
WorkloadActual  152: 268435456 op, 812298500.00 ns, 3.0260 ns/op
WorkloadActual  153: 268435456 op, 813415000.00 ns, 3.0302 ns/op
WorkloadActual  154: 268435456 op, 814144000.00 ns, 3.0329 ns/op
WorkloadActual  155: 268435456 op, 805621600.00 ns, 3.0012 ns/op
WorkloadActual  156: 268435456 op, 830832400.00 ns, 3.0951 ns/op
WorkloadActual  157: 268435456 op, 847600300.00 ns, 3.1576 ns/op
WorkloadActual  158: 268435456 op, 822226500.00 ns, 3.0630 ns/op
WorkloadActual  159: 268435456 op, 819955600.00 ns, 3.0546 ns/op
WorkloadActual  160: 268435456 op, 820101200.00 ns, 3.0551 ns/op
WorkloadActual  161: 268435456 op, 840772200.00 ns, 3.1321 ns/op
WorkloadActual  162: 268435456 op, 849334700.00 ns, 3.1640 ns/op
WorkloadActual  163: 268435456 op, 828776400.00 ns, 3.0874 ns/op
WorkloadActual  164: 268435456 op, 814624500.00 ns, 3.0347 ns/op
WorkloadActual  165: 268435456 op, 830004200.00 ns, 3.0920 ns/op
WorkloadActual  166: 268435456 op, 824123900.00 ns, 3.0701 ns/op
WorkloadActual  167: 268435456 op, 846721000.00 ns, 3.1543 ns/op
WorkloadActual  168: 268435456 op, 836025600.00 ns, 3.1144 ns/op
WorkloadActual  169: 268435456 op, 828164100.00 ns, 3.0852 ns/op
WorkloadActual  170: 268435456 op, 822984900.00 ns, 3.0659 ns/op
WorkloadActual  171: 268435456 op, 841022900.00 ns, 3.1331 ns/op
WorkloadActual  172: 268435456 op, 840004600.00 ns, 3.1293 ns/op
WorkloadActual  173: 268435456 op, 833976700.00 ns, 3.1068 ns/op
WorkloadActual  174: 268435456 op, 829694000.00 ns, 3.0909 ns/op
WorkloadActual  175: 268435456 op, 827486800.00 ns, 3.0826 ns/op
WorkloadActual  176: 268435456 op, 821660800.00 ns, 3.0609 ns/op
WorkloadActual  177: 268435456 op, 817142100.00 ns, 3.0441 ns/op
WorkloadActual  178: 268435456 op, 828141800.00 ns, 3.0851 ns/op
WorkloadActual  179: 268435456 op, 858414100.00 ns, 3.1978 ns/op
WorkloadActual  180: 268435456 op, 808738600.00 ns, 3.0128 ns/op
WorkloadActual  181: 268435456 op, 849911500.00 ns, 3.1662 ns/op
WorkloadActual  182: 268435456 op, 827546300.00 ns, 3.0829 ns/op
WorkloadActual  183: 268435456 op, 841168700.00 ns, 3.1336 ns/op
WorkloadActual  184: 268435456 op, 832453600.00 ns, 3.1011 ns/op
WorkloadActual  185: 268435456 op, 831221700.00 ns, 3.0965 ns/op
WorkloadActual  186: 268435456 op, 809390500.00 ns, 3.0152 ns/op
WorkloadActual  187: 268435456 op, 826130400.00 ns, 3.0776 ns/op
WorkloadActual  188: 268435456 op, 826767800.00 ns, 3.0800 ns/op
WorkloadActual  189: 268435456 op, 812308500.00 ns, 3.0261 ns/op
WorkloadActual  190: 268435456 op, 819662700.00 ns, 3.0535 ns/op
WorkloadActual  191: 268435456 op, 825352900.00 ns, 3.0747 ns/op
WorkloadActual  192: 268435456 op, 829665500.00 ns, 3.0907 ns/op
WorkloadActual  193: 268435456 op, 841128200.00 ns, 3.1334 ns/op
WorkloadActual  194: 268435456 op, 827057000.00 ns, 3.0810 ns/op
WorkloadActual  195: 268435456 op, 845067900.00 ns, 3.1481 ns/op
WorkloadActual  196: 268435456 op, 840599200.00 ns, 3.1315 ns/op
WorkloadActual  197: 268435456 op, 817874200.00 ns, 3.0468 ns/op
WorkloadActual  198: 268435456 op, 835944100.00 ns, 3.1141 ns/op
WorkloadActual  199: 268435456 op, 828019400.00 ns, 3.0846 ns/op
WorkloadActual  200: 268435456 op, 830139900.00 ns, 3.0925 ns/op

// AfterActualRun
WorkloadResult   1: 268435456 op, 544327400.00 ns, 2.0278 ns/op
WorkloadResult   2: 268435456 op, 530065800.00 ns, 1.9746 ns/op
WorkloadResult   3: 268435456 op, 522815500.00 ns, 1.9476 ns/op
WorkloadResult   4: 268435456 op, 539359000.00 ns, 2.0093 ns/op
WorkloadResult   5: 268435456 op, 555292000.00 ns, 2.0686 ns/op
WorkloadResult   6: 268435456 op, 548273700.00 ns, 2.0425 ns/op
WorkloadResult   7: 268435456 op, 537077800.00 ns, 2.0008 ns/op
WorkloadResult   8: 268435456 op, 527022500.00 ns, 1.9633 ns/op
WorkloadResult   9: 268435456 op, 531818700.00 ns, 1.9812 ns/op
WorkloadResult  10: 268435456 op, 533052900.00 ns, 1.9858 ns/op
WorkloadResult  11: 268435456 op, 540770400.00 ns, 2.0145 ns/op
WorkloadResult  12: 268435456 op, 554711700.00 ns, 2.0665 ns/op
WorkloadResult  13: 268435456 op, 559592400.00 ns, 2.0846 ns/op
WorkloadResult  14: 268435456 op, 577560700.00 ns, 2.1516 ns/op
WorkloadResult  15: 268435456 op, 560627000.00 ns, 2.0885 ns/op
WorkloadResult  16: 268435456 op, 556805600.00 ns, 2.0743 ns/op
WorkloadResult  17: 268435456 op, 557204200.00 ns, 2.0757 ns/op
WorkloadResult  18: 268435456 op, 558858500.00 ns, 2.0819 ns/op
WorkloadResult  19: 268435456 op, 567470800.00 ns, 2.1140 ns/op
WorkloadResult  20: 268435456 op, 558840400.00 ns, 2.0818 ns/op
WorkloadResult  21: 268435456 op, 562626900.00 ns, 2.0959 ns/op
WorkloadResult  22: 268435456 op, 553666900.00 ns, 2.0626 ns/op
WorkloadResult  23: 268435456 op, 555495400.00 ns, 2.0694 ns/op
WorkloadResult  24: 268435456 op, 580501300.00 ns, 2.1625 ns/op
WorkloadResult  25: 268435456 op, 576525200.00 ns, 2.1477 ns/op
WorkloadResult  26: 268435456 op, 559139500.00 ns, 2.0830 ns/op
WorkloadResult  27: 268435456 op, 571783000.00 ns, 2.1301 ns/op
WorkloadResult  28: 268435456 op, 545306400.00 ns, 2.0314 ns/op
WorkloadResult  29: 268435456 op, 574076600.00 ns, 2.1386 ns/op
WorkloadResult  30: 268435456 op, 602685800.00 ns, 2.2452 ns/op
WorkloadResult  31: 268435456 op, 582935700.00 ns, 2.1716 ns/op
WorkloadResult  32: 268435456 op, 567143900.00 ns, 2.1128 ns/op
WorkloadResult  33: 268435456 op, 566645000.00 ns, 2.1109 ns/op
WorkloadResult  34: 268435456 op, 568199600.00 ns, 2.1167 ns/op
WorkloadResult  35: 268435456 op, 573747400.00 ns, 2.1374 ns/op
WorkloadResult  36: 268435456 op, 589135100.00 ns, 2.1947 ns/op
WorkloadResult  37: 268435456 op, 576354300.00 ns, 2.1471 ns/op
WorkloadResult  38: 268435456 op, 573354100.00 ns, 2.1359 ns/op
WorkloadResult  39: 268435456 op, 574225000.00 ns, 2.1392 ns/op
WorkloadResult  40: 268435456 op, 580123200.00 ns, 2.1611 ns/op
WorkloadResult  41: 268435456 op, 593014600.00 ns, 2.2092 ns/op
WorkloadResult  42: 268435456 op, 586651400.00 ns, 2.1854 ns/op
WorkloadResult  43: 268435456 op, 577722500.00 ns, 2.1522 ns/op
WorkloadResult  44: 268435456 op, 576707400.00 ns, 2.1484 ns/op
WorkloadResult  45: 268435456 op, 560474900.00 ns, 2.0879 ns/op
WorkloadResult  46: 268435456 op, 582686600.00 ns, 2.1707 ns/op
WorkloadResult  47: 268435456 op, 568132800.00 ns, 2.1165 ns/op
WorkloadResult  48: 268435456 op, 576013500.00 ns, 2.1458 ns/op
WorkloadResult  49: 268435456 op, 579193100.00 ns, 2.1577 ns/op
WorkloadResult  50: 268435456 op, 575860600.00 ns, 2.1452 ns/op
WorkloadResult  51: 268435456 op, 577707000.00 ns, 2.1521 ns/op
WorkloadResult  52: 268435456 op, 573998700.00 ns, 2.1383 ns/op
WorkloadResult  53: 268435456 op, 586749600.00 ns, 2.1858 ns/op
WorkloadResult  54: 268435456 op, 593744300.00 ns, 2.2119 ns/op
WorkloadResult  55: 268435456 op, 588422600.00 ns, 2.1920 ns/op
WorkloadResult  56: 268435456 op, 575351200.00 ns, 2.1434 ns/op
WorkloadResult  57: 268435456 op, 605267300.00 ns, 2.2548 ns/op
WorkloadResult  58: 268435456 op, 577482800.00 ns, 2.1513 ns/op
WorkloadResult  59: 268435456 op, 566940300.00 ns, 2.1120 ns/op
WorkloadResult  60: 268435456 op, 588302600.00 ns, 2.1916 ns/op
WorkloadResult  61: 268435456 op, 586258800.00 ns, 2.1840 ns/op
WorkloadResult  62: 268435456 op, 562143900.00 ns, 2.0941 ns/op
WorkloadResult  63: 268435456 op, 584054300.00 ns, 2.1758 ns/op
WorkloadResult  64: 268435456 op, 605325800.00 ns, 2.2550 ns/op
WorkloadResult  65: 268435456 op, 594469300.00 ns, 2.2146 ns/op
WorkloadResult  66: 268435456 op, 588374400.00 ns, 2.1919 ns/op
WorkloadResult  67: 268435456 op, 595716500.00 ns, 2.2192 ns/op
WorkloadResult  68: 268435456 op, 585189200.00 ns, 2.1800 ns/op
WorkloadResult  69: 268435456 op, 594445100.00 ns, 2.2145 ns/op
WorkloadResult  70: 268435456 op, 596485300.00 ns, 2.2221 ns/op
WorkloadResult  71: 268435456 op, 596883800.00 ns, 2.2236 ns/op
WorkloadResult  72: 268435456 op, 583793500.00 ns, 2.1748 ns/op
WorkloadResult  73: 268435456 op, 563375600.00 ns, 2.0987 ns/op
WorkloadResult  74: 268435456 op, 577734300.00 ns, 2.1522 ns/op
WorkloadResult  75: 268435456 op, 575894800.00 ns, 2.1454 ns/op
WorkloadResult  76: 268435456 op, 573270200.00 ns, 2.1356 ns/op
WorkloadResult  77: 268435456 op, 574870100.00 ns, 2.1416 ns/op
WorkloadResult  78: 268435456 op, 583927500.00 ns, 2.1753 ns/op
WorkloadResult  79: 268435456 op, 583052600.00 ns, 2.1720 ns/op
WorkloadResult  80: 268435456 op, 576679300.00 ns, 2.1483 ns/op
WorkloadResult  81: 268435456 op, 571909200.00 ns, 2.1305 ns/op
WorkloadResult  82: 268435456 op, 568747200.00 ns, 2.1187 ns/op
WorkloadResult  83: 268435456 op, 569963200.00 ns, 2.1233 ns/op
WorkloadResult  84: 268435456 op, 571153600.00 ns, 2.1277 ns/op
WorkloadResult  85: 268435456 op, 584368100.00 ns, 2.1769 ns/op
WorkloadResult  86: 268435456 op, 594515400.00 ns, 2.2147 ns/op
WorkloadResult  87: 268435456 op, 592892200.00 ns, 2.2087 ns/op
WorkloadResult  88: 268435456 op, 603286800.00 ns, 2.2474 ns/op
WorkloadResult  89: 268435456 op, 606609900.00 ns, 2.2598 ns/op
WorkloadResult  90: 268435456 op, 599332900.00 ns, 2.2327 ns/op
WorkloadResult  91: 268435456 op, 570710400.00 ns, 2.1261 ns/op
WorkloadResult  92: 268435456 op, 586697300.00 ns, 2.1856 ns/op
WorkloadResult  93: 268435456 op, 578382100.00 ns, 2.1546 ns/op
WorkloadResult  94: 268435456 op, 573256500.00 ns, 2.1355 ns/op
WorkloadResult  95: 268435456 op, 594711500.00 ns, 2.2155 ns/op
WorkloadResult  96: 268435456 op, 573906900.00 ns, 2.1380 ns/op
WorkloadResult  97: 268435456 op, 573636200.00 ns, 2.1370 ns/op
WorkloadResult  98: 268435456 op, 554830100.00 ns, 2.0669 ns/op
WorkloadResult  99: 268435456 op, 543407100.00 ns, 2.0243 ns/op
WorkloadResult  100: 268435456 op, 570268200.00 ns, 2.1244 ns/op
WorkloadResult  101: 268435456 op, 562310500.00 ns, 2.0948 ns/op
WorkloadResult  102: 268435456 op, 565120400.00 ns, 2.1052 ns/op
WorkloadResult  103: 268435456 op, 574439100.00 ns, 2.1400 ns/op
WorkloadResult  104: 268435456 op, 569597300.00 ns, 2.1219 ns/op
WorkloadResult  105: 268435456 op, 569352400.00 ns, 2.1210 ns/op
WorkloadResult  106: 268435456 op, 593374500.00 ns, 2.2105 ns/op
WorkloadResult  107: 268435456 op, 569902600.00 ns, 2.1231 ns/op
WorkloadResult  108: 268435456 op, 574311700.00 ns, 2.1395 ns/op
WorkloadResult  109: 268435456 op, 591277700.00 ns, 2.2027 ns/op
WorkloadResult  110: 268435456 op, 593698100.00 ns, 2.2117 ns/op
WorkloadResult  111: 268435456 op, 593814700.00 ns, 2.2121 ns/op
WorkloadResult  112: 268435456 op, 584814600.00 ns, 2.1786 ns/op
WorkloadResult  113: 268435456 op, 562235000.00 ns, 2.0945 ns/op
WorkloadResult  114: 268435456 op, 566304300.00 ns, 2.1096 ns/op
WorkloadResult  115: 268435456 op, 566716900.00 ns, 2.1112 ns/op
WorkloadResult  116: 268435456 op, 573543600.00 ns, 2.1366 ns/op
WorkloadResult  117: 268435456 op, 578089000.00 ns, 2.1535 ns/op
WorkloadResult  118: 268435456 op, 563455500.00 ns, 2.0990 ns/op
WorkloadResult  119: 268435456 op, 565578400.00 ns, 2.1069 ns/op
WorkloadResult  120: 268435456 op, 556684900.00 ns, 2.0738 ns/op
WorkloadResult  121: 268435456 op, 558363900.00 ns, 2.0801 ns/op
WorkloadResult  122: 268435456 op, 567925400.00 ns, 2.1157 ns/op
WorkloadResult  123: 268435456 op, 567818400.00 ns, 2.1153 ns/op
WorkloadResult  124: 268435456 op, 561422200.00 ns, 2.0915 ns/op
WorkloadResult  125: 268435456 op, 556839300.00 ns, 2.0744 ns/op
WorkloadResult  126: 268435456 op, 561342400.00 ns, 2.0912 ns/op
WorkloadResult  127: 268435456 op, 559796800.00 ns, 2.0854 ns/op
WorkloadResult  128: 268435456 op, 560721300.00 ns, 2.0888 ns/op
WorkloadResult  129: 268435456 op, 560777000.00 ns, 2.0891 ns/op
WorkloadResult  130: 268435456 op, 557042400.00 ns, 2.0751 ns/op
WorkloadResult  131: 268435456 op, 564798300.00 ns, 2.1040 ns/op
WorkloadResult  132: 268435456 op, 561797700.00 ns, 2.0929 ns/op
WorkloadResult  133: 268435456 op, 576150300.00 ns, 2.1463 ns/op
WorkloadResult  134: 268435456 op, 554304300.00 ns, 2.0649 ns/op
WorkloadResult  135: 268435456 op, 555009800.00 ns, 2.0676 ns/op
WorkloadResult  136: 268435456 op, 558067600.00 ns, 2.0790 ns/op
WorkloadResult  137: 268435456 op, 555031600.00 ns, 2.0677 ns/op
WorkloadResult  138: 268435456 op, 560725300.00 ns, 2.0889 ns/op
WorkloadResult  139: 268435456 op, 567273000.00 ns, 2.1133 ns/op
WorkloadResult  140: 268435456 op, 552448000.00 ns, 2.0580 ns/op
WorkloadResult  141: 268435456 op, 550074300.00 ns, 2.0492 ns/op
WorkloadResult  142: 268435456 op, 545249300.00 ns, 2.0312 ns/op
WorkloadResult  143: 268435456 op, 551909600.00 ns, 2.0560 ns/op
WorkloadResult  144: 268435456 op, 553912400.00 ns, 2.0635 ns/op
WorkloadResult  145: 268435456 op, 552778100.00 ns, 2.0593 ns/op
WorkloadResult  146: 268435456 op, 557169000.00 ns, 2.0756 ns/op
WorkloadResult  147: 268435456 op, 550435600.00 ns, 2.0505 ns/op
WorkloadResult  148: 268435456 op, 574860700.00 ns, 2.1415 ns/op
WorkloadResult  149: 268435456 op, 556046800.00 ns, 2.0714 ns/op
WorkloadResult  150: 268435456 op, 551869500.00 ns, 2.0559 ns/op
WorkloadResult  151: 268435456 op, 548927900.00 ns, 2.0449 ns/op
WorkloadResult  152: 268435456 op, 550044400.00 ns, 2.0491 ns/op
WorkloadResult  153: 268435456 op, 550773400.00 ns, 2.0518 ns/op
WorkloadResult  154: 268435456 op, 542251000.00 ns, 2.0200 ns/op
WorkloadResult  155: 268435456 op, 567461800.00 ns, 2.1140 ns/op
WorkloadResult  156: 268435456 op, 584229700.00 ns, 2.1764 ns/op
WorkloadResult  157: 268435456 op, 558855900.00 ns, 2.0819 ns/op
WorkloadResult  158: 268435456 op, 556585000.00 ns, 2.0734 ns/op
WorkloadResult  159: 268435456 op, 556730600.00 ns, 2.0740 ns/op
WorkloadResult  160: 268435456 op, 577401600.00 ns, 2.1510 ns/op
WorkloadResult  161: 268435456 op, 585964100.00 ns, 2.1829 ns/op
WorkloadResult  162: 268435456 op, 565405800.00 ns, 2.1063 ns/op
WorkloadResult  163: 268435456 op, 551253900.00 ns, 2.0536 ns/op
WorkloadResult  164: 268435456 op, 566633600.00 ns, 2.1109 ns/op
WorkloadResult  165: 268435456 op, 560753300.00 ns, 2.0890 ns/op
WorkloadResult  166: 268435456 op, 583350400.00 ns, 2.1731 ns/op
WorkloadResult  167: 268435456 op, 572655000.00 ns, 2.1333 ns/op
WorkloadResult  168: 268435456 op, 564793500.00 ns, 2.1040 ns/op
WorkloadResult  169: 268435456 op, 559614300.00 ns, 2.0847 ns/op
WorkloadResult  170: 268435456 op, 577652300.00 ns, 2.1519 ns/op
WorkloadResult  171: 268435456 op, 576634000.00 ns, 2.1481 ns/op
WorkloadResult  172: 268435456 op, 570606100.00 ns, 2.1257 ns/op
WorkloadResult  173: 268435456 op, 566323400.00 ns, 2.1097 ns/op
WorkloadResult  174: 268435456 op, 564116200.00 ns, 2.1015 ns/op
WorkloadResult  175: 268435456 op, 558290200.00 ns, 2.0798 ns/op
WorkloadResult  176: 268435456 op, 553771500.00 ns, 2.0630 ns/op
WorkloadResult  177: 268435456 op, 564771200.00 ns, 2.1039 ns/op
WorkloadResult  178: 268435456 op, 595043500.00 ns, 2.2167 ns/op
WorkloadResult  179: 268435456 op, 545368000.00 ns, 2.0317 ns/op
WorkloadResult  180: 268435456 op, 586540900.00 ns, 2.1850 ns/op
WorkloadResult  181: 268435456 op, 564175700.00 ns, 2.1017 ns/op
WorkloadResult  182: 268435456 op, 577798100.00 ns, 2.1525 ns/op
WorkloadResult  183: 268435456 op, 569083000.00 ns, 2.1200 ns/op
WorkloadResult  184: 268435456 op, 567851100.00 ns, 2.1154 ns/op
WorkloadResult  185: 268435456 op, 546019900.00 ns, 2.0341 ns/op
WorkloadResult  186: 268435456 op, 562759800.00 ns, 2.0964 ns/op
WorkloadResult  187: 268435456 op, 563397200.00 ns, 2.0988 ns/op
WorkloadResult  188: 268435456 op, 548937900.00 ns, 2.0450 ns/op
WorkloadResult  189: 268435456 op, 556292100.00 ns, 2.0723 ns/op
WorkloadResult  190: 268435456 op, 561982300.00 ns, 2.0935 ns/op
WorkloadResult  191: 268435456 op, 566294900.00 ns, 2.1096 ns/op
WorkloadResult  192: 268435456 op, 577757600.00 ns, 2.1523 ns/op
WorkloadResult  193: 268435456 op, 563686400.00 ns, 2.0999 ns/op
WorkloadResult  194: 268435456 op, 581697300.00 ns, 2.1670 ns/op
WorkloadResult  195: 268435456 op, 577228600.00 ns, 2.1503 ns/op
WorkloadResult  196: 268435456 op, 554503600.00 ns, 2.0657 ns/op
WorkloadResult  197: 268435456 op, 572573500.00 ns, 2.1330 ns/op
WorkloadResult  198: 268435456 op, 564648800.00 ns, 2.1035 ns/op
WorkloadResult  199: 268435456 op, 566769300.00 ns, 2.1114 ns/op
// GC:  299 0 0 15032385936 268435456
// Threading:  0 0 268435456

// AfterAll
// Benchmark Process 58224 has exited with code 0.

Mean = 2.119 ns, StdErr = 0.004 ns (0.20%), N = 199, StdDev = 0.059 ns
Min = 1.948 ns, Q1 = 2.080 ns, Median = 2.115 ns, Q3 = 2.152 ns, Max = 2.260 ns
IQR = 0.072 ns, LowerFence = 1.971 ns, UpperFence = 2.261 ns
ConfidenceInterval = [2.105 ns; 2.133 ns] (CI 99.9%), Margin = 0.014 ns (0.66% of Mean)
Skewness = -0.03, Kurtosis = 2.97, MValue = 2

// ** Remained 10 (71.4 %) benchmark(s) to run. Estimated finish 2026-08-06 18:22 (0h 20m from now) **
Successfully reverted power plan (GUID: 8c5e7fda-e8bf-4a96-9a85-a6e23a8c635c FriendlyName: Alto rendimiento)
// ***** BenchmarkRunner: Finish  *****

// * Export *
  benchmarks\results\results\EricksonLopez.Outbox.Benchmarks.B_MessageConstructionBenchmarks-report.csv
  benchmarks\results\results\EricksonLopez.Outbox.Benchmarks.B_MessageConstructionBenchmarks-report-github.md
  benchmarks\results\results\EricksonLopez.Outbox.Benchmarks.B_MessageConstructionBenchmarks-report.html
  benchmarks\results\results\EricksonLopez.Outbox.Benchmarks.B_MessageConstructionBenchmarks-report-full-compressed.json
  benchmarks\results\results\EricksonLopez.Outbox.Benchmarks.B_MessageConstructionBenchmarks-report-default.md

// * Detailed results *
B_MessageConstructionBenchmarks.EricksonLopezOutbox_CreateOutboxMessage: Job-HIGIWD(IterationCount=200, WarmupCount=20)
Runtime = .NET 10.0.10 (10.0.1026.32716), X64 RyuJIT AVX-512F+CD+BW+DQ+VL+VBMI; GC = Concurrent Workstation
Mean = 68.443 ns, StdErr = 0.054 ns (0.08%), N = 200, StdDev = 0.761 ns
Min = 66.834 ns, Q1 = 67.860 ns, Median = 68.416 ns, Q3 = 68.986 ns, Max = 70.475 ns
IQR = 1.126 ns, LowerFence = 66.171 ns, UpperFence = 70.674 ns
ConfidenceInterval = [68.263 ns; 68.622 ns] (CI 99.9%), Margin = 0.180 ns (0.26% of Mean)
Skewness = 0.18, Kurtosis = 2.46, MValue = 2
-------------------- Histogram --------------------
[66.664 ns ; 68.636 ns) | @@@@@@@@@@@@@@@@@@@@@@@@@@@@@@@@@@@@@@@@@@@@@@@@@@@@@@@@@@@@@@@@@@@@@@@@@@@@@@@@@@@@@@@@@@@@@@@@@@@@@@@@@@@@@@@@@@@@@@@
[68.636 ns ; 70.646 ns) | @@@@@@@@@@@@@@@@@@@@@@@@@@@@@@@@@@@@@@@@@@@@@@@@@@@@@@@@@@@@@@@@@@@@@@@@@@@@@@@@@
---------------------------------------------------

B_MessageConstructionBenchmarks.EricksonLopezOutbox_CreateMessageMetadata: Job-HIGIWD(IterationCount=200, WarmupCount=20)
Runtime = .NET 10.0.10 (10.0.1026.32716), X64 RyuJIT AVX-512F+CD+BW+DQ+VL+VBMI; GC = Concurrent Workstation
Mean = 2.119 ns, StdErr = 0.004 ns (0.20%), N = 199, StdDev = 0.059 ns
Min = 1.948 ns, Q1 = 2.080 ns, Median = 2.115 ns, Q3 = 2.152 ns, Max = 2.260 ns
IQR = 0.072 ns, LowerFence = 1.971 ns, UpperFence = 2.261 ns
ConfidenceInterval = [2.105 ns; 2.133 ns] (CI 99.9%), Margin = 0.014 ns (0.66% of Mean)
Skewness = -0.03, Kurtosis = 2.97, MValue = 2
-------------------- Histogram --------------------
[1.934 ns ; 1.994 ns) | @@@@@
[1.994 ns ; 2.042 ns) | @@@@@@@@@@
[2.042 ns ; 2.121 ns) | @@@@@@@@@@@@@@@@@@@@@@@@@@@@@@@@@@@@@@@@@@@@@@@@@@@@@@@@@@@@@@@@@@@@@@@@@@@@@@@@@@@@@@@@@@
[2.121 ns ; 2.204 ns) | @@@@@@@@@@@@@@@@@@@@@@@@@@@@@@@@@@@@@@@@@@@@@@@@@@@@@@@@@@@@@@@@@@@@@@@@@@
[2.204 ns ; 2.273 ns) | @@@@@@@@@@@@@@@@@@@@
---------------------------------------------------

// * Summary *

BenchmarkDotNet v0.13.12, Windows 11 (10.0.26200.8875)
Unknown processor
.NET SDK 10.0.302
  [Host]     : .NET 10.0.10 (10.0.1026.32716), X64 RyuJIT AVX-512F+CD+BW+DQ+VL+VBMI
  Job-HIGIWD : .NET 10.0.10 (10.0.1026.32716), X64 RyuJIT AVX-512F+CD+BW+DQ+VL+VBMI

IterationCount=200  WarmupCount=20  

| Method                                    | Mean      | Min       | Max       | Ratio | Gen0   | Allocated | Alloc Ratio |
|------------------------------------------ |----------:|----------:|----------:|------:|-------:|----------:|------------:|
| EricksonLopezOutbox_CreateOutboxMessage   | 68.443 ns | 66.834 ns | 70.475 ns |  1.00 | 0.0041 |     208 B |        1.00 |
| EricksonLopezOutbox_CreateMessageMetadata |  2.119 ns |  1.948 ns |  2.260 ns |  0.03 | 0.0011 |      56 B |        0.27 |

// * Hints *
Outliers
  B_MessageConstructionBenchmarks.EricksonLopezOutbox_CreateMessageMetadata: IterationCount=200, WarmupCount=20 -> 1 outlier  was  removed, 3 outliers were detected (2.93 ns, 2.94 ns, 3.28 ns)
HideColumnsAnalyser
  Summary -> Hidden columns: Error, StdDev

// * Legends *
  Mean        : Arithmetic mean of all measurements
  Min         : Minimum
  Max         : Maximum
  Ratio       : Mean of the ratio distribution ([Current]/[Baseline])
  Gen0        : GC Generation 0 collects per 1000 operations
  Allocated   : Allocated memory per single operation (managed only, inclusive, 1KB = 1024B)
  Alloc Ratio : Allocated memory ratio distribution ([Current]/[Baseline])
  1 ns        : 1 Nanosecond (0.000000001 sec)

// * Diagnostic Output - MemoryDiagnoser *


// ***** BenchmarkRunner: End *****
Run time: 00:05:25 (325.72 sec), executed benchmarks: 2

// Found 4 benchmarks:
//   D_BatchStoreBenchmarks.EricksonLopezOutbox_StoreAsync_Batch: Job-AUVMEM(IterationCount=15, WarmupCount=10) [BatchSize=1]
//   D_BatchStoreBenchmarks.EricksonLopezOutbox_StoreAsync_Batch: Job-AUVMEM(IterationCount=15, WarmupCount=10) [BatchSize=10]
//   D_BatchStoreBenchmarks.EricksonLopezOutbox_StoreAsync_Batch: Job-AUVMEM(IterationCount=15, WarmupCount=10) [BatchSize=100]
//   D_BatchStoreBenchmarks.EricksonLopezOutbox_StoreAsync_Batch: Job-AUVMEM(IterationCount=15, WarmupCount=10) [BatchSize=1000]

Setup power plan (GUID: 8c5e7fda-e8bf-4a96-9a85-a6e23a8c635c FriendlyName: Alto rendimiento)
// **************************
// Benchmark: D_BatchStoreBenchmarks.EricksonLopezOutbox_StoreAsync_Batch: Job-AUVMEM(IterationCount=15, WarmupCount=10) [BatchSize=1]
// *** Execute ***
// Launch: 1 / 1
// Execute: dotnet fa58206c-31f2-44e5-b9bd-6b8a39772c60.dll --anonymousPipes 3712 3252 --benchmarkName "EricksonLopez.Outbox.Benchmarks.D_BatchStoreBenchmarks.EricksonLopezOutbox_StoreAsync_Batch(BatchSize: 1)" --job "IterationCount=15, WarmupCount=10" --benchmarkId 4 in D:\DevData\ericksonlopez.dev\dotnet-outbox\benchmarks\EricksonLopez.Outbox.Benchmarks\bin\Release\net10.0\fa58206c-31f2-44e5-b9bd-6b8a39772c60\bin\Release\net10.0
// BeforeAnythingElse

// Benchmark Process Environment Information:
// BenchmarkDotNet v0.13.12
// Runtime=.NET 10.0.10 (10.0.1026.32716), X64 RyuJIT AVX-512F+CD+BW+DQ+VL+VBMI
// GC=Concurrent Workstation
// HardwareIntrinsics=AVX-512F+CD+BW+DQ+VL+VBMI,AES,BMI1,BMI2,FMA,LZCNT,PCLMUL,POPCNT,AvxVnni VectorSize=256
// Job: Job-OLFZHE(IterationCount=15, WarmupCount=10)

info: EricksonLopez.Outbox.Hosting.OutboxStartupValidator[10102]
      This application acts only as a publisher. Pending messages won't be dispatched.
info: Microsoft.Hosting.Lifetime[0]
      Application started. Press Ctrl+C to shut down.
info: Microsoft.Hosting.Lifetime[0]
      Hosting environment: Production
info: Microsoft.Hosting.Lifetime[0]
      Content root path: D:\DevData\ericksonlopez.dev\dotnet-outbox\benchmarks\EricksonLopez.Outbox.Benchmarks\bin\Release\net10.0\fa58206c-31f2-44e5-b9bd-6b8a39772c60\bin\Release\net10.0
OverheadJitting  1: 1 op, 179100.00 ns, 179.1000 us/op
WorkloadJitting  1: 1 op, 22884500.00 ns, 22.8845 ms/op

OverheadJitting  2: 16 op, 162500.00 ns, 10.1562 us/op
WorkloadJitting  2: 16 op, 253300.00 ns, 15.8312 us/op

WorkloadPilot    1: 16 op, 30600.00 ns, 1.9125 us/op
WorkloadPilot    2: 32 op, 39500.00 ns, 1.2344 us/op
WorkloadPilot    3: 64 op, 65100.00 ns, 1.0172 us/op
WorkloadPilot    4: 128 op, 101900.00 ns, 796.0938 ns/op
WorkloadPilot    5: 256 op, 213400.00 ns, 833.5938 ns/op
WorkloadPilot    6: 512 op, 362600.00 ns, 708.2031 ns/op
WorkloadPilot    7: 1024 op, 776200.00 ns, 758.0078 ns/op
WorkloadPilot    8: 2048 op, 1436200.00 ns, 701.2695 ns/op
WorkloadPilot    9: 4096 op, 3235600.00 ns, 789.9414 ns/op
WorkloadPilot   10: 8192 op, 6253700.00 ns, 763.3911 ns/op
WorkloadPilot   11: 16384 op, 11796900.00 ns, 720.0256 ns/op
WorkloadPilot   12: 32768 op, 23993700.00 ns, 732.2296 ns/op
WorkloadPilot   13: 65536 op, 46796800.00 ns, 714.0625 ns/op
WorkloadPilot   14: 131072 op, 95802700.00 ns, 730.9166 ns/op
WorkloadPilot   15: 262144 op, 91212900.00 ns, 347.9496 ns/op
WorkloadPilot   16: 524288 op, 126410700.00 ns, 241.1093 ns/op
WorkloadPilot   17: 1048576 op, 254974700.00 ns, 243.1628 ns/op
WorkloadPilot   18: 2097152 op, 512148400.00 ns, 244.2114 ns/op

OverheadWarmup   1: 2097152 op, 2817300.00 ns, 1.3434 ns/op
OverheadWarmup   2: 2097152 op, 2808600.00 ns, 1.3392 ns/op
OverheadWarmup   3: 2097152 op, 2837500.00 ns, 1.3530 ns/op
OverheadWarmup   4: 2097152 op, 2823600.00 ns, 1.3464 ns/op
OverheadWarmup   5: 2097152 op, 2814200.00 ns, 1.3419 ns/op
OverheadWarmup   6: 2097152 op, 2842800.00 ns, 1.3556 ns/op
OverheadWarmup   7: 2097152 op, 2836200.00 ns, 1.3524 ns/op

OverheadActual   1: 2097152 op, 2852900.00 ns, 1.3604 ns/op
OverheadActual   2: 2097152 op, 2876400.00 ns, 1.3716 ns/op
OverheadActual   3: 2097152 op, 2814700.00 ns, 1.3422 ns/op
OverheadActual   4: 2097152 op, 2813100.00 ns, 1.3414 ns/op
OverheadActual   5: 2097152 op, 2821900.00 ns, 1.3456 ns/op
OverheadActual   6: 2097152 op, 2823000.00 ns, 1.3461 ns/op
OverheadActual   7: 2097152 op, 2846700.00 ns, 1.3574 ns/op
OverheadActual   8: 2097152 op, 2820000.00 ns, 1.3447 ns/op
OverheadActual   9: 2097152 op, 2823300.00 ns, 1.3463 ns/op
OverheadActual  10: 2097152 op, 2819900.00 ns, 1.3446 ns/op
OverheadActual  11: 2097152 op, 2824000.00 ns, 1.3466 ns/op
OverheadActual  12: 2097152 op, 2826200.00 ns, 1.3476 ns/op
OverheadActual  13: 2097152 op, 2817600.00 ns, 1.3435 ns/op
OverheadActual  14: 2097152 op, 2858900.00 ns, 1.3632 ns/op
OverheadActual  15: 2097152 op, 2814100.00 ns, 1.3419 ns/op

WorkloadWarmup   1: 2097152 op, 521689600.00 ns, 248.7610 ns/op
WorkloadWarmup   2: 2097152 op, 518192500.00 ns, 247.0934 ns/op
WorkloadWarmup   3: 2097152 op, 517940500.00 ns, 246.9733 ns/op
WorkloadWarmup   4: 2097152 op, 514762800.00 ns, 245.4580 ns/op
WorkloadWarmup   5: 2097152 op, 507198400.00 ns, 241.8510 ns/op
WorkloadWarmup   6: 2097152 op, 519370500.00 ns, 247.6552 ns/op
WorkloadWarmup   7: 2097152 op, 509474500.00 ns, 242.9364 ns/op
WorkloadWarmup   8: 2097152 op, 515282300.00 ns, 245.7057 ns/op
WorkloadWarmup   9: 2097152 op, 523114000.00 ns, 249.4402 ns/op
WorkloadWarmup  10: 2097152 op, 512165500.00 ns, 244.2195 ns/op

// BeforeActualRun
WorkloadActual   1: 2097152 op, 521672900.00 ns, 248.7530 ns/op
WorkloadActual   2: 2097152 op, 511975000.00 ns, 244.1287 ns/op
WorkloadActual   3: 2097152 op, 514315000.00 ns, 245.2445 ns/op
WorkloadActual   4: 2097152 op, 517545900.00 ns, 246.7851 ns/op
WorkloadActual   5: 2097152 op, 513436000.00 ns, 244.8254 ns/op
WorkloadActual   6: 2097152 op, 512631100.00 ns, 244.4416 ns/op
WorkloadActual   7: 2097152 op, 510356700.00 ns, 243.3570 ns/op
WorkloadActual   8: 2097152 op, 512015600.00 ns, 244.1481 ns/op
WorkloadActual   9: 2097152 op, 515432200.00 ns, 245.7772 ns/op
WorkloadActual  10: 2097152 op, 521319700.00 ns, 248.5846 ns/op
WorkloadActual  11: 2097152 op, 515379700.00 ns, 245.7522 ns/op
WorkloadActual  12: 2097152 op, 514288100.00 ns, 245.2317 ns/op
WorkloadActual  13: 2097152 op, 515864300.00 ns, 245.9833 ns/op
WorkloadActual  14: 2097152 op, 513529800.00 ns, 244.8701 ns/op
WorkloadActual  15: 2097152 op, 516232300.00 ns, 246.1587 ns/op

// AfterActualRun
WorkloadResult   1: 2097152 op, 509152000.00 ns, 242.7826 ns/op
WorkloadResult   2: 2097152 op, 511492000.00 ns, 243.8984 ns/op
WorkloadResult   3: 2097152 op, 514722900.00 ns, 245.4390 ns/op
WorkloadResult   4: 2097152 op, 510613000.00 ns, 243.4793 ns/op
WorkloadResult   5: 2097152 op, 509808100.00 ns, 243.0954 ns/op
WorkloadResult   6: 2097152 op, 507533700.00 ns, 242.0109 ns/op
WorkloadResult   7: 2097152 op, 509192600.00 ns, 242.8020 ns/op
WorkloadResult   8: 2097152 op, 512609200.00 ns, 244.4311 ns/op
WorkloadResult   9: 2097152 op, 512556700.00 ns, 244.4061 ns/op
WorkloadResult  10: 2097152 op, 511465100.00 ns, 243.8856 ns/op
WorkloadResult  11: 2097152 op, 513041300.00 ns, 244.6372 ns/op
WorkloadResult  12: 2097152 op, 510706800.00 ns, 243.5240 ns/op
WorkloadResult  13: 2097152 op, 513409300.00 ns, 244.8126 ns/op
// GC:  14 0 0 721424720 2097152
// Threading:  0 0 2097152

info: Microsoft.Hosting.Lifetime[0]
      Application is shutting down...
// AfterAll
// Benchmark Process 23412 has exited with code 0.

Mean = 243.785 ns, StdErr = 0.267 ns (0.11%), N = 13, StdDev = 0.962 ns
Min = 242.011 ns, Q1 = 243.095 ns, Median = 243.886 ns, Q3 = 244.431 ns, Max = 245.439 ns
IQR = 1.336 ns, LowerFence = 241.092 ns, UpperFence = 246.435 ns
ConfidenceInterval = [242.633 ns; 244.937 ns] (CI 99.9%), Margin = 1.152 ns (0.47% of Mean)
Skewness = -0.1, Kurtosis = 1.94, MValue = 2

// ** Remained 9 (64.3 %) benchmark(s) to run. Estimated finish 2026-08-06 18:17 (0h 14m from now) **
Setup power plan (GUID: 8c5e7fda-e8bf-4a96-9a85-a6e23a8c635c FriendlyName: Alto rendimiento)
// **************************
// Benchmark: D_BatchStoreBenchmarks.EricksonLopezOutbox_StoreAsync_Batch: Job-AUVMEM(IterationCount=15, WarmupCount=10) [BatchSize=10]
// *** Execute ***
// Launch: 1 / 1
// Execute: dotnet fa58206c-31f2-44e5-b9bd-6b8a39772c60.dll --anonymousPipes 3060 3308 --benchmarkName "EricksonLopez.Outbox.Benchmarks.D_BatchStoreBenchmarks.EricksonLopezOutbox_StoreAsync_Batch(BatchSize: 10)" --job "IterationCount=15, WarmupCount=10" --benchmarkId 5 in D:\DevData\ericksonlopez.dev\dotnet-outbox\benchmarks\EricksonLopez.Outbox.Benchmarks\bin\Release\net10.0\fa58206c-31f2-44e5-b9bd-6b8a39772c60\bin\Release\net10.0
// BeforeAnythingElse

// Benchmark Process Environment Information:
// BenchmarkDotNet v0.13.12
// Runtime=.NET 10.0.10 (10.0.1026.32716), X64 RyuJIT AVX-512F+CD+BW+DQ+VL+VBMI
// GC=Concurrent Workstation
// HardwareIntrinsics=AVX-512F+CD+BW+DQ+VL+VBMI,AES,BMI1,BMI2,FMA,LZCNT,PCLMUL,POPCNT,AvxVnni VectorSize=256
// Job: Job-QREWDF(IterationCount=15, WarmupCount=10)

info: EricksonLopez.Outbox.Hosting.OutboxStartupValidator[10102]
      This application acts only as a publisher. Pending messages won't be dispatched.
info: Microsoft.Hosting.Lifetime[0]
      Application started. Press Ctrl+C to shut down.
info: Microsoft.Hosting.Lifetime[0]
      Hosting environment: Production
info: Microsoft.Hosting.Lifetime[0]
      Content root path: D:\DevData\ericksonlopez.dev\dotnet-outbox\benchmarks\EricksonLopez.Outbox.Benchmarks\bin\Release\net10.0\fa58206c-31f2-44e5-b9bd-6b8a39772c60\bin\Release\net10.0
OverheadJitting  1: 1 op, 178700.00 ns, 178.7000 us/op
WorkloadJitting  1: 1 op, 22913500.00 ns, 22.9135 ms/op

OverheadJitting  2: 16 op, 161400.00 ns, 10.0875 us/op
WorkloadJitting  2: 16 op, 278800.00 ns, 17.4250 us/op

WorkloadPilot    1: 16 op, 100700.00 ns, 6.2938 us/op
WorkloadPilot    2: 32 op, 177500.00 ns, 5.5469 us/op
WorkloadPilot    3: 64 op, 321000.00 ns, 5.0156 us/op
WorkloadPilot    4: 128 op, 657500.00 ns, 5.1367 us/op
WorkloadPilot    5: 256 op, 1319500.00 ns, 5.1543 us/op
WorkloadPilot    6: 512 op, 2637800.00 ns, 5.1520 us/op
WorkloadPilot    7: 1024 op, 5377300.00 ns, 5.2513 us/op
WorkloadPilot    8: 2048 op, 10783200.00 ns, 5.2652 us/op
WorkloadPilot    9: 4096 op, 20606300.00 ns, 5.0308 us/op
WorkloadPilot   10: 8192 op, 40355900.00 ns, 4.9263 us/op
WorkloadPilot   11: 16384 op, 82236300.00 ns, 5.0193 us/op
WorkloadPilot   12: 32768 op, 94293300.00 ns, 2.8776 us/op
WorkloadPilot   13: 65536 op, 117090500.00 ns, 1.7867 us/op
WorkloadPilot   14: 131072 op, 237002500.00 ns, 1.8082 us/op
WorkloadPilot   15: 262144 op, 469764900.00 ns, 1.7920 us/op
WorkloadPilot   16: 524288 op, 957902300.00 ns, 1.8271 us/op

OverheadWarmup   1: 524288 op, 707200.00 ns, 1.3489 ns/op
OverheadWarmup   2: 524288 op, 706600.00 ns, 1.3477 ns/op
OverheadWarmup   3: 524288 op, 702900.00 ns, 1.3407 ns/op
OverheadWarmup   4: 524288 op, 703700.00 ns, 1.3422 ns/op
OverheadWarmup   5: 524288 op, 701600.00 ns, 1.3382 ns/op
OverheadWarmup   6: 524288 op, 701800.00 ns, 1.3386 ns/op
OverheadWarmup   7: 524288 op, 701600.00 ns, 1.3382 ns/op

OverheadActual   1: 524288 op, 703600.00 ns, 1.3420 ns/op
OverheadActual   2: 524288 op, 703700.00 ns, 1.3422 ns/op
OverheadActual   3: 524288 op, 703400.00 ns, 1.3416 ns/op
OverheadActual   4: 524288 op, 705600.00 ns, 1.3458 ns/op
OverheadActual   5: 524288 op, 744200.00 ns, 1.4194 ns/op
OverheadActual   6: 524288 op, 703100.00 ns, 1.3411 ns/op
OverheadActual   7: 524288 op, 702600.00 ns, 1.3401 ns/op
OverheadActual   8: 524288 op, 702000.00 ns, 1.3390 ns/op
OverheadActual   9: 524288 op, 702200.00 ns, 1.3393 ns/op
OverheadActual  10: 524288 op, 701300.00 ns, 1.3376 ns/op
OverheadActual  11: 524288 op, 701600.00 ns, 1.3382 ns/op
OverheadActual  12: 524288 op, 717000.00 ns, 1.3676 ns/op
OverheadActual  13: 524288 op, 750500.00 ns, 1.4315 ns/op
OverheadActual  14: 524288 op, 705000.00 ns, 1.3447 ns/op
OverheadActual  15: 524288 op, 703500.00 ns, 1.3418 ns/op

WorkloadWarmup   1: 524288 op, 953731900.00 ns, 1.8191 us/op
WorkloadWarmup   2: 524288 op, 956494800.00 ns, 1.8244 us/op
WorkloadWarmup   3: 524288 op, 952661600.00 ns, 1.8171 us/op
WorkloadWarmup   4: 524288 op, 967365900.00 ns, 1.8451 us/op
WorkloadWarmup   5: 524288 op, 968087000.00 ns, 1.8465 us/op
WorkloadWarmup   6: 524288 op, 955165400.00 ns, 1.8218 us/op
WorkloadWarmup   7: 524288 op, 956027100.00 ns, 1.8235 us/op
WorkloadWarmup   8: 524288 op, 954613200.00 ns, 1.8208 us/op
WorkloadWarmup   9: 524288 op, 959650200.00 ns, 1.8304 us/op
WorkloadWarmup  10: 524288 op, 971975600.00 ns, 1.8539 us/op

// BeforeActualRun
WorkloadActual   1: 524288 op, 953582700.00 ns, 1.8188 us/op
WorkloadActual   2: 524288 op, 942290800.00 ns, 1.7973 us/op
WorkloadActual   3: 524288 op, 947761500.00 ns, 1.8077 us/op
WorkloadActual   4: 524288 op, 951074000.00 ns, 1.8140 us/op
WorkloadActual   5: 524288 op, 937781400.00 ns, 1.7887 us/op
WorkloadActual   6: 524288 op, 965300100.00 ns, 1.8412 us/op
WorkloadActual   7: 524288 op, 943675200.00 ns, 1.7999 us/op
WorkloadActual   8: 524288 op, 947112800.00 ns, 1.8065 us/op
WorkloadActual   9: 524288 op, 962803900.00 ns, 1.8364 us/op
WorkloadActual  10: 524288 op, 952503300.00 ns, 1.8168 us/op
WorkloadActual  11: 524288 op, 954631800.00 ns, 1.8208 us/op
WorkloadActual  12: 524288 op, 929317900.00 ns, 1.7725 us/op
WorkloadActual  13: 524288 op, 940322600.00 ns, 1.7935 us/op
WorkloadActual  14: 524288 op, 945179400.00 ns, 1.8028 us/op
WorkloadActual  15: 524288 op, 940303000.00 ns, 1.7935 us/op

// AfterActualRun
WorkloadResult   1: 524288 op, 952879200.00 ns, 1.8175 us/op
WorkloadResult   2: 524288 op, 941587300.00 ns, 1.7959 us/op
WorkloadResult   3: 524288 op, 947058000.00 ns, 1.8064 us/op
WorkloadResult   4: 524288 op, 950370500.00 ns, 1.8127 us/op
WorkloadResult   5: 524288 op, 937077900.00 ns, 1.7873 us/op
WorkloadResult   6: 524288 op, 964596600.00 ns, 1.8398 us/op
WorkloadResult   7: 524288 op, 942971700.00 ns, 1.7986 us/op
WorkloadResult   8: 524288 op, 946409300.00 ns, 1.8051 us/op
WorkloadResult   9: 524288 op, 962100400.00 ns, 1.8351 us/op
WorkloadResult  10: 524288 op, 951799800.00 ns, 1.8154 us/op
WorkloadResult  11: 524288 op, 953928300.00 ns, 1.8195 us/op
WorkloadResult  12: 524288 op, 928614400.00 ns, 1.7712 us/op
WorkloadResult  13: 524288 op, 939619100.00 ns, 1.7922 us/op
WorkloadResult  14: 524288 op, 944475900.00 ns, 1.8014 us/op
WorkloadResult  15: 524288 op, 939599500.00 ns, 1.7921 us/op
// GC:  35 0 0 1803559856 524288
// Threading:  0 0 524288

info: Microsoft.Hosting.Lifetime[0]
      Application is shutting down...
// AfterAll
// Benchmark Process 96304 has exited with code 0.

Mean = 1.806 μs, StdErr = 0.005 μs (0.26%), N = 15, StdDev = 0.018 μs
Min = 1.771 μs, Q1 = 1.794 μs, Median = 1.805 μs, Q3 = 1.816 μs, Max = 1.840 μs
IQR = 0.022 μs, LowerFence = 1.760 μs, UpperFence = 1.850 μs
ConfidenceInterval = [1.787 μs; 1.825 μs] (CI 99.9%), Margin = 0.019 μs (1.07% of Mean)
Skewness = 0.14, Kurtosis = 2.37, MValue = 2

// ** Remained 8 (57.1 %) benchmark(s) to run. Estimated finish 2026-08-06 18:14 (0h 11m from now) **
Setup power plan (GUID: 8c5e7fda-e8bf-4a96-9a85-a6e23a8c635c FriendlyName: Alto rendimiento)
// **************************
// Benchmark: D_BatchStoreBenchmarks.EricksonLopezOutbox_StoreAsync_Batch: Job-AUVMEM(IterationCount=15, WarmupCount=10) [BatchSize=100]
// *** Execute ***
// Launch: 1 / 1
// Execute: dotnet fa58206c-31f2-44e5-b9bd-6b8a39772c60.dll --anonymousPipes 4124 3712 --benchmarkName "EricksonLopez.Outbox.Benchmarks.D_BatchStoreBenchmarks.EricksonLopezOutbox_StoreAsync_Batch(BatchSize: 100)" --job "IterationCount=15, WarmupCount=10" --benchmarkId 6 in D:\DevData\ericksonlopez.dev\dotnet-outbox\benchmarks\EricksonLopez.Outbox.Benchmarks\bin\Release\net10.0\fa58206c-31f2-44e5-b9bd-6b8a39772c60\bin\Release\net10.0
// BeforeAnythingElse

// Benchmark Process Environment Information:
// BenchmarkDotNet v0.13.12
// Runtime=.NET 10.0.10 (10.0.1026.32716), X64 RyuJIT AVX-512F+CD+BW+DQ+VL+VBMI
// GC=Concurrent Workstation
// HardwareIntrinsics=AVX-512F+CD+BW+DQ+VL+VBMI,AES,BMI1,BMI2,FMA,LZCNT,PCLMUL,POPCNT,AvxVnni VectorSize=256
// Job: Job-GAILLQ(IterationCount=15, WarmupCount=10)

info: EricksonLopez.Outbox.Hosting.OutboxStartupValidator[10102]
      This application acts only as a publisher. Pending messages won't be dispatched.
info: Microsoft.Hosting.Lifetime[0]
      Application started. Press Ctrl+C to shut down.
info: Microsoft.Hosting.Lifetime[0]
      Hosting environment: Production
info: Microsoft.Hosting.Lifetime[0]
      Content root path: D:\DevData\ericksonlopez.dev\dotnet-outbox\benchmarks\EricksonLopez.Outbox.Benchmarks\bin\Release\net10.0\fa58206c-31f2-44e5-b9bd-6b8a39772c60\bin\Release\net10.0
OverheadJitting  1: 1 op, 170700.00 ns, 170.7000 us/op
WorkloadJitting  1: 1 op, 22040400.00 ns, 22.0404 ms/op

OverheadJitting  2: 16 op, 162100.00 ns, 10.1312 us/op
WorkloadJitting  2: 16 op, 992900.00 ns, 62.0562 us/op

WorkloadPilot    1: 16 op, 778500.00 ns, 48.6562 us/op
WorkloadPilot    2: 32 op, 1589500.00 ns, 49.6719 us/op
WorkloadPilot    3: 64 op, 3153700.00 ns, 49.2766 us/op
WorkloadPilot    4: 128 op, 6588000.00 ns, 51.4688 us/op
WorkloadPilot    5: 256 op, 12330400.00 ns, 48.1656 us/op
WorkloadPilot    6: 512 op, 25100500.00 ns, 49.0244 us/op
WorkloadPilot    7: 1024 op, 48417600.00 ns, 47.2828 us/op
WorkloadPilot    8: 2048 op, 98642900.00 ns, 48.1655 us/op
WorkloadPilot    9: 4096 op, 77723900.00 ns, 18.9756 us/op
WorkloadPilot   10: 8192 op, 147514800.00 ns, 18.0072 us/op
WorkloadPilot   11: 16384 op, 293961500.00 ns, 17.9420 us/op
WorkloadPilot   12: 32768 op, 586160900.00 ns, 17.8882 us/op

OverheadWarmup   1: 32768 op, 46300.00 ns, 1.4130 ns/op
OverheadWarmup   2: 32768 op, 44900.00 ns, 1.3702 ns/op
OverheadWarmup   3: 32768 op, 44900.00 ns, 1.3702 ns/op
OverheadWarmup   4: 32768 op, 44800.00 ns, 1.3672 ns/op
OverheadWarmup   5: 32768 op, 44300.00 ns, 1.3519 ns/op
OverheadWarmup   6: 32768 op, 44700.00 ns, 1.3641 ns/op
OverheadWarmup   7: 32768 op, 44300.00 ns, 1.3519 ns/op

OverheadActual   1: 32768 op, 44500.00 ns, 1.3580 ns/op
OverheadActual   2: 32768 op, 44700.00 ns, 1.3641 ns/op
OverheadActual   3: 32768 op, 44600.00 ns, 1.3611 ns/op
OverheadActual   4: 32768 op, 44600.00 ns, 1.3611 ns/op
OverheadActual   5: 32768 op, 44600.00 ns, 1.3611 ns/op
OverheadActual   6: 32768 op, 44900.00 ns, 1.3702 ns/op
OverheadActual   7: 32768 op, 44600.00 ns, 1.3611 ns/op
OverheadActual   8: 32768 op, 44700.00 ns, 1.3641 ns/op
OverheadActual   9: 32768 op, 44600.00 ns, 1.3611 ns/op
OverheadActual  10: 32768 op, 44700.00 ns, 1.3641 ns/op
OverheadActual  11: 32768 op, 44500.00 ns, 1.3580 ns/op
OverheadActual  12: 32768 op, 44900.00 ns, 1.3702 ns/op
OverheadActual  13: 32768 op, 44100.00 ns, 1.3458 ns/op
OverheadActual  14: 32768 op, 44400.00 ns, 1.3550 ns/op
OverheadActual  15: 32768 op, 44700.00 ns, 1.3641 ns/op

WorkloadWarmup   1: 32768 op, 591029900.00 ns, 18.0368 us/op
WorkloadWarmup   2: 32768 op, 582988400.00 ns, 17.7914 us/op
WorkloadWarmup   3: 32768 op, 578398400.00 ns, 17.6513 us/op
WorkloadWarmup   4: 32768 op, 586648900.00 ns, 17.9031 us/op
WorkloadWarmup   5: 32768 op, 580549500.00 ns, 17.7170 us/op
WorkloadWarmup   6: 32768 op, 583997400.00 ns, 17.8222 us/op
WorkloadWarmup   7: 32768 op, 585764100.00 ns, 17.8761 us/op
WorkloadWarmup   8: 32768 op, 590525600.00 ns, 18.0214 us/op
WorkloadWarmup   9: 32768 op, 584107500.00 ns, 17.8255 us/op
WorkloadWarmup  10: 32768 op, 582966500.00 ns, 17.7907 us/op

// BeforeActualRun
WorkloadActual   1: 32768 op, 571341500.00 ns, 17.4360 us/op
WorkloadActual   2: 32768 op, 567402000.00 ns, 17.3157 us/op
WorkloadActual   3: 32768 op, 576299000.00 ns, 17.5872 us/op
WorkloadActual   4: 32768 op, 576475100.00 ns, 17.5926 us/op
WorkloadActual   5: 32768 op, 578312500.00 ns, 17.6487 us/op
WorkloadActual   6: 32768 op, 573471000.00 ns, 17.5009 us/op
WorkloadActual   7: 32768 op, 571391600.00 ns, 17.4375 us/op
WorkloadActual   8: 32768 op, 587798800.00 ns, 17.9382 us/op
WorkloadActual   9: 32768 op, 586961700.00 ns, 17.9126 us/op
WorkloadActual  10: 32768 op, 579769300.00 ns, 17.6932 us/op
WorkloadActual  11: 32768 op, 564608500.00 ns, 17.2305 us/op
WorkloadActual  12: 32768 op, 571598000.00 ns, 17.4438 us/op
WorkloadActual  13: 32768 op, 577258700.00 ns, 17.6165 us/op
WorkloadActual  14: 32768 op, 568635500.00 ns, 17.3534 us/op
WorkloadActual  15: 32768 op, 580248400.00 ns, 17.7078 us/op

// AfterActualRun
WorkloadResult   1: 32768 op, 571296900.00 ns, 17.4346 us/op
WorkloadResult   2: 32768 op, 567357400.00 ns, 17.3144 us/op
WorkloadResult   3: 32768 op, 576254400.00 ns, 17.5859 us/op
WorkloadResult   4: 32768 op, 576430500.00 ns, 17.5913 us/op
WorkloadResult   5: 32768 op, 578267900.00 ns, 17.6473 us/op
WorkloadResult   6: 32768 op, 573426400.00 ns, 17.4996 us/op
WorkloadResult   7: 32768 op, 571347000.00 ns, 17.4361 us/op
WorkloadResult   8: 32768 op, 587754200.00 ns, 17.9368 us/op
WorkloadResult   9: 32768 op, 586917100.00 ns, 17.9113 us/op
WorkloadResult  10: 32768 op, 579724700.00 ns, 17.6918 us/op
WorkloadResult  11: 32768 op, 564563900.00 ns, 17.2291 us/op
WorkloadResult  12: 32768 op, 571553400.00 ns, 17.4424 us/op
WorkloadResult  13: 32768 op, 577214100.00 ns, 17.6152 us/op
WorkloadResult  14: 32768 op, 568590900.00 ns, 17.3520 us/op
WorkloadResult  15: 32768 op, 580203800.00 ns, 17.7064 us/op
// GC:  22 1 0 1134827600 32768
// Threading:  0 0 32768

info: Microsoft.Hosting.Lifetime[0]
      Application is shutting down...
// AfterAll
// Benchmark Process 30404 has exited with code 0.

Mean = 17.560 μs, StdErr = 0.052 μs (0.30%), N = 15, StdDev = 0.203 μs
Min = 17.229 μs, Q1 = 17.435 μs, Median = 17.586 μs, Q3 = 17.670 μs, Max = 17.937 μs
IQR = 0.234 μs, LowerFence = 17.084 μs, UpperFence = 18.021 μs
ConfidenceInterval = [17.342 μs; 17.777 μs] (CI 99.9%), Margin = 0.217 μs (1.24% of Mean)
Skewness = 0.3, Kurtosis = 2.13, MValue = 2

// ** Remained 7 (50.0 %) benchmark(s) to run. Estimated finish 2026-08-06 18:12 (0h 9m from now) **
Setup power plan (GUID: 8c5e7fda-e8bf-4a96-9a85-a6e23a8c635c FriendlyName: Alto rendimiento)
// **************************
// Benchmark: D_BatchStoreBenchmarks.EricksonLopezOutbox_StoreAsync_Batch: Job-AUVMEM(IterationCount=15, WarmupCount=10) [BatchSize=1000]
// *** Execute ***
// Launch: 1 / 1
// Execute: dotnet fa58206c-31f2-44e5-b9bd-6b8a39772c60.dll --anonymousPipes 3224 3252 --benchmarkName "EricksonLopez.Outbox.Benchmarks.D_BatchStoreBenchmarks.EricksonLopezOutbox_StoreAsync_Batch(BatchSize: 1000)" --job "IterationCount=15, WarmupCount=10" --benchmarkId 7 in D:\DevData\ericksonlopez.dev\dotnet-outbox\benchmarks\EricksonLopez.Outbox.Benchmarks\bin\Release\net10.0\fa58206c-31f2-44e5-b9bd-6b8a39772c60\bin\Release\net10.0
// BeforeAnythingElse

// Benchmark Process Environment Information:
// BenchmarkDotNet v0.13.12
// Runtime=.NET 10.0.10 (10.0.1026.32716), X64 RyuJIT AVX-512F+CD+BW+DQ+VL+VBMI
// GC=Concurrent Workstation
// HardwareIntrinsics=AVX-512F+CD+BW+DQ+VL+VBMI,AES,BMI1,BMI2,FMA,LZCNT,PCLMUL,POPCNT,AvxVnni VectorSize=256
// Job: Job-HPYEAW(IterationCount=15, WarmupCount=10)

info: EricksonLopez.Outbox.Hosting.OutboxStartupValidator[10102]
      This application acts only as a publisher. Pending messages won't be dispatched.
info: Microsoft.Hosting.Lifetime[0]
      Application started. Press Ctrl+C to shut down.
info: Microsoft.Hosting.Lifetime[0]
      Hosting environment: Production
info: Microsoft.Hosting.Lifetime[0]
      Content root path: D:\DevData\ericksonlopez.dev\dotnet-outbox\benchmarks\EricksonLopez.Outbox.Benchmarks\bin\Release\net10.0\fa58206c-31f2-44e5-b9bd-6b8a39772c60\bin\Release\net10.0
OverheadJitting  1: 1 op, 162300.00 ns, 162.3000 us/op
WorkloadJitting  1: 1 op, 22027400.00 ns, 22.0274 ms/op

OverheadJitting  2: 16 op, 178700.00 ns, 11.1687 us/op
WorkloadJitting  2: 16 op, 11419700.00 ns, 713.7313 us/op

WorkloadPilot    1: 16 op, 7657000.00 ns, 478.5625 us/op
WorkloadPilot    2: 32 op, 15128200.00 ns, 472.7563 us/op
WorkloadPilot    3: 64 op, 30353400.00 ns, 474.2719 us/op
WorkloadPilot    4: 128 op, 59385200.00 ns, 463.9469 us/op
WorkloadPilot    5: 256 op, 100193200.00 ns, 391.3797 us/op
WorkloadPilot    6: 512 op, 91540700.00 ns, 178.7904 us/op
WorkloadPilot    7: 1024 op, 182499100.00 ns, 178.2218 us/op
WorkloadPilot    8: 2048 op, 362728500.00 ns, 177.1135 us/op
WorkloadPilot    9: 4096 op, 712692000.00 ns, 173.9971 us/op

OverheadWarmup   1: 4096 op, 8100.00 ns, 1.9775 ns/op
OverheadWarmup   2: 4096 op, 6000.00 ns, 1.4648 ns/op
OverheadWarmup   3: 4096 op, 6100.00 ns, 1.4893 ns/op
OverheadWarmup   4: 4096 op, 5700.00 ns, 1.3916 ns/op
OverheadWarmup   5: 4096 op, 5800.00 ns, 1.4160 ns/op
OverheadWarmup   6: 4096 op, 6000.00 ns, 1.4648 ns/op
OverheadWarmup   7: 4096 op, 6000.00 ns, 1.4648 ns/op

OverheadActual   1: 4096 op, 6000.00 ns, 1.4648 ns/op
OverheadActual   2: 4096 op, 6000.00 ns, 1.4648 ns/op
OverheadActual   3: 4096 op, 6000.00 ns, 1.4648 ns/op
OverheadActual   4: 4096 op, 6000.00 ns, 1.4648 ns/op
OverheadActual   5: 4096 op, 6000.00 ns, 1.4648 ns/op
OverheadActual   6: 4096 op, 6000.00 ns, 1.4648 ns/op
OverheadActual   7: 4096 op, 6000.00 ns, 1.4648 ns/op
OverheadActual   8: 4096 op, 6000.00 ns, 1.4648 ns/op
OverheadActual   9: 4096 op, 6000.00 ns, 1.4648 ns/op
OverheadActual  10: 4096 op, 6800.00 ns, 1.6602 ns/op
OverheadActual  11: 4096 op, 6000.00 ns, 1.4648 ns/op
OverheadActual  12: 4096 op, 6000.00 ns, 1.4648 ns/op
OverheadActual  13: 4096 op, 5900.00 ns, 1.4404 ns/op
OverheadActual  14: 4096 op, 5600.00 ns, 1.3672 ns/op
OverheadActual  15: 4096 op, 5700.00 ns, 1.3916 ns/op

WorkloadWarmup   1: 4096 op, 738684900.00 ns, 180.3430 us/op
WorkloadWarmup   2: 4096 op, 745119600.00 ns, 181.9140 us/op
WorkloadWarmup   3: 4096 op, 733812700.00 ns, 179.1535 us/op
WorkloadWarmup   4: 4096 op, 735766700.00 ns, 179.6305 us/op
WorkloadWarmup   5: 4096 op, 721352200.00 ns, 176.1114 us/op
WorkloadWarmup   6: 4096 op, 723309200.00 ns, 176.5892 us/op
WorkloadWarmup   7: 4096 op, 736994200.00 ns, 179.9302 us/op
WorkloadWarmup   8: 4096 op, 727702200.00 ns, 177.6617 us/op
WorkloadWarmup   9: 4096 op, 723833600.00 ns, 176.7172 us/op
WorkloadWarmup  10: 4096 op, 713366200.00 ns, 174.1617 us/op

// BeforeActualRun
WorkloadActual   1: 4096 op, 725963200.00 ns, 177.2371 us/op
WorkloadActual   2: 4096 op, 734525800.00 ns, 179.3276 us/op
WorkloadActual   3: 4096 op, 736115000.00 ns, 179.7156 us/op
WorkloadActual   4: 4096 op, 727154800.00 ns, 177.5280 us/op
WorkloadActual   5: 4096 op, 713880500.00 ns, 174.2872 us/op
WorkloadActual   6: 4096 op, 716820300.00 ns, 175.0050 us/op
WorkloadActual   7: 4096 op, 719286600.00 ns, 175.6071 us/op
WorkloadActual   8: 4096 op, 725813600.00 ns, 177.2006 us/op
WorkloadActual   9: 4096 op, 716827400.00 ns, 175.0067 us/op
WorkloadActual  10: 4096 op, 715255600.00 ns, 174.6229 us/op
WorkloadActual  11: 4096 op, 725405500.00 ns, 177.1010 us/op
WorkloadActual  12: 4096 op, 716324200.00 ns, 174.8838 us/op
WorkloadActual  13: 4096 op, 720642500.00 ns, 175.9381 us/op
WorkloadActual  14: 4096 op, 718631200.00 ns, 175.4471 us/op
WorkloadActual  15: 4096 op, 724654800.00 ns, 176.9177 us/op

// AfterActualRun
WorkloadResult   1: 4096 op, 725957200.00 ns, 177.2356 us/op
WorkloadResult   2: 4096 op, 734519800.00 ns, 179.3261 us/op
WorkloadResult   3: 4096 op, 736109000.00 ns, 179.7141 us/op
WorkloadResult   4: 4096 op, 727148800.00 ns, 177.5266 us/op
WorkloadResult   5: 4096 op, 713874500.00 ns, 174.2858 us/op
WorkloadResult   6: 4096 op, 716814300.00 ns, 175.0035 us/op
WorkloadResult   7: 4096 op, 719280600.00 ns, 175.6056 us/op
WorkloadResult   8: 4096 op, 725807600.00 ns, 177.1991 us/op
WorkloadResult   9: 4096 op, 716821400.00 ns, 175.0052 us/op
WorkloadResult  10: 4096 op, 715249600.00 ns, 174.6215 us/op
WorkloadResult  11: 4096 op, 725399500.00 ns, 177.0995 us/op
WorkloadResult  12: 4096 op, 716318200.00 ns, 174.8824 us/op
WorkloadResult  13: 4096 op, 720636500.00 ns, 175.9366 us/op
WorkloadResult  14: 4096 op, 718625200.00 ns, 175.4456 us/op
WorkloadResult  15: 4096 op, 724648800.00 ns, 176.9162 us/op
// GC:  28 6 0 1437408368 4096
// Threading:  0 0 4096

info: Microsoft.Hosting.Lifetime[0]
      Application is shutting down...
// AfterAll
// Benchmark Process 100076 has exited with code 0.

Mean = 176.387 μs, StdErr = 0.428 μs (0.24%), N = 15, StdDev = 1.658 μs
Min = 174.286 μs, Q1 = 175.004 μs, Median = 175.937 μs, Q3 = 177.217 μs, Max = 179.714 μs
IQR = 2.213 μs, LowerFence = 171.685 μs, UpperFence = 180.537 μs
ConfidenceInterval = [174.614 μs; 178.160 μs] (CI 99.9%), Margin = 1.773 μs (1.00% of Mean)
Skewness = 0.59, Kurtosis = 2.14, MValue = 2

// ** Remained 6 (42.9 %) benchmark(s) to run. Estimated finish 2026-08-06 18:10 (0h 7m from now) **
Successfully reverted power plan (GUID: 8c5e7fda-e8bf-4a96-9a85-a6e23a8c635c FriendlyName: Alto rendimiento)
// ***** BenchmarkRunner: Finish  *****

// * Export *
  benchmarks\results\results\EricksonLopez.Outbox.Benchmarks.D_BatchStoreBenchmarks-report.csv
  benchmarks\results\results\EricksonLopez.Outbox.Benchmarks.D_BatchStoreBenchmarks-report-github.md
  benchmarks\results\results\EricksonLopez.Outbox.Benchmarks.D_BatchStoreBenchmarks-report.html
  benchmarks\results\results\EricksonLopez.Outbox.Benchmarks.D_BatchStoreBenchmarks-report-full-compressed.json
  benchmarks\results\results\EricksonLopez.Outbox.Benchmarks.D_BatchStoreBenchmarks-report-default.md

// * Detailed results *
D_BatchStoreBenchmarks.EricksonLopezOutbox_StoreAsync_Batch: Job-AUVMEM(IterationCount=15, WarmupCount=10) [BatchSize=1]
Runtime = .NET 10.0.10 (10.0.1026.32716), X64 RyuJIT AVX-512F+CD+BW+DQ+VL+VBMI; GC = Concurrent Workstation
Mean = 243.785 ns, StdErr = 0.267 ns (0.11%), N = 13, StdDev = 0.962 ns
Min = 242.011 ns, Q1 = 243.095 ns, Median = 243.886 ns, Q3 = 244.431 ns, Max = 245.439 ns
IQR = 1.336 ns, LowerFence = 241.092 ns, UpperFence = 246.435 ns
ConfidenceInterval = [242.633 ns; 244.937 ns] (CI 99.9%), Margin = 1.152 ns (0.47% of Mean)
Skewness = -0.1, Kurtosis = 1.94, MValue = 2
-------------------- Histogram --------------------
[241.474 ns ; 245.976 ns) | @@@@@@@@@@@@@
---------------------------------------------------

D_BatchStoreBenchmarks.EricksonLopezOutbox_StoreAsync_Batch: Job-AUVMEM(IterationCount=15, WarmupCount=10) [BatchSize=10]
Runtime = .NET 10.0.10 (10.0.1026.32716), X64 RyuJIT AVX-512F+CD+BW+DQ+VL+VBMI; GC = Concurrent Workstation
Mean = 1.806 μs, StdErr = 0.005 μs (0.26%), N = 15, StdDev = 0.018 μs
Min = 1.771 μs, Q1 = 1.794 μs, Median = 1.805 μs, Q3 = 1.816 μs, Max = 1.840 μs
IQR = 0.022 μs, LowerFence = 1.760 μs, UpperFence = 1.850 μs
ConfidenceInterval = [1.787 μs; 1.825 μs] (CI 99.9%), Margin = 0.019 μs (1.07% of Mean)
Skewness = 0.14, Kurtosis = 2.37, MValue = 2
-------------------- Histogram --------------------
[1.762 μs ; 1.849 μs) | @@@@@@@@@@@@@@@
---------------------------------------------------

D_BatchStoreBenchmarks.EricksonLopezOutbox_StoreAsync_Batch: Job-AUVMEM(IterationCount=15, WarmupCount=10) [BatchSize=100]
Runtime = .NET 10.0.10 (10.0.1026.32716), X64 RyuJIT AVX-512F+CD+BW+DQ+VL+VBMI; GC = Concurrent Workstation
Mean = 17.560 μs, StdErr = 0.052 μs (0.30%), N = 15, StdDev = 0.203 μs
Min = 17.229 μs, Q1 = 17.435 μs, Median = 17.586 μs, Q3 = 17.670 μs, Max = 17.937 μs
IQR = 0.234 μs, LowerFence = 17.084 μs, UpperFence = 18.021 μs
ConfidenceInterval = [17.342 μs; 17.777 μs] (CI 99.9%), Margin = 0.217 μs (1.24% of Mean)
Skewness = 0.3, Kurtosis = 2.13, MValue = 2
-------------------- Histogram --------------------
[17.121 μs ; 18.045 μs) | @@@@@@@@@@@@@@@
---------------------------------------------------

D_BatchStoreBenchmarks.EricksonLopezOutbox_StoreAsync_Batch: Job-AUVMEM(IterationCount=15, WarmupCount=10) [BatchSize=1000]
Runtime = .NET 10.0.10 (10.0.1026.32716), X64 RyuJIT AVX-512F+CD+BW+DQ+VL+VBMI; GC = Concurrent Workstation
Mean = 176.387 μs, StdErr = 0.428 μs (0.24%), N = 15, StdDev = 1.658 μs
Min = 174.286 μs, Q1 = 175.004 μs, Median = 175.937 μs, Q3 = 177.217 μs, Max = 179.714 μs
IQR = 2.213 μs, LowerFence = 171.685 μs, UpperFence = 180.537 μs
ConfidenceInterval = [174.614 μs; 178.160 μs] (CI 99.9%), Margin = 1.773 μs (1.00% of Mean)
Skewness = 0.59, Kurtosis = 2.14, MValue = 2
-------------------- Histogram --------------------
[173.403 μs ; 180.597 μs) | @@@@@@@@@@@@@@@
---------------------------------------------------

// * Summary *

BenchmarkDotNet v0.13.12, Windows 11 (10.0.26200.8875)
Unknown processor
.NET SDK 10.0.302
  [Host]     : .NET 10.0.10 (10.0.1026.32716), X64 RyuJIT AVX-512F+CD+BW+DQ+VL+VBMI
  Job-AUVMEM : .NET 10.0.10 (10.0.1026.32716), X64 RyuJIT AVX-512F+CD+BW+DQ+VL+VBMI

IterationCount=15  WarmupCount=10  

| Method                               | BatchSize | Mean         | Min          | Max          | Gen0   | Gen1   | Allocated |
|------------------------------------- |---------- |-------------:|-------------:|-------------:|-------:|-------:|----------:|
| EricksonLopezOutbox_StoreAsync_Batch | 1         |     243.8 ns |     242.0 ns |     245.4 ns | 0.0067 |      - |     344 B |
| EricksonLopezOutbox_StoreAsync_Batch | 10        |   1,806.0 ns |   1,771.2 ns |   1,839.8 ns | 0.0668 |      - |    3440 B |
| EricksonLopezOutbox_StoreAsync_Batch | 100       |  17,559.6 ns |  17,229.1 ns |  17,936.8 ns | 0.6714 | 0.0305 |   34632 B |
| EricksonLopezOutbox_StoreAsync_Batch | 1000      | 176,386.9 ns | 174,285.8 ns | 179,714.1 ns | 6.8359 | 1.4648 |  350930 B |

// * Hints *
Outliers
  D_BatchStoreBenchmarks.EricksonLopezOutbox_StoreAsync_Batch: IterationCount=15, WarmupCount=10 -> 2 outliers were removed (248.58 ns, 248.75 ns)
HideColumnsAnalyser
  Summary -> Hidden columns: Error, StdDev

// * Legends *
  BatchSize : Value of the 'BatchSize' parameter
  Mean      : Arithmetic mean of all measurements
  Min       : Minimum
  Max       : Maximum
  Gen0      : GC Generation 0 collects per 1000 operations
  Gen1      : GC Generation 1 collects per 1000 operations
  Allocated : Allocated memory per single operation (managed only, inclusive, 1KB = 1024B)
  1 ns      : 1 Nanosecond (0.000000001 sec)

// * Diagnostic Output - MemoryDiagnoser *


// ***** BenchmarkRunner: End *****
Run time: 00:01:22 (82.37 sec), executed benchmarks: 4

// Found 2 benchmarks:
//   E_TypeResolutionBenchmarks.InMemory_GetAlias: Job-HIGIWD(IterationCount=200, WarmupCount=20)
//   E_TypeResolutionBenchmarks.InMemory_Resolve: Job-HIGIWD(IterationCount=200, WarmupCount=20)

Setup power plan (GUID: 8c5e7fda-e8bf-4a96-9a85-a6e23a8c635c FriendlyName: Alto rendimiento)
// **************************
// Benchmark: E_TypeResolutionBenchmarks.InMemory_GetAlias: Job-HIGIWD(IterationCount=200, WarmupCount=20)
// *** Execute ***
// Launch: 1 / 1
// Execute: dotnet fa58206c-31f2-44e5-b9bd-6b8a39772c60.dll --anonymousPipes 3252 3816 --benchmarkName EricksonLopez.Outbox.Benchmarks.E_TypeResolutionBenchmarks.InMemory_GetAlias --job "IterationCount=200, WarmupCount=20" --benchmarkId 8 in D:\DevData\ericksonlopez.dev\dotnet-outbox\benchmarks\EricksonLopez.Outbox.Benchmarks\bin\Release\net10.0\fa58206c-31f2-44e5-b9bd-6b8a39772c60\bin\Release\net10.0
// BeforeAnythingElse

// Benchmark Process Environment Information:
// BenchmarkDotNet v0.13.12
// Runtime=.NET 10.0.10 (10.0.1026.32716), X64 RyuJIT AVX-512F+CD+BW+DQ+VL+VBMI
// GC=Concurrent Workstation
// HardwareIntrinsics=AVX-512F+CD+BW+DQ+VL+VBMI,AES,BMI1,BMI2,FMA,LZCNT,PCLMUL,POPCNT,AvxVnni VectorSize=256
// Job: Job-AFOASR(IterationCount=200, WarmupCount=20)

OverheadJitting  1: 1 op, 261200.00 ns, 261.2000 us/op
WorkloadJitting  1: 1 op, 657600.00 ns, 657.6000 us/op

OverheadJitting  2: 16 op, 321800.00 ns, 20.1125 us/op
WorkloadJitting  2: 16 op, 365600.00 ns, 22.8500 us/op

WorkloadPilot    1: 16 op, 1500.00 ns, 93.7500 ns/op
WorkloadPilot    2: 32 op, 1400.00 ns, 43.7500 ns/op
WorkloadPilot    3: 64 op, 1600.00 ns, 25.0000 ns/op
WorkloadPilot    4: 128 op, 2100.00 ns, 16.4062 ns/op
WorkloadPilot    5: 256 op, 3400.00 ns, 13.2812 ns/op
WorkloadPilot    6: 512 op, 5700.00 ns, 11.1328 ns/op
WorkloadPilot    7: 1024 op, 10100.00 ns, 9.8633 ns/op
WorkloadPilot    8: 2048 op, 19100.00 ns, 9.3262 ns/op
WorkloadPilot    9: 4096 op, 36500.00 ns, 8.9111 ns/op
WorkloadPilot   10: 8192 op, 71200.00 ns, 8.6914 ns/op
WorkloadPilot   11: 16384 op, 143600.00 ns, 8.7646 ns/op
WorkloadPilot   12: 32768 op, 283400.00 ns, 8.6487 ns/op
WorkloadPilot   13: 65536 op, 569200.00 ns, 8.6853 ns/op
WorkloadPilot   14: 131072 op, 1161700.00 ns, 8.8631 ns/op
WorkloadPilot   15: 262144 op, 2276300.00 ns, 8.6834 ns/op
WorkloadPilot   16: 524288 op, 4555000.00 ns, 8.6880 ns/op
WorkloadPilot   17: 1048576 op, 9098000.00 ns, 8.6765 ns/op
WorkloadPilot   18: 2097152 op, 18988300.00 ns, 9.0543 ns/op
WorkloadPilot   19: 4194304 op, 37430800.00 ns, 8.9242 ns/op
WorkloadPilot   20: 8388608 op, 75383500.00 ns, 8.9864 ns/op
WorkloadPilot   21: 16777216 op, 187884200.00 ns, 11.1988 ns/op
WorkloadPilot   22: 33554432 op, 105802300.00 ns, 3.1532 ns/op
WorkloadPilot   23: 67108864 op, 209313400.00 ns, 3.1190 ns/op
WorkloadPilot   24: 134217728 op, 417521400.00 ns, 3.1108 ns/op
WorkloadPilot   25: 268435456 op, 841255900.00 ns, 3.1339 ns/op

OverheadWarmup   1: 268435456 op, 506200500.00 ns, 1.8857 ns/op
OverheadWarmup   2: 268435456 op, 466365500.00 ns, 1.7373 ns/op
OverheadWarmup   3: 268435456 op, 469911300.00 ns, 1.7506 ns/op
OverheadWarmup   4: 268435456 op, 472975500.00 ns, 1.7620 ns/op
OverheadWarmup   5: 268435456 op, 470616300.00 ns, 1.7532 ns/op
OverheadWarmup   6: 268435456 op, 475314400.00 ns, 1.7707 ns/op
OverheadWarmup   7: 268435456 op, 473005900.00 ns, 1.7621 ns/op

OverheadActual   1: 268435456 op, 472580400.00 ns, 1.7605 ns/op
OverheadActual   2: 268435456 op, 472755900.00 ns, 1.7612 ns/op
OverheadActual   3: 268435456 op, 471869100.00 ns, 1.7578 ns/op
OverheadActual   4: 268435456 op, 471013700.00 ns, 1.7547 ns/op
OverheadActual   5: 268435456 op, 468336700.00 ns, 1.7447 ns/op
OverheadActual   6: 268435456 op, 470100400.00 ns, 1.7513 ns/op
OverheadActual   7: 268435456 op, 466173200.00 ns, 1.7366 ns/op
OverheadActual   8: 268435456 op, 473238300.00 ns, 1.7630 ns/op
OverheadActual   9: 268435456 op, 473366000.00 ns, 1.7634 ns/op
OverheadActual  10: 268435456 op, 470810600.00 ns, 1.7539 ns/op
OverheadActual  11: 268435456 op, 471679300.00 ns, 1.7571 ns/op
OverheadActual  12: 268435456 op, 468871700.00 ns, 1.7467 ns/op
OverheadActual  13: 268435456 op, 470819900.00 ns, 1.7539 ns/op
OverheadActual  14: 268435456 op, 471384300.00 ns, 1.7560 ns/op
OverheadActual  15: 268435456 op, 476008200.00 ns, 1.7733 ns/op

WorkloadWarmup   1: 268435456 op, 840756300.00 ns, 3.1321 ns/op
WorkloadWarmup   2: 268435456 op, 851333100.00 ns, 3.1715 ns/op
WorkloadWarmup   3: 268435456 op, 842386100.00 ns, 3.1381 ns/op
WorkloadWarmup   4: 268435456 op, 841617500.00 ns, 3.1353 ns/op
WorkloadWarmup   5: 268435456 op, 841488600.00 ns, 3.1348 ns/op
WorkloadWarmup   6: 268435456 op, 835226300.00 ns, 3.1115 ns/op
WorkloadWarmup   7: 268435456 op, 832375500.00 ns, 3.1008 ns/op
WorkloadWarmup   8: 268435456 op, 836830900.00 ns, 3.1174 ns/op
WorkloadWarmup   9: 268435456 op, 837539400.00 ns, 3.1201 ns/op
WorkloadWarmup  10: 268435456 op, 841968200.00 ns, 3.1366 ns/op
WorkloadWarmup  11: 268435456 op, 843329000.00 ns, 3.1416 ns/op
WorkloadWarmup  12: 268435456 op, 840199300.00 ns, 3.1300 ns/op
WorkloadWarmup  13: 268435456 op, 848585700.00 ns, 3.1612 ns/op
WorkloadWarmup  14: 268435456 op, 839091100.00 ns, 3.1259 ns/op
WorkloadWarmup  15: 268435456 op, 837512300.00 ns, 3.1200 ns/op
WorkloadWarmup  16: 268435456 op, 838347500.00 ns, 3.1231 ns/op
WorkloadWarmup  17: 268435456 op, 838546500.00 ns, 3.1238 ns/op
WorkloadWarmup  18: 268435456 op, 832384900.00 ns, 3.1009 ns/op
WorkloadWarmup  19: 268435456 op, 837343500.00 ns, 3.1193 ns/op
WorkloadWarmup  20: 268435456 op, 838986800.00 ns, 3.1255 ns/op

// BeforeActualRun
WorkloadActual   1: 268435456 op, 841867400.00 ns, 3.1362 ns/op
WorkloadActual   2: 268435456 op, 839007300.00 ns, 3.1255 ns/op
WorkloadActual   3: 268435456 op, 835985100.00 ns, 3.1143 ns/op
WorkloadActual   4: 268435456 op, 844728600.00 ns, 3.1469 ns/op
WorkloadActual   5: 268435456 op, 836743100.00 ns, 3.1171 ns/op
WorkloadActual   6: 268435456 op, 838051900.00 ns, 3.1220 ns/op
WorkloadActual   7: 268435456 op, 832061400.00 ns, 3.0997 ns/op
WorkloadActual   8: 268435456 op, 835466700.00 ns, 3.1124 ns/op
WorkloadActual   9: 268435456 op, 838596100.00 ns, 3.1240 ns/op
WorkloadActual  10: 268435456 op, 836320300.00 ns, 3.1155 ns/op
WorkloadActual  11: 268435456 op, 838171400.00 ns, 3.1224 ns/op
WorkloadActual  12: 268435456 op, 841426000.00 ns, 3.1346 ns/op
WorkloadActual  13: 268435456 op, 839426200.00 ns, 3.1271 ns/op
WorkloadActual  14: 268435456 op, 846129700.00 ns, 3.1521 ns/op
WorkloadActual  15: 268435456 op, 835648700.00 ns, 3.1130 ns/op
WorkloadActual  16: 268435456 op, 838029000.00 ns, 3.1219 ns/op
WorkloadActual  17: 268435456 op, 842089900.00 ns, 3.1370 ns/op
WorkloadActual  18: 268435456 op, 841952400.00 ns, 3.1365 ns/op
WorkloadActual  19: 268435456 op, 835785400.00 ns, 3.1135 ns/op
WorkloadActual  20: 268435456 op, 838255000.00 ns, 3.1227 ns/op
WorkloadActual  21: 268435456 op, 838399900.00 ns, 3.1233 ns/op
WorkloadActual  22: 268435456 op, 838687000.00 ns, 3.1244 ns/op
WorkloadActual  23: 268435456 op, 834664700.00 ns, 3.1094 ns/op
WorkloadActual  24: 268435456 op, 839844000.00 ns, 3.1287 ns/op
WorkloadActual  25: 268435456 op, 842178600.00 ns, 3.1374 ns/op
WorkloadActual  26: 268435456 op, 839962200.00 ns, 3.1291 ns/op
WorkloadActual  27: 268435456 op, 835631900.00 ns, 3.1130 ns/op
WorkloadActual  28: 268435456 op, 841990900.00 ns, 3.1367 ns/op
WorkloadActual  29: 268435456 op, 838344600.00 ns, 3.1231 ns/op
WorkloadActual  30: 268435456 op, 832339900.00 ns, 3.1007 ns/op
WorkloadActual  31: 268435456 op, 838807300.00 ns, 3.1248 ns/op
WorkloadActual  32: 268435456 op, 845508800.00 ns, 3.1498 ns/op
WorkloadActual  33: 268435456 op, 833936000.00 ns, 3.1067 ns/op
WorkloadActual  34: 268435456 op, 840395400.00 ns, 3.1307 ns/op
WorkloadActual  35: 268435456 op, 835278700.00 ns, 3.1117 ns/op
WorkloadActual  36: 268435456 op, 831997200.00 ns, 3.0994 ns/op
WorkloadActual  37: 268435456 op, 836536200.00 ns, 3.1163 ns/op
WorkloadActual  38: 268435456 op, 835342700.00 ns, 3.1119 ns/op
WorkloadActual  39: 268435456 op, 836828900.00 ns, 3.1174 ns/op
WorkloadActual  40: 268435456 op, 836586700.00 ns, 3.1165 ns/op
WorkloadActual  41: 268435456 op, 845150800.00 ns, 3.1484 ns/op
WorkloadActual  42: 268435456 op, 847258900.00 ns, 3.1563 ns/op
WorkloadActual  43: 268435456 op, 840633500.00 ns, 3.1316 ns/op
WorkloadActual  44: 268435456 op, 837166100.00 ns, 3.1187 ns/op
WorkloadActual  45: 268435456 op, 839587700.00 ns, 3.1277 ns/op
WorkloadActual  46: 268435456 op, 838999300.00 ns, 3.1255 ns/op
WorkloadActual  47: 268435456 op, 839891500.00 ns, 3.1288 ns/op
WorkloadActual  48: 268435456 op, 840761400.00 ns, 3.1321 ns/op
WorkloadActual  49: 268435456 op, 840244800.00 ns, 3.1302 ns/op
WorkloadActual  50: 268435456 op, 837799300.00 ns, 3.1210 ns/op
WorkloadActual  51: 268435456 op, 840179500.00 ns, 3.1299 ns/op
WorkloadActual  52: 268435456 op, 840784400.00 ns, 3.1322 ns/op
WorkloadActual  53: 268435456 op, 837716400.00 ns, 3.1207 ns/op
WorkloadActual  54: 268435456 op, 837126500.00 ns, 3.1185 ns/op
WorkloadActual  55: 268435456 op, 843118300.00 ns, 3.1409 ns/op
WorkloadActual  56: 268435456 op, 838794200.00 ns, 3.1248 ns/op
WorkloadActual  57: 268435456 op, 840264400.00 ns, 3.1302 ns/op
WorkloadActual  58: 268435456 op, 837621900.00 ns, 3.1204 ns/op
WorkloadActual  59: 268435456 op, 837581300.00 ns, 3.1202 ns/op
WorkloadActual  60: 268435456 op, 837209700.00 ns, 3.1188 ns/op
WorkloadActual  61: 268435456 op, 839947700.00 ns, 3.1290 ns/op
WorkloadActual  62: 268435456 op, 846334100.00 ns, 3.1528 ns/op
WorkloadActual  63: 268435456 op, 837468100.00 ns, 3.1198 ns/op
WorkloadActual  64: 268435456 op, 834014000.00 ns, 3.1069 ns/op
WorkloadActual  65: 268435456 op, 844584200.00 ns, 3.1463 ns/op
WorkloadActual  66: 268435456 op, 841929600.00 ns, 3.1364 ns/op
WorkloadActual  67: 268435456 op, 839211000.00 ns, 3.1263 ns/op
WorkloadActual  68: 268435456 op, 840204900.00 ns, 3.1300 ns/op
WorkloadActual  69: 268435456 op, 835975500.00 ns, 3.1143 ns/op
WorkloadActual  70: 268435456 op, 847377300.00 ns, 3.1567 ns/op
WorkloadActual  71: 268435456 op, 840218500.00 ns, 3.1301 ns/op
WorkloadActual  72: 268435456 op, 835843300.00 ns, 3.1138 ns/op
WorkloadActual  73: 268435456 op, 840890300.00 ns, 3.1326 ns/op
WorkloadActual  74: 268435456 op, 835622400.00 ns, 3.1129 ns/op
WorkloadActual  75: 268435456 op, 836049200.00 ns, 3.1145 ns/op
WorkloadActual  76: 268435456 op, 842341000.00 ns, 3.1380 ns/op
WorkloadActual  77: 268435456 op, 842075400.00 ns, 3.1370 ns/op
WorkloadActual  78: 268435456 op, 840971900.00 ns, 3.1329 ns/op
WorkloadActual  79: 268435456 op, 836142400.00 ns, 3.1149 ns/op
WorkloadActual  80: 268435456 op, 835850000.00 ns, 3.1138 ns/op
WorkloadActual  81: 268435456 op, 834308800.00 ns, 3.1080 ns/op
WorkloadActual  82: 268435456 op, 838395400.00 ns, 3.1233 ns/op
WorkloadActual  83: 268435456 op, 835549700.00 ns, 3.1127 ns/op
WorkloadActual  84: 268435456 op, 834764700.00 ns, 3.1097 ns/op
WorkloadActual  85: 268435456 op, 836080400.00 ns, 3.1146 ns/op
WorkloadActual  86: 268435456 op, 839998200.00 ns, 3.1292 ns/op
WorkloadActual  87: 268435456 op, 835169200.00 ns, 3.1112 ns/op
WorkloadActual  88: 268435456 op, 838343000.00 ns, 3.1231 ns/op
WorkloadActual  89: 268435456 op, 840144100.00 ns, 3.1298 ns/op
WorkloadActual  90: 268435456 op, 838300500.00 ns, 3.1229 ns/op
WorkloadActual  91: 268435456 op, 843358600.00 ns, 3.1418 ns/op
WorkloadActual  92: 268435456 op, 841509900.00 ns, 3.1349 ns/op
WorkloadActual  93: 268435456 op, 838158100.00 ns, 3.1224 ns/op
WorkloadActual  94: 268435456 op, 837263100.00 ns, 3.1190 ns/op
WorkloadActual  95: 268435456 op, 840645500.00 ns, 3.1316 ns/op
WorkloadActual  96: 268435456 op, 836505700.00 ns, 3.1162 ns/op
WorkloadActual  97: 268435456 op, 840190200.00 ns, 3.1300 ns/op
WorkloadActual  98: 268435456 op, 839157700.00 ns, 3.1261 ns/op
WorkloadActual  99: 268435456 op, 839089500.00 ns, 3.1259 ns/op
WorkloadActual  100: 268435456 op, 838601600.00 ns, 3.1240 ns/op
WorkloadActual  101: 268435456 op, 836801500.00 ns, 3.1173 ns/op
WorkloadActual  102: 268435456 op, 841187000.00 ns, 3.1337 ns/op
WorkloadActual  103: 268435456 op, 840418000.00 ns, 3.1308 ns/op
WorkloadActual  104: 268435456 op, 838730000.00 ns, 3.1245 ns/op
WorkloadActual  105: 268435456 op, 840756900.00 ns, 3.1321 ns/op
WorkloadActual  106: 268435456 op, 840765400.00 ns, 3.1321 ns/op
WorkloadActual  107: 268435456 op, 841228800.00 ns, 3.1338 ns/op
WorkloadActual  108: 268435456 op, 837771700.00 ns, 3.1209 ns/op
WorkloadActual  109: 268435456 op, 842166700.00 ns, 3.1373 ns/op
WorkloadActual  110: 268435456 op, 838701900.00 ns, 3.1244 ns/op
WorkloadActual  111: 268435456 op, 842332000.00 ns, 3.1379 ns/op
WorkloadActual  112: 268435456 op, 840140500.00 ns, 3.1298 ns/op
WorkloadActual  113: 268435456 op, 845050100.00 ns, 3.1481 ns/op
WorkloadActual  114: 268435456 op, 840121800.00 ns, 3.1297 ns/op
WorkloadActual  115: 268435456 op, 839429900.00 ns, 3.1271 ns/op
WorkloadActual  116: 268435456 op, 836999400.00 ns, 3.1181 ns/op
WorkloadActual  117: 268435456 op, 836935000.00 ns, 3.1178 ns/op
WorkloadActual  118: 268435456 op, 837371300.00 ns, 3.1195 ns/op
WorkloadActual  119: 268435456 op, 841512000.00 ns, 3.1349 ns/op
WorkloadActual  120: 268435456 op, 845444400.00 ns, 3.1495 ns/op
WorkloadActual  121: 268435456 op, 838796500.00 ns, 3.1248 ns/op
WorkloadActual  122: 268435456 op, 839001800.00 ns, 3.1255 ns/op
WorkloadActual  123: 268435456 op, 838442700.00 ns, 3.1234 ns/op
WorkloadActual  124: 268435456 op, 838927700.00 ns, 3.1252 ns/op
WorkloadActual  125: 268435456 op, 838078300.00 ns, 3.1221 ns/op
WorkloadActual  126: 268435456 op, 837643100.00 ns, 3.1205 ns/op
WorkloadActual  127: 268435456 op, 836446900.00 ns, 3.1160 ns/op
WorkloadActual  128: 268435456 op, 837563500.00 ns, 3.1202 ns/op
WorkloadActual  129: 268435456 op, 837227400.00 ns, 3.1189 ns/op
WorkloadActual  130: 268435456 op, 838281600.00 ns, 3.1228 ns/op
WorkloadActual  131: 268435456 op, 837125200.00 ns, 3.1185 ns/op
WorkloadActual  132: 268435456 op, 836333800.00 ns, 3.1156 ns/op
WorkloadActual  133: 268435456 op, 837395900.00 ns, 3.1195 ns/op
WorkloadActual  134: 268435456 op, 836566300.00 ns, 3.1165 ns/op
WorkloadActual  135: 268435456 op, 838615200.00 ns, 3.1241 ns/op
WorkloadActual  136: 268435456 op, 837823300.00 ns, 3.1211 ns/op
WorkloadActual  137: 268435456 op, 839121200.00 ns, 3.1260 ns/op
WorkloadActual  138: 268435456 op, 837363600.00 ns, 3.1194 ns/op
WorkloadActual  139: 268435456 op, 839443700.00 ns, 3.1272 ns/op
WorkloadActual  140: 268435456 op, 838928200.00 ns, 3.1253 ns/op
WorkloadActual  141: 268435456 op, 839881400.00 ns, 3.1288 ns/op
WorkloadActual  142: 268435456 op, 839387100.00 ns, 3.1270 ns/op
WorkloadActual  143: 268435456 op, 836675500.00 ns, 3.1169 ns/op
WorkloadActual  144: 268435456 op, 835544600.00 ns, 3.1126 ns/op
WorkloadActual  145: 268435456 op, 837444300.00 ns, 3.1197 ns/op
WorkloadActual  146: 268435456 op, 839221700.00 ns, 3.1263 ns/op
WorkloadActual  147: 268435456 op, 840292900.00 ns, 3.1303 ns/op
WorkloadActual  148: 268435456 op, 838641900.00 ns, 3.1242 ns/op
WorkloadActual  149: 268435456 op, 839196900.00 ns, 3.1263 ns/op
WorkloadActual  150: 268435456 op, 837166300.00 ns, 3.1187 ns/op
WorkloadActual  151: 268435456 op, 836804200.00 ns, 3.1173 ns/op
WorkloadActual  152: 268435456 op, 836591700.00 ns, 3.1165 ns/op
WorkloadActual  153: 268435456 op, 841658900.00 ns, 3.1354 ns/op
WorkloadActual  154: 268435456 op, 839449100.00 ns, 3.1272 ns/op
WorkloadActual  155: 268435456 op, 838738600.00 ns, 3.1245 ns/op
WorkloadActual  156: 268435456 op, 836737200.00 ns, 3.1171 ns/op
WorkloadActual  157: 268435456 op, 839185300.00 ns, 3.1262 ns/op
WorkloadActual  158: 268435456 op, 840807800.00 ns, 3.1323 ns/op
WorkloadActual  159: 268435456 op, 839106000.00 ns, 3.1259 ns/op
WorkloadActual  160: 268435456 op, 840922100.00 ns, 3.1327 ns/op
WorkloadActual  161: 268435456 op, 839727300.00 ns, 3.1282 ns/op
WorkloadActual  162: 268435456 op, 840492700.00 ns, 3.1311 ns/op
WorkloadActual  163: 268435456 op, 838480600.00 ns, 3.1236 ns/op
WorkloadActual  164: 268435456 op, 839652100.00 ns, 3.1279 ns/op
WorkloadActual  165: 268435456 op, 839126400.00 ns, 3.1260 ns/op
WorkloadActual  166: 268435456 op, 837615600.00 ns, 3.1204 ns/op
WorkloadActual  167: 268435456 op, 841174900.00 ns, 3.1336 ns/op
WorkloadActual  168: 268435456 op, 839177800.00 ns, 3.1262 ns/op
WorkloadActual  169: 268435456 op, 836109000.00 ns, 3.1147 ns/op
WorkloadActual  170: 268435456 op, 836345700.00 ns, 3.1156 ns/op
WorkloadActual  171: 268435456 op, 837962100.00 ns, 3.1217 ns/op
WorkloadActual  172: 268435456 op, 837137400.00 ns, 3.1186 ns/op
WorkloadActual  173: 268435456 op, 839344000.00 ns, 3.1268 ns/op
WorkloadActual  174: 268435456 op, 839053800.00 ns, 3.1257 ns/op
WorkloadActual  175: 268435456 op, 839042200.00 ns, 3.1257 ns/op
WorkloadActual  176: 268435456 op, 840595500.00 ns, 3.1315 ns/op
WorkloadActual  177: 268435456 op, 839288700.00 ns, 3.1266 ns/op
WorkloadActual  178: 268435456 op, 841169900.00 ns, 3.1336 ns/op
WorkloadActual  179: 268435456 op, 839558000.00 ns, 3.1276 ns/op
WorkloadActual  180: 268435456 op, 839273700.00 ns, 3.1265 ns/op
WorkloadActual  181: 268435456 op, 847405700.00 ns, 3.1568 ns/op
WorkloadActual  182: 268435456 op, 841094800.00 ns, 3.1333 ns/op
WorkloadActual  183: 268435456 op, 840077200.00 ns, 3.1295 ns/op
WorkloadActual  184: 268435456 op, 845524900.00 ns, 3.1498 ns/op
WorkloadActual  185: 268435456 op, 843912600.00 ns, 3.1438 ns/op
WorkloadActual  186: 268435456 op, 844316300.00 ns, 3.1453 ns/op
WorkloadActual  187: 268435456 op, 842908500.00 ns, 3.1401 ns/op
WorkloadActual  188: 268435456 op, 842491900.00 ns, 3.1385 ns/op
WorkloadActual  189: 268435456 op, 842565800.00 ns, 3.1388 ns/op
WorkloadActual  190: 268435456 op, 840505900.00 ns, 3.1311 ns/op
WorkloadActual  191: 268435456 op, 839372100.00 ns, 3.1269 ns/op
WorkloadActual  192: 268435456 op, 840546600.00 ns, 3.1313 ns/op
WorkloadActual  193: 268435456 op, 845023500.00 ns, 3.1480 ns/op
WorkloadActual  194: 268435456 op, 840035800.00 ns, 3.1294 ns/op
WorkloadActual  195: 268435456 op, 841410600.00 ns, 3.1345 ns/op
WorkloadActual  196: 268435456 op, 841309400.00 ns, 3.1341 ns/op
WorkloadActual  197: 268435456 op, 836257700.00 ns, 3.1153 ns/op
WorkloadActual  198: 268435456 op, 839571500.00 ns, 3.1276 ns/op
WorkloadActual  199: 268435456 op, 840302800.00 ns, 3.1304 ns/op
WorkloadActual  200: 268435456 op, 840950500.00 ns, 3.1328 ns/op

// AfterActualRun
WorkloadResult   1: 268435456 op, 370483100.00 ns, 1.3802 ns/op
WorkloadResult   2: 268435456 op, 367623000.00 ns, 1.3695 ns/op
WorkloadResult   3: 268435456 op, 364600800.00 ns, 1.3582 ns/op
WorkloadResult   4: 268435456 op, 373344300.00 ns, 1.3908 ns/op
WorkloadResult   5: 268435456 op, 365358800.00 ns, 1.3611 ns/op
WorkloadResult   6: 268435456 op, 366667600.00 ns, 1.3659 ns/op
WorkloadResult   7: 268435456 op, 360677100.00 ns, 1.3436 ns/op
WorkloadResult   8: 268435456 op, 364082400.00 ns, 1.3563 ns/op
WorkloadResult   9: 268435456 op, 367211800.00 ns, 1.3680 ns/op
WorkloadResult  10: 268435456 op, 364936000.00 ns, 1.3595 ns/op
WorkloadResult  11: 268435456 op, 366787100.00 ns, 1.3664 ns/op
WorkloadResult  12: 268435456 op, 370041700.00 ns, 1.3785 ns/op
WorkloadResult  13: 268435456 op, 368041900.00 ns, 1.3711 ns/op
WorkloadResult  14: 268435456 op, 364264400.00 ns, 1.3570 ns/op
WorkloadResult  15: 268435456 op, 366644700.00 ns, 1.3659 ns/op
WorkloadResult  16: 268435456 op, 370705600.00 ns, 1.3810 ns/op
WorkloadResult  17: 268435456 op, 370568100.00 ns, 1.3805 ns/op
WorkloadResult  18: 268435456 op, 364401100.00 ns, 1.3575 ns/op
WorkloadResult  19: 268435456 op, 366870700.00 ns, 1.3667 ns/op
WorkloadResult  20: 268435456 op, 367015600.00 ns, 1.3672 ns/op
WorkloadResult  21: 268435456 op, 367302700.00 ns, 1.3683 ns/op
WorkloadResult  22: 268435456 op, 363280400.00 ns, 1.3533 ns/op
WorkloadResult  23: 268435456 op, 368459700.00 ns, 1.3726 ns/op
WorkloadResult  24: 268435456 op, 370794300.00 ns, 1.3813 ns/op
WorkloadResult  25: 268435456 op, 368577900.00 ns, 1.3731 ns/op
WorkloadResult  26: 268435456 op, 364247600.00 ns, 1.3569 ns/op
WorkloadResult  27: 268435456 op, 370606600.00 ns, 1.3806 ns/op
WorkloadResult  28: 268435456 op, 366960300.00 ns, 1.3670 ns/op
WorkloadResult  29: 268435456 op, 360955600.00 ns, 1.3447 ns/op
WorkloadResult  30: 268435456 op, 367423000.00 ns, 1.3688 ns/op
WorkloadResult  31: 268435456 op, 374124500.00 ns, 1.3937 ns/op
WorkloadResult  32: 268435456 op, 362551700.00 ns, 1.3506 ns/op
WorkloadResult  33: 268435456 op, 369011100.00 ns, 1.3747 ns/op
WorkloadResult  34: 268435456 op, 363894400.00 ns, 1.3556 ns/op
WorkloadResult  35: 268435456 op, 360612900.00 ns, 1.3434 ns/op
WorkloadResult  36: 268435456 op, 365151900.00 ns, 1.3603 ns/op
WorkloadResult  37: 268435456 op, 363958400.00 ns, 1.3559 ns/op
WorkloadResult  38: 268435456 op, 365444600.00 ns, 1.3614 ns/op
WorkloadResult  39: 268435456 op, 365202400.00 ns, 1.3605 ns/op
WorkloadResult  40: 268435456 op, 373766500.00 ns, 1.3924 ns/op
WorkloadResult  41: 268435456 op, 369249200.00 ns, 1.3756 ns/op
WorkloadResult  42: 268435456 op, 365781800.00 ns, 1.3626 ns/op
WorkloadResult  43: 268435456 op, 368203400.00 ns, 1.3717 ns/op
WorkloadResult  44: 268435456 op, 367615000.00 ns, 1.3695 ns/op
WorkloadResult  45: 268435456 op, 368507200.00 ns, 1.3728 ns/op
WorkloadResult  46: 268435456 op, 369377100.00 ns, 1.3760 ns/op
WorkloadResult  47: 268435456 op, 368860500.00 ns, 1.3741 ns/op
WorkloadResult  48: 268435456 op, 366415000.00 ns, 1.3650 ns/op
WorkloadResult  49: 268435456 op, 368795200.00 ns, 1.3739 ns/op
WorkloadResult  50: 268435456 op, 369400100.00 ns, 1.3761 ns/op
WorkloadResult  51: 268435456 op, 366332100.00 ns, 1.3647 ns/op
WorkloadResult  52: 268435456 op, 365742200.00 ns, 1.3625 ns/op
WorkloadResult  53: 268435456 op, 371734000.00 ns, 1.3848 ns/op
WorkloadResult  54: 268435456 op, 367409900.00 ns, 1.3687 ns/op
WorkloadResult  55: 268435456 op, 368880100.00 ns, 1.3742 ns/op
WorkloadResult  56: 268435456 op, 366237600.00 ns, 1.3643 ns/op
WorkloadResult  57: 268435456 op, 366197000.00 ns, 1.3642 ns/op
WorkloadResult  58: 268435456 op, 365825400.00 ns, 1.3628 ns/op
WorkloadResult  59: 268435456 op, 368563400.00 ns, 1.3730 ns/op
WorkloadResult  60: 268435456 op, 366083800.00 ns, 1.3638 ns/op
WorkloadResult  61: 268435456 op, 362629700.00 ns, 1.3509 ns/op
WorkloadResult  62: 268435456 op, 373199900.00 ns, 1.3903 ns/op
WorkloadResult  63: 268435456 op, 370545300.00 ns, 1.3804 ns/op
WorkloadResult  64: 268435456 op, 367826700.00 ns, 1.3703 ns/op
WorkloadResult  65: 268435456 op, 368820600.00 ns, 1.3740 ns/op
WorkloadResult  66: 268435456 op, 364591200.00 ns, 1.3582 ns/op
WorkloadResult  67: 268435456 op, 368834200.00 ns, 1.3740 ns/op
WorkloadResult  68: 268435456 op, 364459000.00 ns, 1.3577 ns/op
WorkloadResult  69: 268435456 op, 369506000.00 ns, 1.3765 ns/op
WorkloadResult  70: 268435456 op, 364238100.00 ns, 1.3569 ns/op
WorkloadResult  71: 268435456 op, 364664900.00 ns, 1.3585 ns/op
WorkloadResult  72: 268435456 op, 370956700.00 ns, 1.3819 ns/op
WorkloadResult  73: 268435456 op, 370691100.00 ns, 1.3809 ns/op
WorkloadResult  74: 268435456 op, 369587600.00 ns, 1.3768 ns/op
WorkloadResult  75: 268435456 op, 364758100.00 ns, 1.3588 ns/op
WorkloadResult  76: 268435456 op, 364465700.00 ns, 1.3577 ns/op
WorkloadResult  77: 268435456 op, 362924500.00 ns, 1.3520 ns/op
WorkloadResult  78: 268435456 op, 367011100.00 ns, 1.3672 ns/op
WorkloadResult  79: 268435456 op, 364165400.00 ns, 1.3566 ns/op
WorkloadResult  80: 268435456 op, 363380400.00 ns, 1.3537 ns/op
WorkloadResult  81: 268435456 op, 364696100.00 ns, 1.3586 ns/op
WorkloadResult  82: 268435456 op, 368613900.00 ns, 1.3732 ns/op
WorkloadResult  83: 268435456 op, 363784900.00 ns, 1.3552 ns/op
WorkloadResult  84: 268435456 op, 366958700.00 ns, 1.3670 ns/op
WorkloadResult  85: 268435456 op, 368759800.00 ns, 1.3737 ns/op
WorkloadResult  86: 268435456 op, 366916200.00 ns, 1.3669 ns/op
WorkloadResult  87: 268435456 op, 371974300.00 ns, 1.3857 ns/op
WorkloadResult  88: 268435456 op, 370125600.00 ns, 1.3788 ns/op
WorkloadResult  89: 268435456 op, 366773800.00 ns, 1.3663 ns/op
WorkloadResult  90: 268435456 op, 365878800.00 ns, 1.3630 ns/op
WorkloadResult  91: 268435456 op, 369261200.00 ns, 1.3756 ns/op
WorkloadResult  92: 268435456 op, 365121400.00 ns, 1.3602 ns/op
WorkloadResult  93: 268435456 op, 368805900.00 ns, 1.3739 ns/op
WorkloadResult  94: 268435456 op, 367773400.00 ns, 1.3701 ns/op
WorkloadResult  95: 268435456 op, 367705200.00 ns, 1.3698 ns/op
WorkloadResult  96: 268435456 op, 367217300.00 ns, 1.3680 ns/op
WorkloadResult  97: 268435456 op, 365417200.00 ns, 1.3613 ns/op
WorkloadResult  98: 268435456 op, 369802700.00 ns, 1.3776 ns/op
WorkloadResult  99: 268435456 op, 369033700.00 ns, 1.3748 ns/op
WorkloadResult  100: 268435456 op, 367345700.00 ns, 1.3685 ns/op
WorkloadResult  101: 268435456 op, 369372600.00 ns, 1.3760 ns/op
WorkloadResult  102: 268435456 op, 369381100.00 ns, 1.3761 ns/op
WorkloadResult  103: 268435456 op, 369844500.00 ns, 1.3778 ns/op
WorkloadResult  104: 268435456 op, 366387400.00 ns, 1.3649 ns/op
WorkloadResult  105: 268435456 op, 370782400.00 ns, 1.3813 ns/op
WorkloadResult  106: 268435456 op, 367317600.00 ns, 1.3684 ns/op
WorkloadResult  107: 268435456 op, 370947700.00 ns, 1.3819 ns/op
WorkloadResult  108: 268435456 op, 368756200.00 ns, 1.3737 ns/op
WorkloadResult  109: 268435456 op, 373665800.00 ns, 1.3920 ns/op
WorkloadResult  110: 268435456 op, 368737500.00 ns, 1.3737 ns/op
WorkloadResult  111: 268435456 op, 368045600.00 ns, 1.3711 ns/op
WorkloadResult  112: 268435456 op, 365615100.00 ns, 1.3620 ns/op
WorkloadResult  113: 268435456 op, 365550700.00 ns, 1.3618 ns/op
WorkloadResult  114: 268435456 op, 365987000.00 ns, 1.3634 ns/op
WorkloadResult  115: 268435456 op, 370127700.00 ns, 1.3788 ns/op
WorkloadResult  116: 268435456 op, 374060100.00 ns, 1.3935 ns/op
WorkloadResult  117: 268435456 op, 367412200.00 ns, 1.3687 ns/op
WorkloadResult  118: 268435456 op, 367617500.00 ns, 1.3695 ns/op
WorkloadResult  119: 268435456 op, 367058400.00 ns, 1.3674 ns/op
WorkloadResult  120: 268435456 op, 367543400.00 ns, 1.3692 ns/op
WorkloadResult  121: 268435456 op, 366694000.00 ns, 1.3660 ns/op
WorkloadResult  122: 268435456 op, 366258800.00 ns, 1.3644 ns/op
WorkloadResult  123: 268435456 op, 365062600.00 ns, 1.3600 ns/op
WorkloadResult  124: 268435456 op, 366179200.00 ns, 1.3641 ns/op
WorkloadResult  125: 268435456 op, 365843100.00 ns, 1.3629 ns/op
WorkloadResult  126: 268435456 op, 366897300.00 ns, 1.3668 ns/op
WorkloadResult  127: 268435456 op, 365740900.00 ns, 1.3625 ns/op
WorkloadResult  128: 268435456 op, 364949500.00 ns, 1.3595 ns/op
WorkloadResult  129: 268435456 op, 366011600.00 ns, 1.3635 ns/op
WorkloadResult  130: 268435456 op, 365182000.00 ns, 1.3604 ns/op
WorkloadResult  131: 268435456 op, 367230900.00 ns, 1.3680 ns/op
WorkloadResult  132: 268435456 op, 366439000.00 ns, 1.3651 ns/op
WorkloadResult  133: 268435456 op, 367736900.00 ns, 1.3699 ns/op
WorkloadResult  134: 268435456 op, 365979300.00 ns, 1.3634 ns/op
WorkloadResult  135: 268435456 op, 368059400.00 ns, 1.3711 ns/op
WorkloadResult  136: 268435456 op, 367543900.00 ns, 1.3692 ns/op
WorkloadResult  137: 268435456 op, 368497100.00 ns, 1.3728 ns/op
WorkloadResult  138: 268435456 op, 368002800.00 ns, 1.3709 ns/op
WorkloadResult  139: 268435456 op, 365291200.00 ns, 1.3608 ns/op
WorkloadResult  140: 268435456 op, 364160300.00 ns, 1.3566 ns/op
WorkloadResult  141: 268435456 op, 366060000.00 ns, 1.3637 ns/op
WorkloadResult  142: 268435456 op, 367837400.00 ns, 1.3703 ns/op
WorkloadResult  143: 268435456 op, 368908600.00 ns, 1.3743 ns/op
WorkloadResult  144: 268435456 op, 367257600.00 ns, 1.3681 ns/op
WorkloadResult  145: 268435456 op, 367812600.00 ns, 1.3702 ns/op
WorkloadResult  146: 268435456 op, 365782000.00 ns, 1.3626 ns/op
WorkloadResult  147: 268435456 op, 365419900.00 ns, 1.3613 ns/op
WorkloadResult  148: 268435456 op, 365207400.00 ns, 1.3605 ns/op
WorkloadResult  149: 268435456 op, 370274600.00 ns, 1.3794 ns/op
WorkloadResult  150: 268435456 op, 368064800.00 ns, 1.3711 ns/op
WorkloadResult  151: 268435456 op, 367354300.00 ns, 1.3685 ns/op
WorkloadResult  152: 268435456 op, 365352900.00 ns, 1.3610 ns/op
WorkloadResult  153: 268435456 op, 367801000.00 ns, 1.3702 ns/op
WorkloadResult  154: 268435456 op, 369423500.00 ns, 1.3762 ns/op
WorkloadResult  155: 268435456 op, 367721700.00 ns, 1.3699 ns/op
WorkloadResult  156: 268435456 op, 369537800.00 ns, 1.3766 ns/op
WorkloadResult  157: 268435456 op, 368343000.00 ns, 1.3722 ns/op
WorkloadResult  158: 268435456 op, 369108400.00 ns, 1.3750 ns/op
WorkloadResult  159: 268435456 op, 367096300.00 ns, 1.3675 ns/op
WorkloadResult  160: 268435456 op, 368267800.00 ns, 1.3719 ns/op
WorkloadResult  161: 268435456 op, 367742100.00 ns, 1.3699 ns/op
WorkloadResult  162: 268435456 op, 366231300.00 ns, 1.3643 ns/op
WorkloadResult  163: 268435456 op, 369790600.00 ns, 1.3776 ns/op
WorkloadResult  164: 268435456 op, 367793500.00 ns, 1.3701 ns/op
WorkloadResult  165: 268435456 op, 364724700.00 ns, 1.3587 ns/op
WorkloadResult  166: 268435456 op, 364961400.00 ns, 1.3596 ns/op
WorkloadResult  167: 268435456 op, 366577800.00 ns, 1.3656 ns/op
WorkloadResult  168: 268435456 op, 365753100.00 ns, 1.3625 ns/op
WorkloadResult  169: 268435456 op, 367959700.00 ns, 1.3708 ns/op
WorkloadResult  170: 268435456 op, 367669500.00 ns, 1.3697 ns/op
WorkloadResult  171: 268435456 op, 367657900.00 ns, 1.3696 ns/op
WorkloadResult  172: 268435456 op, 369211200.00 ns, 1.3754 ns/op
WorkloadResult  173: 268435456 op, 367904400.00 ns, 1.3706 ns/op
WorkloadResult  174: 268435456 op, 369785600.00 ns, 1.3776 ns/op
WorkloadResult  175: 268435456 op, 368173700.00 ns, 1.3716 ns/op
WorkloadResult  176: 268435456 op, 367889400.00 ns, 1.3705 ns/op
WorkloadResult  177: 268435456 op, 369710500.00 ns, 1.3773 ns/op
WorkloadResult  178: 268435456 op, 368692900.00 ns, 1.3735 ns/op
WorkloadResult  179: 268435456 op, 374140600.00 ns, 1.3938 ns/op
WorkloadResult  180: 268435456 op, 372528300.00 ns, 1.3878 ns/op
WorkloadResult  181: 268435456 op, 372932000.00 ns, 1.3893 ns/op
WorkloadResult  182: 268435456 op, 371524200.00 ns, 1.3840 ns/op
WorkloadResult  183: 268435456 op, 371107600.00 ns, 1.3825 ns/op
WorkloadResult  184: 268435456 op, 371181500.00 ns, 1.3828 ns/op
WorkloadResult  185: 268435456 op, 369121600.00 ns, 1.3751 ns/op
WorkloadResult  186: 268435456 op, 367987800.00 ns, 1.3709 ns/op
WorkloadResult  187: 268435456 op, 369162300.00 ns, 1.3752 ns/op
WorkloadResult  188: 268435456 op, 373639200.00 ns, 1.3919 ns/op
WorkloadResult  189: 268435456 op, 368651500.00 ns, 1.3733 ns/op
WorkloadResult  190: 268435456 op, 370026300.00 ns, 1.3785 ns/op
WorkloadResult  191: 268435456 op, 369925100.00 ns, 1.3781 ns/op
WorkloadResult  192: 268435456 op, 364873400.00 ns, 1.3593 ns/op
WorkloadResult  193: 268435456 op, 368187200.00 ns, 1.3716 ns/op
WorkloadResult  194: 268435456 op, 368918500.00 ns, 1.3743 ns/op
WorkloadResult  195: 268435456 op, 369566200.00 ns, 1.3767 ns/op
// GC:  0 0 0 736 268435456
// Threading:  0 0 268435456

// AfterAll
// Benchmark Process 53864 has exited with code 0.

Mean = 1.369 ns, StdErr = 0.001 ns (0.05%), N = 195, StdDev = 0.010 ns
Min = 1.343 ns, Q1 = 1.363 ns, Median = 1.370 ns, Q3 = 1.375 ns, Max = 1.394 ns
IQR = 0.012 ns, LowerFence = 1.344 ns, UpperFence = 1.394 ns
ConfidenceInterval = [1.367 ns; 1.372 ns] (CI 99.9%), Margin = 0.002 ns (0.17% of Mean)
Skewness = 0.16, Kurtosis = 3.27, MValue = 2

// ** Remained 5 (35.7 %) benchmark(s) to run. Estimated finish 2026-08-06 18:14 (0h 7m from now) **
Setup power plan (GUID: 8c5e7fda-e8bf-4a96-9a85-a6e23a8c635c FriendlyName: Alto rendimiento)
// **************************
// Benchmark: E_TypeResolutionBenchmarks.InMemory_Resolve: Job-HIGIWD(IterationCount=200, WarmupCount=20)
// *** Execute ***
// Launch: 1 / 1
// Execute: dotnet fa58206c-31f2-44e5-b9bd-6b8a39772c60.dll --anonymousPipes 1960 3224 --benchmarkName EricksonLopez.Outbox.Benchmarks.E_TypeResolutionBenchmarks.InMemory_Resolve --job "IterationCount=200, WarmupCount=20" --benchmarkId 9 in D:\DevData\ericksonlopez.dev\dotnet-outbox\benchmarks\EricksonLopez.Outbox.Benchmarks\bin\Release\net10.0\fa58206c-31f2-44e5-b9bd-6b8a39772c60\bin\Release\net10.0
// BeforeAnythingElse

// Benchmark Process Environment Information:
// BenchmarkDotNet v0.13.12
// Runtime=.NET 10.0.10 (10.0.1026.32716), X64 RyuJIT AVX-512F+CD+BW+DQ+VL+VBMI
// GC=Concurrent Workstation
// HardwareIntrinsics=AVX-512F+CD+BW+DQ+VL+VBMI,AES,BMI1,BMI2,FMA,LZCNT,PCLMUL,POPCNT,AvxVnni VectorSize=256
// Job: Job-BDQEBQ(IterationCount=200, WarmupCount=20)

OverheadJitting  1: 1 op, 267800.00 ns, 267.8000 us/op
WorkloadJitting  1: 1 op, 668500.00 ns, 668.5000 us/op

OverheadJitting  2: 16 op, 331200.00 ns, 20.7000 us/op
WorkloadJitting  2: 16 op, 330500.00 ns, 20.6562 us/op

WorkloadPilot    1: 16 op, 5600.00 ns, 350.0000 ns/op
WorkloadPilot    2: 32 op, 5300.00 ns, 165.6250 ns/op
WorkloadPilot    3: 64 op, 5100.00 ns, 79.6875 ns/op
WorkloadPilot    4: 128 op, 7800.00 ns, 60.9375 ns/op
WorkloadPilot    5: 256 op, 7100.00 ns, 27.7344 ns/op
WorkloadPilot    6: 512 op, 10300.00 ns, 20.1172 ns/op
WorkloadPilot    7: 1024 op, 16200.00 ns, 15.8203 ns/op
WorkloadPilot    8: 2048 op, 27300.00 ns, 13.3301 ns/op
WorkloadPilot    9: 4096 op, 49300.00 ns, 12.0361 ns/op
WorkloadPilot   10: 8192 op, 93200.00 ns, 11.3770 ns/op
WorkloadPilot   11: 16384 op, 184200.00 ns, 11.2427 ns/op
WorkloadPilot   12: 32768 op, 365000.00 ns, 11.1389 ns/op
WorkloadPilot   13: 65536 op, 738200.00 ns, 11.2640 ns/op
WorkloadPilot   14: 131072 op, 1409200.00 ns, 10.7513 ns/op
WorkloadPilot   15: 262144 op, 2887700.00 ns, 11.0157 ns/op
WorkloadPilot   16: 524288 op, 5751800.00 ns, 10.9707 ns/op
WorkloadPilot   17: 1048576 op, 11336900.00 ns, 10.8117 ns/op
WorkloadPilot   18: 2097152 op, 22530400.00 ns, 10.7433 ns/op
WorkloadPilot   19: 4194304 op, 45338300.00 ns, 10.8095 ns/op
WorkloadPilot   20: 8388608 op, 89660800.00 ns, 10.6884 ns/op
WorkloadPilot   21: 16777216 op, 76060600.00 ns, 4.5336 ns/op
WorkloadPilot   22: 33554432 op, 145558700.00 ns, 4.3380 ns/op
WorkloadPilot   23: 67108864 op, 291232400.00 ns, 4.3397 ns/op
WorkloadPilot   24: 134217728 op, 582930000.00 ns, 4.3432 ns/op

OverheadWarmup   1: 134217728 op, 265886400.00 ns, 1.9810 ns/op
OverheadWarmup   2: 134217728 op, 232655700.00 ns, 1.7334 ns/op
OverheadWarmup   3: 134217728 op, 232283000.00 ns, 1.7306 ns/op
OverheadWarmup   4: 134217728 op, 234352800.00 ns, 1.7461 ns/op
OverheadWarmup   5: 134217728 op, 233389100.00 ns, 1.7389 ns/op
OverheadWarmup   6: 134217728 op, 233549600.00 ns, 1.7401 ns/op
OverheadWarmup   7: 134217728 op, 235265200.00 ns, 1.7529 ns/op
OverheadWarmup   8: 134217728 op, 233734900.00 ns, 1.7415 ns/op

OverheadActual   1: 134217728 op, 232308600.00 ns, 1.7308 ns/op
OverheadActual   2: 134217728 op, 232304300.00 ns, 1.7308 ns/op
OverheadActual   3: 134217728 op, 232086200.00 ns, 1.7292 ns/op
OverheadActual   4: 134217728 op, 234475500.00 ns, 1.7470 ns/op
OverheadActual   5: 134217728 op, 233888400.00 ns, 1.7426 ns/op
OverheadActual   6: 134217728 op, 235124600.00 ns, 1.7518 ns/op
OverheadActual   7: 134217728 op, 234251700.00 ns, 1.7453 ns/op
OverheadActual   8: 134217728 op, 233666800.00 ns, 1.7410 ns/op
OverheadActual   9: 134217728 op, 232912100.00 ns, 1.7353 ns/op
OverheadActual  10: 134217728 op, 231942400.00 ns, 1.7281 ns/op
OverheadActual  11: 134217728 op, 233577100.00 ns, 1.7403 ns/op
OverheadActual  12: 134217728 op, 233284900.00 ns, 1.7381 ns/op
OverheadActual  13: 134217728 op, 234005600.00 ns, 1.7435 ns/op
OverheadActual  14: 134217728 op, 234754100.00 ns, 1.7491 ns/op
OverheadActual  15: 134217728 op, 233657900.00 ns, 1.7409 ns/op

WorkloadWarmup   1: 134217728 op, 580317700.00 ns, 4.3237 ns/op
WorkloadWarmup   2: 134217728 op, 578327300.00 ns, 4.3089 ns/op
WorkloadWarmup   3: 134217728 op, 586405800.00 ns, 4.3691 ns/op
WorkloadWarmup   4: 134217728 op, 579453600.00 ns, 4.3173 ns/op
WorkloadWarmup   5: 134217728 op, 583826100.00 ns, 4.3498 ns/op
WorkloadWarmup   6: 134217728 op, 579632100.00 ns, 4.3186 ns/op
WorkloadWarmup   7: 134217728 op, 585169000.00 ns, 4.3598 ns/op
WorkloadWarmup   8: 134217728 op, 578983100.00 ns, 4.3138 ns/op
WorkloadWarmup   9: 134217728 op, 581727600.00 ns, 4.3342 ns/op
WorkloadWarmup  10: 134217728 op, 576664900.00 ns, 4.2965 ns/op
WorkloadWarmup  11: 134217728 op, 584055300.00 ns, 4.3516 ns/op
WorkloadWarmup  12: 134217728 op, 583942100.00 ns, 4.3507 ns/op
WorkloadWarmup  13: 134217728 op, 582785300.00 ns, 4.3421 ns/op
WorkloadWarmup  14: 134217728 op, 586336900.00 ns, 4.3686 ns/op
WorkloadWarmup  15: 134217728 op, 579766400.00 ns, 4.3196 ns/op
WorkloadWarmup  16: 134217728 op, 585913400.00 ns, 4.3654 ns/op
WorkloadWarmup  17: 134217728 op, 581440500.00 ns, 4.3321 ns/op
WorkloadWarmup  18: 134217728 op, 587300000.00 ns, 4.3757 ns/op
WorkloadWarmup  19: 134217728 op, 584893600.00 ns, 4.3578 ns/op
WorkloadWarmup  20: 134217728 op, 583356600.00 ns, 4.3463 ns/op

// BeforeActualRun
WorkloadActual   1: 134217728 op, 584846600.00 ns, 4.3574 ns/op
WorkloadActual   2: 134217728 op, 586776600.00 ns, 4.3718 ns/op
WorkloadActual   3: 134217728 op, 585328700.00 ns, 4.3610 ns/op
WorkloadActual   4: 134217728 op, 586765600.00 ns, 4.3717 ns/op
WorkloadActual   5: 134217728 op, 577719600.00 ns, 4.3043 ns/op
WorkloadActual   6: 134217728 op, 582580900.00 ns, 4.3406 ns/op
WorkloadActual   7: 134217728 op, 581974500.00 ns, 4.3360 ns/op
WorkloadActual   8: 134217728 op, 582596200.00 ns, 4.3407 ns/op
WorkloadActual   9: 134217728 op, 579687300.00 ns, 4.3190 ns/op
WorkloadActual  10: 134217728 op, 581216700.00 ns, 4.3304 ns/op
WorkloadActual  11: 134217728 op, 582903200.00 ns, 4.3430 ns/op
WorkloadActual  12: 134217728 op, 580872600.00 ns, 4.3278 ns/op
WorkloadActual  13: 134217728 op, 579511200.00 ns, 4.3177 ns/op
WorkloadActual  14: 134217728 op, 584319800.00 ns, 4.3535 ns/op
WorkloadActual  15: 134217728 op, 581459600.00 ns, 4.3322 ns/op
WorkloadActual  16: 134217728 op, 579139000.00 ns, 4.3149 ns/op
WorkloadActual  17: 134217728 op, 582668400.00 ns, 4.3412 ns/op
WorkloadActual  18: 134217728 op, 583629800.00 ns, 4.3484 ns/op
WorkloadActual  19: 134217728 op, 578720500.00 ns, 4.3118 ns/op
WorkloadActual  20: 134217728 op, 580662100.00 ns, 4.3263 ns/op
WorkloadActual  21: 134217728 op, 577908400.00 ns, 4.3058 ns/op
WorkloadActual  22: 134217728 op, 581666700.00 ns, 4.3338 ns/op
WorkloadActual  23: 134217728 op, 576815000.00 ns, 4.2976 ns/op
WorkloadActual  24: 134217728 op, 579453400.00 ns, 4.3173 ns/op
WorkloadActual  25: 134217728 op, 581458000.00 ns, 4.3322 ns/op
WorkloadActual  26: 134217728 op, 582924700.00 ns, 4.3431 ns/op
WorkloadActual  27: 134217728 op, 580232800.00 ns, 4.3231 ns/op
WorkloadActual  28: 134217728 op, 580900300.00 ns, 4.3280 ns/op
WorkloadActual  29: 134217728 op, 579602800.00 ns, 4.3184 ns/op
WorkloadActual  30: 134217728 op, 583473800.00 ns, 4.3472 ns/op
WorkloadActual  31: 134217728 op, 581063500.00 ns, 4.3293 ns/op
WorkloadActual  32: 134217728 op, 584747400.00 ns, 4.3567 ns/op
WorkloadActual  33: 134217728 op, 577119800.00 ns, 4.2999 ns/op
WorkloadActual  34: 134217728 op, 576686200.00 ns, 4.2966 ns/op
WorkloadActual  35: 134217728 op, 576931100.00 ns, 4.2985 ns/op
WorkloadActual  36: 134217728 op, 583521600.00 ns, 4.3476 ns/op
WorkloadActual  37: 134217728 op, 583899700.00 ns, 4.3504 ns/op
WorkloadActual  38: 134217728 op, 576739500.00 ns, 4.2970 ns/op
WorkloadActual  39: 134217728 op, 583558400.00 ns, 4.3478 ns/op
WorkloadActual  40: 134217728 op, 583212300.00 ns, 4.3453 ns/op
WorkloadActual  41: 134217728 op, 579192500.00 ns, 4.3153 ns/op
WorkloadActual  42: 134217728 op, 584899000.00 ns, 4.3578 ns/op
WorkloadActual  43: 134217728 op, 581285000.00 ns, 4.3309 ns/op
WorkloadActual  44: 134217728 op, 578566400.00 ns, 4.3107 ns/op
WorkloadActual  45: 134217728 op, 585342100.00 ns, 4.3611 ns/op
WorkloadActual  46: 134217728 op, 581145000.00 ns, 4.3299 ns/op
WorkloadActual  47: 134217728 op, 579547400.00 ns, 4.3180 ns/op
WorkloadActual  48: 134217728 op, 577000700.00 ns, 4.2990 ns/op
WorkloadActual  49: 134217728 op, 576910300.00 ns, 4.2983 ns/op
WorkloadActual  50: 134217728 op, 580316300.00 ns, 4.3237 ns/op
WorkloadActual  51: 134217728 op, 580383700.00 ns, 4.3242 ns/op
WorkloadActual  52: 134217728 op, 580414000.00 ns, 4.3244 ns/op
WorkloadActual  53: 134217728 op, 583865300.00 ns, 4.3501 ns/op
WorkloadActual  54: 134217728 op, 581518900.00 ns, 4.3327 ns/op
WorkloadActual  55: 134217728 op, 583554100.00 ns, 4.3478 ns/op
WorkloadActual  56: 134217728 op, 582652000.00 ns, 4.3411 ns/op
WorkloadActual  57: 134217728 op, 583448300.00 ns, 4.3470 ns/op
WorkloadActual  58: 134217728 op, 577248700.00 ns, 4.3008 ns/op
WorkloadActual  59: 134217728 op, 582192500.00 ns, 4.3377 ns/op
WorkloadActual  60: 134217728 op, 584154800.00 ns, 4.3523 ns/op
WorkloadActual  61: 134217728 op, 577114400.00 ns, 4.2998 ns/op
WorkloadActual  62: 134217728 op, 582768600.00 ns, 4.3420 ns/op
WorkloadActual  63: 134217728 op, 577238700.00 ns, 4.3008 ns/op
WorkloadActual  64: 134217728 op, 584754600.00 ns, 4.3568 ns/op
WorkloadActual  65: 134217728 op, 584135600.00 ns, 4.3521 ns/op
WorkloadActual  66: 134217728 op, 579308200.00 ns, 4.3162 ns/op
WorkloadActual  67: 134217728 op, 578771900.00 ns, 4.3122 ns/op
WorkloadActual  68: 134217728 op, 581561100.00 ns, 4.3330 ns/op
WorkloadActual  69: 134217728 op, 583480100.00 ns, 4.3473 ns/op
WorkloadActual  70: 134217728 op, 579005400.00 ns, 4.3139 ns/op
WorkloadActual  71: 134217728 op, 577864000.00 ns, 4.3054 ns/op
WorkloadActual  72: 134217728 op, 580512200.00 ns, 4.3252 ns/op
WorkloadActual  73: 134217728 op, 583888300.00 ns, 4.3503 ns/op
WorkloadActual  74: 134217728 op, 584076200.00 ns, 4.3517 ns/op
WorkloadActual  75: 134217728 op, 577958200.00 ns, 4.3061 ns/op
WorkloadActual  76: 134217728 op, 579262000.00 ns, 4.3158 ns/op
WorkloadActual  77: 134217728 op, 578913300.00 ns, 4.3132 ns/op
WorkloadActual  78: 134217728 op, 581730100.00 ns, 4.3342 ns/op
WorkloadActual  79: 134217728 op, 584286900.00 ns, 4.3533 ns/op
WorkloadActual  80: 134217728 op, 584712800.00 ns, 4.3564 ns/op
WorkloadActual  81: 134217728 op, 585724600.00 ns, 4.3640 ns/op
WorkloadActual  82: 134217728 op, 581898100.00 ns, 4.3355 ns/op
WorkloadActual  83: 134217728 op, 586370800.00 ns, 4.3688 ns/op
WorkloadActual  84: 134217728 op, 581197100.00 ns, 4.3303 ns/op
WorkloadActual  85: 134217728 op, 582209800.00 ns, 4.3378 ns/op
WorkloadActual  86: 134217728 op, 582882900.00 ns, 4.3428 ns/op
WorkloadActual  87: 134217728 op, 584899100.00 ns, 4.3578 ns/op
WorkloadActual  88: 134217728 op, 576972200.00 ns, 4.2988 ns/op
WorkloadActual  89: 134217728 op, 579673900.00 ns, 4.3189 ns/op
WorkloadActual  90: 134217728 op, 583614400.00 ns, 4.3483 ns/op
WorkloadActual  91: 134217728 op, 588119100.00 ns, 4.3818 ns/op
WorkloadActual  92: 134217728 op, 580583400.00 ns, 4.3257 ns/op
WorkloadActual  93: 134217728 op, 582786500.00 ns, 4.3421 ns/op
WorkloadActual  94: 134217728 op, 584465200.00 ns, 4.3546 ns/op
WorkloadActual  95: 134217728 op, 581055400.00 ns, 4.3292 ns/op
WorkloadActual  96: 134217728 op, 584683700.00 ns, 4.3562 ns/op
WorkloadActual  97: 134217728 op, 582554500.00 ns, 4.3404 ns/op
WorkloadActual  98: 134217728 op, 583153900.00 ns, 4.3448 ns/op
WorkloadActual  99: 134217728 op, 582988800.00 ns, 4.3436 ns/op
WorkloadActual  100: 134217728 op, 576982700.00 ns, 4.2989 ns/op
WorkloadActual  101: 134217728 op, 579162100.00 ns, 4.3151 ns/op
WorkloadActual  102: 134217728 op, 578975700.00 ns, 4.3137 ns/op
WorkloadActual  103: 134217728 op, 584624400.00 ns, 4.3558 ns/op
WorkloadActual  104: 134217728 op, 583758800.00 ns, 4.3493 ns/op
WorkloadActual  105: 134217728 op, 583811300.00 ns, 4.3497 ns/op
WorkloadActual  106: 134217728 op, 583322500.00 ns, 4.3461 ns/op
WorkloadActual  107: 134217728 op, 586825900.00 ns, 4.3722 ns/op
WorkloadActual  108: 134217728 op, 581925800.00 ns, 4.3357 ns/op
WorkloadActual  109: 134217728 op, 582624400.00 ns, 4.3409 ns/op
WorkloadActual  110: 134217728 op, 584380800.00 ns, 4.3540 ns/op
WorkloadActual  111: 134217728 op, 581839000.00 ns, 4.3350 ns/op
WorkloadActual  112: 134217728 op, 585802900.00 ns, 4.3646 ns/op
WorkloadActual  113: 134217728 op, 579140900.00 ns, 4.3149 ns/op
WorkloadActual  114: 134217728 op, 583797500.00 ns, 4.3496 ns/op
WorkloadActual  115: 134217728 op, 580709200.00 ns, 4.3266 ns/op
WorkloadActual  116: 134217728 op, 584679800.00 ns, 4.3562 ns/op
WorkloadActual  117: 134217728 op, 585178600.00 ns, 4.3599 ns/op
WorkloadActual  118: 134217728 op, 582199900.00 ns, 4.3377 ns/op
WorkloadActual  119: 134217728 op, 585784100.00 ns, 4.3644 ns/op
WorkloadActual  120: 134217728 op, 587829500.00 ns, 4.3797 ns/op
WorkloadActual  121: 134217728 op, 583787100.00 ns, 4.3496 ns/op
WorkloadActual  122: 134217728 op, 582017200.00 ns, 4.3364 ns/op
WorkloadActual  123: 134217728 op, 581705200.00 ns, 4.3340 ns/op
WorkloadActual  124: 134217728 op, 578635300.00 ns, 4.3112 ns/op
WorkloadActual  125: 134217728 op, 584732800.00 ns, 4.3566 ns/op
WorkloadActual  126: 134217728 op, 586372500.00 ns, 4.3688 ns/op
WorkloadActual  127: 134217728 op, 583975200.00 ns, 4.3510 ns/op
WorkloadActual  128: 134217728 op, 579427100.00 ns, 4.3171 ns/op
WorkloadActual  129: 134217728 op, 582380300.00 ns, 4.3391 ns/op
WorkloadActual  130: 134217728 op, 580404700.00 ns, 4.3244 ns/op
WorkloadActual  131: 134217728 op, 585431800.00 ns, 4.3618 ns/op
WorkloadActual  132: 134217728 op, 584039500.00 ns, 4.3514 ns/op
WorkloadActual  133: 134217728 op, 582593700.00 ns, 4.3407 ns/op
WorkloadActual  134: 134217728 op, 584116200.00 ns, 4.3520 ns/op
WorkloadActual  135: 134217728 op, 582104300.00 ns, 4.3370 ns/op
WorkloadActual  136: 134217728 op, 583661200.00 ns, 4.3486 ns/op
WorkloadActual  137: 134217728 op, 582901300.00 ns, 4.3430 ns/op
WorkloadActual  138: 134217728 op, 579829700.00 ns, 4.3201 ns/op
WorkloadActual  139: 134217728 op, 578632700.00 ns, 4.3111 ns/op
WorkloadActual  140: 134217728 op, 576592700.00 ns, 4.2960 ns/op
WorkloadActual  141: 134217728 op, 579020900.00 ns, 4.3140 ns/op
WorkloadActual  142: 134217728 op, 581712500.00 ns, 4.3341 ns/op
WorkloadActual  143: 134217728 op, 583628200.00 ns, 4.3484 ns/op
WorkloadActual  144: 134217728 op, 584395500.00 ns, 4.3541 ns/op
WorkloadActual  145: 134217728 op, 585983000.00 ns, 4.3659 ns/op
WorkloadActual  146: 134217728 op, 583475900.00 ns, 4.3472 ns/op
WorkloadActual  147: 134217728 op, 582199200.00 ns, 4.3377 ns/op
WorkloadActual  148: 134217728 op, 578041700.00 ns, 4.3067 ns/op
WorkloadActual  149: 134217728 op, 577070600.00 ns, 4.2995 ns/op
WorkloadActual  150: 134217728 op, 580420600.00 ns, 4.3245 ns/op
WorkloadActual  151: 134217728 op, 577938200.00 ns, 4.3060 ns/op
WorkloadActual  152: 134217728 op, 580786900.00 ns, 4.3272 ns/op
WorkloadActual  153: 134217728 op, 581042900.00 ns, 4.3291 ns/op
WorkloadActual  154: 134217728 op, 581370600.00 ns, 4.3315 ns/op
WorkloadActual  155: 134217728 op, 586839900.00 ns, 4.3723 ns/op
WorkloadActual  156: 134217728 op, 577654200.00 ns, 4.3039 ns/op
WorkloadActual  157: 134217728 op, 585942100.00 ns, 4.3656 ns/op
WorkloadActual  158: 134217728 op, 581933400.00 ns, 4.3357 ns/op
WorkloadActual  159: 134217728 op, 583244300.00 ns, 4.3455 ns/op
WorkloadActual  160: 134217728 op, 581609800.00 ns, 4.3333 ns/op
WorkloadActual  161: 134217728 op, 579143400.00 ns, 4.3150 ns/op
WorkloadActual  162: 134217728 op, 587092100.00 ns, 4.3742 ns/op
WorkloadActual  163: 134217728 op, 582743400.00 ns, 4.3418 ns/op
WorkloadActual  164: 134217728 op, 580617000.00 ns, 4.3259 ns/op
WorkloadActual  165: 134217728 op, 581257700.00 ns, 4.3307 ns/op
WorkloadActual  166: 134217728 op, 587241200.00 ns, 4.3753 ns/op
WorkloadActual  167: 134217728 op, 580279600.00 ns, 4.3234 ns/op
WorkloadActual  168: 134217728 op, 580019800.00 ns, 4.3215 ns/op
WorkloadActual  169: 134217728 op, 582773200.00 ns, 4.3420 ns/op
WorkloadActual  170: 134217728 op, 580848000.00 ns, 4.3277 ns/op
WorkloadActual  171: 134217728 op, 585359600.00 ns, 4.3613 ns/op
WorkloadActual  172: 134217728 op, 576907200.00 ns, 4.2983 ns/op
WorkloadActual  173: 134217728 op, 580239500.00 ns, 4.3231 ns/op
WorkloadActual  174: 134217728 op, 583013800.00 ns, 4.3438 ns/op
WorkloadActual  175: 134217728 op, 580552800.00 ns, 4.3255 ns/op
WorkloadActual  176: 134217728 op, 578380600.00 ns, 4.3093 ns/op
WorkloadActual  177: 134217728 op, 576980200.00 ns, 4.2988 ns/op
WorkloadActual  178: 134217728 op, 576935600.00 ns, 4.2985 ns/op
WorkloadActual  179: 134217728 op, 585116700.00 ns, 4.3595 ns/op
WorkloadActual  180: 134217728 op, 579325800.00 ns, 4.3163 ns/op
WorkloadActual  181: 134217728 op, 582404600.00 ns, 4.3393 ns/op
WorkloadActual  182: 134217728 op, 584738400.00 ns, 4.3566 ns/op
WorkloadActual  183: 134217728 op, 589475100.00 ns, 4.3919 ns/op
WorkloadActual  184: 134217728 op, 582631300.00 ns, 4.3409 ns/op
WorkloadActual  185: 134217728 op, 581103100.00 ns, 4.3296 ns/op
WorkloadActual  186: 134217728 op, 581285300.00 ns, 4.3309 ns/op
WorkloadActual  187: 134217728 op, 580806900.00 ns, 4.3273 ns/op
WorkloadActual  188: 134217728 op, 579610000.00 ns, 4.3184 ns/op
WorkloadActual  189: 134217728 op, 581498900.00 ns, 4.3325 ns/op
WorkloadActual  190: 134217728 op, 581555200.00 ns, 4.3329 ns/op
WorkloadActual  191: 134217728 op, 581361900.00 ns, 4.3315 ns/op
WorkloadActual  192: 134217728 op, 579281200.00 ns, 4.3160 ns/op
WorkloadActual  193: 134217728 op, 582959700.00 ns, 4.3434 ns/op
WorkloadActual  194: 134217728 op, 583407000.00 ns, 4.3467 ns/op
WorkloadActual  195: 134217728 op, 584489400.00 ns, 4.3548 ns/op
WorkloadActual  196: 134217728 op, 576901900.00 ns, 4.2983 ns/op
WorkloadActual  197: 134217728 op, 580732300.00 ns, 4.3268 ns/op
WorkloadActual  198: 134217728 op, 586979900.00 ns, 4.3733 ns/op
WorkloadActual  199: 134217728 op, 580543500.00 ns, 4.3254 ns/op
WorkloadActual  200: 134217728 op, 581047000.00 ns, 4.3291 ns/op

// AfterActualRun
WorkloadResult   1: 134217728 op, 351188700.00 ns, 2.6166 ns/op
WorkloadResult   2: 134217728 op, 353118700.00 ns, 2.6309 ns/op
WorkloadResult   3: 134217728 op, 351670800.00 ns, 2.6202 ns/op
WorkloadResult   4: 134217728 op, 353107700.00 ns, 2.6309 ns/op
WorkloadResult   5: 134217728 op, 344061700.00 ns, 2.5635 ns/op
WorkloadResult   6: 134217728 op, 348923000.00 ns, 2.5997 ns/op
WorkloadResult   7: 134217728 op, 348316600.00 ns, 2.5952 ns/op
WorkloadResult   8: 134217728 op, 348938300.00 ns, 2.5998 ns/op
WorkloadResult   9: 134217728 op, 346029400.00 ns, 2.5781 ns/op
WorkloadResult  10: 134217728 op, 347558800.00 ns, 2.5895 ns/op
WorkloadResult  11: 134217728 op, 349245300.00 ns, 2.6021 ns/op
WorkloadResult  12: 134217728 op, 347214700.00 ns, 2.5870 ns/op
WorkloadResult  13: 134217728 op, 345853300.00 ns, 2.5768 ns/op
WorkloadResult  14: 134217728 op, 350661900.00 ns, 2.6126 ns/op
WorkloadResult  15: 134217728 op, 347801700.00 ns, 2.5913 ns/op
WorkloadResult  16: 134217728 op, 345481100.00 ns, 2.5740 ns/op
WorkloadResult  17: 134217728 op, 349010500.00 ns, 2.6003 ns/op
WorkloadResult  18: 134217728 op, 349971900.00 ns, 2.6075 ns/op
WorkloadResult  19: 134217728 op, 345062600.00 ns, 2.5709 ns/op
WorkloadResult  20: 134217728 op, 347004200.00 ns, 2.5854 ns/op
WorkloadResult  21: 134217728 op, 344250500.00 ns, 2.5649 ns/op
WorkloadResult  22: 134217728 op, 348008800.00 ns, 2.5929 ns/op
WorkloadResult  23: 134217728 op, 343157100.00 ns, 2.5567 ns/op
WorkloadResult  24: 134217728 op, 345795500.00 ns, 2.5764 ns/op
WorkloadResult  25: 134217728 op, 347800100.00 ns, 2.5913 ns/op
WorkloadResult  26: 134217728 op, 349266800.00 ns, 2.6022 ns/op
WorkloadResult  27: 134217728 op, 346574900.00 ns, 2.5822 ns/op
WorkloadResult  28: 134217728 op, 347242400.00 ns, 2.5872 ns/op
WorkloadResult  29: 134217728 op, 345944900.00 ns, 2.5775 ns/op
WorkloadResult  30: 134217728 op, 349815900.00 ns, 2.6063 ns/op
WorkloadResult  31: 134217728 op, 347405600.00 ns, 2.5884 ns/op
WorkloadResult  32: 134217728 op, 351089500.00 ns, 2.6158 ns/op
WorkloadResult  33: 134217728 op, 343461900.00 ns, 2.5590 ns/op
WorkloadResult  34: 134217728 op, 343028300.00 ns, 2.5558 ns/op
WorkloadResult  35: 134217728 op, 343273200.00 ns, 2.5576 ns/op
WorkloadResult  36: 134217728 op, 349863700.00 ns, 2.6067 ns/op
WorkloadResult  37: 134217728 op, 350241800.00 ns, 2.6095 ns/op
WorkloadResult  38: 134217728 op, 343081600.00 ns, 2.5562 ns/op
WorkloadResult  39: 134217728 op, 349900500.00 ns, 2.6070 ns/op
WorkloadResult  40: 134217728 op, 349554400.00 ns, 2.6044 ns/op
WorkloadResult  41: 134217728 op, 345534600.00 ns, 2.5744 ns/op
WorkloadResult  42: 134217728 op, 351241100.00 ns, 2.6170 ns/op
WorkloadResult  43: 134217728 op, 347627100.00 ns, 2.5900 ns/op
WorkloadResult  44: 134217728 op, 344908500.00 ns, 2.5698 ns/op
WorkloadResult  45: 134217728 op, 351684200.00 ns, 2.6203 ns/op
WorkloadResult  46: 134217728 op, 347487100.00 ns, 2.5890 ns/op
WorkloadResult  47: 134217728 op, 345889500.00 ns, 2.5771 ns/op
WorkloadResult  48: 134217728 op, 343342800.00 ns, 2.5581 ns/op
WorkloadResult  49: 134217728 op, 343252400.00 ns, 2.5574 ns/op
WorkloadResult  50: 134217728 op, 346658400.00 ns, 2.5828 ns/op
WorkloadResult  51: 134217728 op, 346725800.00 ns, 2.5833 ns/op
WorkloadResult  52: 134217728 op, 346756100.00 ns, 2.5835 ns/op
WorkloadResult  53: 134217728 op, 350207400.00 ns, 2.6092 ns/op
WorkloadResult  54: 134217728 op, 347861000.00 ns, 2.5918 ns/op
WorkloadResult  55: 134217728 op, 349896200.00 ns, 2.6069 ns/op
WorkloadResult  56: 134217728 op, 348994100.00 ns, 2.6002 ns/op
WorkloadResult  57: 134217728 op, 349790400.00 ns, 2.6061 ns/op
WorkloadResult  58: 134217728 op, 343590800.00 ns, 2.5600 ns/op
WorkloadResult  59: 134217728 op, 348534600.00 ns, 2.5968 ns/op
WorkloadResult  60: 134217728 op, 350496900.00 ns, 2.6114 ns/op
WorkloadResult  61: 134217728 op, 343456500.00 ns, 2.5590 ns/op
WorkloadResult  62: 134217728 op, 349110700.00 ns, 2.6011 ns/op
WorkloadResult  63: 134217728 op, 343580800.00 ns, 2.5599 ns/op
WorkloadResult  64: 134217728 op, 351096700.00 ns, 2.6159 ns/op
WorkloadResult  65: 134217728 op, 350477700.00 ns, 2.6113 ns/op
WorkloadResult  66: 134217728 op, 345650300.00 ns, 2.5753 ns/op
WorkloadResult  67: 134217728 op, 345114000.00 ns, 2.5713 ns/op
WorkloadResult  68: 134217728 op, 347903200.00 ns, 2.5921 ns/op
WorkloadResult  69: 134217728 op, 349822200.00 ns, 2.6064 ns/op
WorkloadResult  70: 134217728 op, 345347500.00 ns, 2.5730 ns/op
WorkloadResult  71: 134217728 op, 344206100.00 ns, 2.5645 ns/op
WorkloadResult  72: 134217728 op, 346854300.00 ns, 2.5843 ns/op
WorkloadResult  73: 134217728 op, 350230400.00 ns, 2.6094 ns/op
WorkloadResult  74: 134217728 op, 350418300.00 ns, 2.6108 ns/op
WorkloadResult  75: 134217728 op, 344300300.00 ns, 2.5652 ns/op
WorkloadResult  76: 134217728 op, 345604100.00 ns, 2.5750 ns/op
WorkloadResult  77: 134217728 op, 345255400.00 ns, 2.5724 ns/op
WorkloadResult  78: 134217728 op, 348072200.00 ns, 2.5933 ns/op
WorkloadResult  79: 134217728 op, 350629000.00 ns, 2.6124 ns/op
WorkloadResult  80: 134217728 op, 351054900.00 ns, 2.6156 ns/op
WorkloadResult  81: 134217728 op, 352066700.00 ns, 2.6231 ns/op
WorkloadResult  82: 134217728 op, 348240200.00 ns, 2.5946 ns/op
WorkloadResult  83: 134217728 op, 352712900.00 ns, 2.6279 ns/op
WorkloadResult  84: 134217728 op, 347539200.00 ns, 2.5894 ns/op
WorkloadResult  85: 134217728 op, 348551900.00 ns, 2.5969 ns/op
WorkloadResult  86: 134217728 op, 349225000.00 ns, 2.6019 ns/op
WorkloadResult  87: 134217728 op, 351241200.00 ns, 2.6170 ns/op
WorkloadResult  88: 134217728 op, 343314300.00 ns, 2.5579 ns/op
WorkloadResult  89: 134217728 op, 346016000.00 ns, 2.5780 ns/op
WorkloadResult  90: 134217728 op, 349956500.00 ns, 2.6074 ns/op
WorkloadResult  91: 134217728 op, 354461200.00 ns, 2.6409 ns/op
WorkloadResult  92: 134217728 op, 346925500.00 ns, 2.5848 ns/op
WorkloadResult  93: 134217728 op, 349128600.00 ns, 2.6012 ns/op
WorkloadResult  94: 134217728 op, 350807300.00 ns, 2.6137 ns/op
WorkloadResult  95: 134217728 op, 347397500.00 ns, 2.5883 ns/op
WorkloadResult  96: 134217728 op, 351025800.00 ns, 2.6153 ns/op
WorkloadResult  97: 134217728 op, 348896600.00 ns, 2.5995 ns/op
WorkloadResult  98: 134217728 op, 349496000.00 ns, 2.6039 ns/op
WorkloadResult  99: 134217728 op, 349330900.00 ns, 2.6027 ns/op
WorkloadResult  100: 134217728 op, 343324800.00 ns, 2.5580 ns/op
WorkloadResult  101: 134217728 op, 345504200.00 ns, 2.5742 ns/op
WorkloadResult  102: 134217728 op, 345317800.00 ns, 2.5728 ns/op
WorkloadResult  103: 134217728 op, 350966500.00 ns, 2.6149 ns/op
WorkloadResult  104: 134217728 op, 350100900.00 ns, 2.6085 ns/op
WorkloadResult  105: 134217728 op, 350153400.00 ns, 2.6088 ns/op
WorkloadResult  106: 134217728 op, 349664600.00 ns, 2.6052 ns/op
WorkloadResult  107: 134217728 op, 353168000.00 ns, 2.6313 ns/op
WorkloadResult  108: 134217728 op, 348267900.00 ns, 2.5948 ns/op
WorkloadResult  109: 134217728 op, 348966500.00 ns, 2.6000 ns/op
WorkloadResult  110: 134217728 op, 350722900.00 ns, 2.6131 ns/op
WorkloadResult  111: 134217728 op, 348181100.00 ns, 2.5942 ns/op
WorkloadResult  112: 134217728 op, 352145000.00 ns, 2.6237 ns/op
WorkloadResult  113: 134217728 op, 345483000.00 ns, 2.5740 ns/op
WorkloadResult  114: 134217728 op, 350139600.00 ns, 2.6087 ns/op
WorkloadResult  115: 134217728 op, 347051300.00 ns, 2.5857 ns/op
WorkloadResult  116: 134217728 op, 351021900.00 ns, 2.6153 ns/op
WorkloadResult  117: 134217728 op, 351520700.00 ns, 2.6190 ns/op
WorkloadResult  118: 134217728 op, 348542000.00 ns, 2.5968 ns/op
WorkloadResult  119: 134217728 op, 352126200.00 ns, 2.6235 ns/op
WorkloadResult  120: 134217728 op, 354171600.00 ns, 2.6388 ns/op
WorkloadResult  121: 134217728 op, 350129200.00 ns, 2.6087 ns/op
WorkloadResult  122: 134217728 op, 348359300.00 ns, 2.5955 ns/op
WorkloadResult  123: 134217728 op, 348047300.00 ns, 2.5932 ns/op
WorkloadResult  124: 134217728 op, 344977400.00 ns, 2.5703 ns/op
WorkloadResult  125: 134217728 op, 351074900.00 ns, 2.6157 ns/op
WorkloadResult  126: 134217728 op, 352714600.00 ns, 2.6279 ns/op
WorkloadResult  127: 134217728 op, 350317300.00 ns, 2.6101 ns/op
WorkloadResult  128: 134217728 op, 345769200.00 ns, 2.5762 ns/op
WorkloadResult  129: 134217728 op, 348722400.00 ns, 2.5982 ns/op
WorkloadResult  130: 134217728 op, 346746800.00 ns, 2.5835 ns/op
WorkloadResult  131: 134217728 op, 351773900.00 ns, 2.6209 ns/op
WorkloadResult  132: 134217728 op, 350381600.00 ns, 2.6105 ns/op
WorkloadResult  133: 134217728 op, 348935800.00 ns, 2.5998 ns/op
WorkloadResult  134: 134217728 op, 350458300.00 ns, 2.6111 ns/op
WorkloadResult  135: 134217728 op, 348446400.00 ns, 2.5961 ns/op
WorkloadResult  136: 134217728 op, 350003300.00 ns, 2.6077 ns/op
WorkloadResult  137: 134217728 op, 349243400.00 ns, 2.6021 ns/op
WorkloadResult  138: 134217728 op, 346171800.00 ns, 2.5792 ns/op
WorkloadResult  139: 134217728 op, 344974800.00 ns, 2.5703 ns/op
WorkloadResult  140: 134217728 op, 342934800.00 ns, 2.5551 ns/op
WorkloadResult  141: 134217728 op, 345363000.00 ns, 2.5732 ns/op
WorkloadResult  142: 134217728 op, 348054600.00 ns, 2.5932 ns/op
WorkloadResult  143: 134217728 op, 349970300.00 ns, 2.6075 ns/op
WorkloadResult  144: 134217728 op, 350737600.00 ns, 2.6132 ns/op
WorkloadResult  145: 134217728 op, 352325100.00 ns, 2.6250 ns/op
WorkloadResult  146: 134217728 op, 349818000.00 ns, 2.6063 ns/op
WorkloadResult  147: 134217728 op, 348541300.00 ns, 2.5968 ns/op
WorkloadResult  148: 134217728 op, 344383800.00 ns, 2.5659 ns/op
WorkloadResult  149: 134217728 op, 343412700.00 ns, 2.5586 ns/op
WorkloadResult  150: 134217728 op, 346762700.00 ns, 2.5836 ns/op
WorkloadResult  151: 134217728 op, 344280300.00 ns, 2.5651 ns/op
WorkloadResult  152: 134217728 op, 347129000.00 ns, 2.5863 ns/op
WorkloadResult  153: 134217728 op, 347385000.00 ns, 2.5882 ns/op
WorkloadResult  154: 134217728 op, 347712700.00 ns, 2.5907 ns/op
WorkloadResult  155: 134217728 op, 353182000.00 ns, 2.6314 ns/op
WorkloadResult  156: 134217728 op, 343996300.00 ns, 2.5630 ns/op
WorkloadResult  157: 134217728 op, 352284200.00 ns, 2.6247 ns/op
WorkloadResult  158: 134217728 op, 348275500.00 ns, 2.5949 ns/op
WorkloadResult  159: 134217728 op, 349586400.00 ns, 2.6046 ns/op
WorkloadResult  160: 134217728 op, 347951900.00 ns, 2.5924 ns/op
WorkloadResult  161: 134217728 op, 345485500.00 ns, 2.5741 ns/op
WorkloadResult  162: 134217728 op, 353434200.00 ns, 2.6333 ns/op
WorkloadResult  163: 134217728 op, 349085500.00 ns, 2.6009 ns/op
WorkloadResult  164: 134217728 op, 346959100.00 ns, 2.5850 ns/op
WorkloadResult  165: 134217728 op, 347599800.00 ns, 2.5898 ns/op
WorkloadResult  166: 134217728 op, 353583300.00 ns, 2.6344 ns/op
WorkloadResult  167: 134217728 op, 346621700.00 ns, 2.5825 ns/op
WorkloadResult  168: 134217728 op, 346361900.00 ns, 2.5806 ns/op
WorkloadResult  169: 134217728 op, 349115300.00 ns, 2.6011 ns/op
WorkloadResult  170: 134217728 op, 347190100.00 ns, 2.5868 ns/op
WorkloadResult  171: 134217728 op, 351701700.00 ns, 2.6204 ns/op
WorkloadResult  172: 134217728 op, 343249300.00 ns, 2.5574 ns/op
WorkloadResult  173: 134217728 op, 346581600.00 ns, 2.5822 ns/op
WorkloadResult  174: 134217728 op, 349355900.00 ns, 2.6029 ns/op
WorkloadResult  175: 134217728 op, 346894900.00 ns, 2.5846 ns/op
WorkloadResult  176: 134217728 op, 344722700.00 ns, 2.5684 ns/op
WorkloadResult  177: 134217728 op, 343322300.00 ns, 2.5580 ns/op
WorkloadResult  178: 134217728 op, 343277700.00 ns, 2.5576 ns/op
WorkloadResult  179: 134217728 op, 351458800.00 ns, 2.6186 ns/op
WorkloadResult  180: 134217728 op, 345667900.00 ns, 2.5754 ns/op
WorkloadResult  181: 134217728 op, 348746700.00 ns, 2.5984 ns/op
WorkloadResult  182: 134217728 op, 351080500.00 ns, 2.6158 ns/op
WorkloadResult  183: 134217728 op, 355817200.00 ns, 2.6510 ns/op
WorkloadResult  184: 134217728 op, 348973400.00 ns, 2.6001 ns/op
WorkloadResult  185: 134217728 op, 347445200.00 ns, 2.5887 ns/op
WorkloadResult  186: 134217728 op, 347627400.00 ns, 2.5900 ns/op
WorkloadResult  187: 134217728 op, 347149000.00 ns, 2.5865 ns/op
WorkloadResult  188: 134217728 op, 345952100.00 ns, 2.5775 ns/op
WorkloadResult  189: 134217728 op, 347841000.00 ns, 2.5916 ns/op
WorkloadResult  190: 134217728 op, 347897300.00 ns, 2.5920 ns/op
WorkloadResult  191: 134217728 op, 347704000.00 ns, 2.5906 ns/op
WorkloadResult  192: 134217728 op, 345623300.00 ns, 2.5751 ns/op
WorkloadResult  193: 134217728 op, 349301800.00 ns, 2.6025 ns/op
WorkloadResult  194: 134217728 op, 349749100.00 ns, 2.6058 ns/op
WorkloadResult  195: 134217728 op, 350831500.00 ns, 2.6139 ns/op
WorkloadResult  196: 134217728 op, 343244000.00 ns, 2.5574 ns/op
WorkloadResult  197: 134217728 op, 347074400.00 ns, 2.5859 ns/op
WorkloadResult  198: 134217728 op, 353322000.00 ns, 2.6325 ns/op
WorkloadResult  199: 134217728 op, 346885600.00 ns, 2.5845 ns/op
WorkloadResult  200: 134217728 op, 347389100.00 ns, 2.5883 ns/op
// GC:  0 0 0 960 134217728
// Threading:  0 0 134217728

// AfterAll
// Benchmark Process 49696 has exited with code 0.

Mean = 2.594 ns, StdErr = 0.001 ns (0.06%), N = 200, StdDev = 0.021 ns
Min = 2.555 ns, Q1 = 2.578 ns, Median = 2.594 ns, Q3 = 2.609 ns, Max = 2.651 ns
IQR = 0.031 ns, LowerFence = 2.532 ns, UpperFence = 2.655 ns
ConfidenceInterval = [2.589 ns; 2.599 ns] (CI 99.9%), Margin = 0.005 ns (0.19% of Mean)
Skewness = 0.02, Kurtosis = 2.41, MValue = 2

// ** Remained 4 (28.6 %) benchmark(s) to run. Estimated finish 2026-08-06 18:15 (0h 6m from now) **
Successfully reverted power plan (GUID: 8c5e7fda-e8bf-4a96-9a85-a6e23a8c635c FriendlyName: Alto rendimiento)
// ***** BenchmarkRunner: Finish  *****

// * Export *
  benchmarks\results\results\EricksonLopez.Outbox.Benchmarks.E_TypeResolutionBenchmarks-report.csv
  benchmarks\results\results\EricksonLopez.Outbox.Benchmarks.E_TypeResolutionBenchmarks-report-github.md
  benchmarks\results\results\EricksonLopez.Outbox.Benchmarks.E_TypeResolutionBenchmarks-report.html
  benchmarks\results\results\EricksonLopez.Outbox.Benchmarks.E_TypeResolutionBenchmarks-report-full-compressed.json
  benchmarks\results\results\EricksonLopez.Outbox.Benchmarks.E_TypeResolutionBenchmarks-report-default.md

// * Detailed results *
E_TypeResolutionBenchmarks.InMemory_GetAlias: Job-HIGIWD(IterationCount=200, WarmupCount=20)
Runtime = .NET 10.0.10 (10.0.1026.32716), X64 RyuJIT AVX-512F+CD+BW+DQ+VL+VBMI; GC = Concurrent Workstation
Mean = 1.369 ns, StdErr = 0.001 ns (0.05%), N = 195, StdDev = 0.010 ns
Min = 1.343 ns, Q1 = 1.363 ns, Median = 1.370 ns, Q3 = 1.375 ns, Max = 1.394 ns
IQR = 0.012 ns, LowerFence = 1.344 ns, UpperFence = 1.394 ns
ConfidenceInterval = [1.367 ns; 1.372 ns] (CI 99.9%), Margin = 0.002 ns (0.17% of Mean)
Skewness = 0.16, Kurtosis = 3.27, MValue = 2
-------------------- Histogram --------------------
[1.341 ns ; 1.396 ns) | @@@@@@@@@@@@@@@@@@@@@@@@@@@@@@@@@@@@@@@@@@@@@@@@@@@@@@@@@@@@@@@@@@@@@@@@@@@@@@@@@@@@@@@@@@@@@@@@@@@@@@@@@@@@@@@@@@@@@@@@@@@@@@@@@@@@@@@@@@@@@@@@@@@@@@@@@@@@@@@@@@@@@@@@@@@@@@@@@@@@@@@@@@@@@@@@@@@
---------------------------------------------------

E_TypeResolutionBenchmarks.InMemory_Resolve: Job-HIGIWD(IterationCount=200, WarmupCount=20)
Runtime = .NET 10.0.10 (10.0.1026.32716), X64 RyuJIT AVX-512F+CD+BW+DQ+VL+VBMI; GC = Concurrent Workstation
Mean = 2.594 ns, StdErr = 0.001 ns (0.06%), N = 200, StdDev = 0.021 ns
Min = 2.555 ns, Q1 = 2.578 ns, Median = 2.594 ns, Q3 = 2.609 ns, Max = 2.651 ns
IQR = 0.031 ns, LowerFence = 2.532 ns, UpperFence = 2.655 ns
ConfidenceInterval = [2.589 ns; 2.599 ns] (CI 99.9%), Margin = 0.005 ns (0.19% of Mean)
Skewness = 0.02, Kurtosis = 2.41, MValue = 2
-------------------- Histogram --------------------
[2.550 ns ; 2.656 ns) | @@@@@@@@@@@@@@@@@@@@@@@@@@@@@@@@@@@@@@@@@@@@@@@@@@@@@@@@@@@@@@@@@@@@@@@@@@@@@@@@@@@@@@@@@@@@@@@@@@@@@@@@@@@@@@@@@@@@@@@@@@@@@@@@@@@@@@@@@@@@@@@@@@@@@@@@@@@@@@@@@@@@@@@@@@@@@@@@@@@@@@@@@@@@@@@@@@@@@@@@
---------------------------------------------------

// * Summary *

BenchmarkDotNet v0.13.12, Windows 11 (10.0.26200.8875)
Unknown processor
.NET SDK 10.0.302
  [Host]     : .NET 10.0.10 (10.0.1026.32716), X64 RyuJIT AVX-512F+CD+BW+DQ+VL+VBMI
  Job-HIGIWD : .NET 10.0.10 (10.0.1026.32716), X64 RyuJIT AVX-512F+CD+BW+DQ+VL+VBMI

IterationCount=200  WarmupCount=20  

| Method            | Mean     | Min      | Max      | Ratio | Allocated | Alloc Ratio |
|------------------ |---------:|---------:|---------:|------:|----------:|------------:|
| InMemory_GetAlias | 1.369 ns | 1.343 ns | 1.394 ns |  1.00 |         - |          NA |
| InMemory_Resolve  | 2.594 ns | 2.555 ns | 2.651 ns |  1.89 |         - |          NA |

// * Hints *
Outliers
  E_TypeResolutionBenchmarks.InMemory_GetAlias: IterationCount=200, WarmupCount=20 -> 5 outliers were removed, 6 outliers were detected (3.10 ns, 3.15 ns..3.16 ns)
HideColumnsAnalyser
  Summary -> Hidden columns: Error, StdDev, RatioSD

// * Legends *
  Mean        : Arithmetic mean of all measurements
  Min         : Minimum
  Max         : Maximum
  Ratio       : Mean of the ratio distribution ([Current]/[Baseline])
  Allocated   : Allocated memory per single operation (managed only, inclusive, 1KB = 1024B)
  Alloc Ratio : Allocated memory ratio distribution ([Current]/[Baseline])
  1 ns        : 1 Nanosecond (0.000000001 sec)

// * Diagnostic Output - MemoryDiagnoser *


// ***** BenchmarkRunner: End *****
Run time: 00:05:34 (334.99 sec), executed benchmarks: 2

// Found 1 benchmarks:
//   F_EndToEndBenchmarks.EricksonLopezOutbox_Synthetic_E2E: Job-KQMQYC(InvocationCount=1, IterationCount=15, UnrollFactor=1, WarmupCount=10)

Setup power plan (GUID: 8c5e7fda-e8bf-4a96-9a85-a6e23a8c635c FriendlyName: Alto rendimiento)
// **************************
// Benchmark: F_EndToEndBenchmarks.EricksonLopezOutbox_Synthetic_E2E: Job-KQMQYC(InvocationCount=1, IterationCount=15, UnrollFactor=1, WarmupCount=10)
// *** Execute ***
// Launch: 1 / 1
// Execute: dotnet fa58206c-31f2-44e5-b9bd-6b8a39772c60.dll --anonymousPipes 2364 4128 --benchmarkName EricksonLopez.Outbox.Benchmarks.F_EndToEndBenchmarks.EricksonLopezOutbox_Synthetic_E2E --job "InvocationCount=1, IterationCount=15, UnrollFactor=1, WarmupCount=10" --benchmarkId 10 in D:\DevData\ericksonlopez.dev\dotnet-outbox\benchmarks\EricksonLopez.Outbox.Benchmarks\bin\Release\net10.0\fa58206c-31f2-44e5-b9bd-6b8a39772c60\bin\Release\net10.0
// BeforeAnythingElse

// Benchmark Process Environment Information:
// BenchmarkDotNet v0.13.12
// Runtime=.NET 10.0.10 (10.0.1026.32716), X64 RyuJIT AVX-512F+CD+BW+DQ+VL+VBMI
// GC=Concurrent Workstation
// HardwareIntrinsics=AVX-512F+CD+BW+DQ+VL+VBMI,AES,BMI1,BMI2,FMA,LZCNT,PCLMUL,POPCNT,AvxVnni VectorSize=256
// Job: Job-WJEULA(InvocationCount=1, IterationCount=15, UnrollFactor=1, WarmupCount=10)

OverheadJitting  1: 1 op, 175100.00 ns, 175.1000 us/op
WorkloadJitting  1: 1 op, 19318500.00 ns, 19.3185 ms/op

OverheadWarmup   1: 1 op, 200.00 ns, 200.0000 ns/op
OverheadWarmup   2: 1 op, 200.00 ns, 200.0000 ns/op
OverheadWarmup   3: 1 op, 300.00 ns, 300.0000 ns/op
OverheadWarmup   4: 1 op, 100.00 ns, 100.0000 ns/op
OverheadWarmup   5: 1 op, 200.00 ns, 200.0000 ns/op

OverheadActual   1: 1 op, 200.00 ns, 200.0000 ns/op
OverheadActual   2: 1 op, 200.00 ns, 200.0000 ns/op
OverheadActual   3: 1 op, 200.00 ns, 200.0000 ns/op
OverheadActual   4: 1 op, 200.00 ns, 200.0000 ns/op
OverheadActual   5: 1 op, 200.00 ns, 200.0000 ns/op
OverheadActual   6: 1 op, 200.00 ns, 200.0000 ns/op
OverheadActual   7: 1 op, 200.00 ns, 200.0000 ns/op
OverheadActual   8: 1 op, 200.00 ns, 200.0000 ns/op
OverheadActual   9: 1 op, 200.00 ns, 200.0000 ns/op
OverheadActual  10: 1 op, 200.00 ns, 200.0000 ns/op
OverheadActual  11: 1 op, 200.00 ns, 200.0000 ns/op
OverheadActual  12: 1 op, 200.00 ns, 200.0000 ns/op
OverheadActual  13: 1 op, 200.00 ns, 200.0000 ns/op
OverheadActual  14: 1 op, 200.00 ns, 200.0000 ns/op
OverheadActual  15: 1 op, 200.00 ns, 200.0000 ns/op

WorkloadWarmup   1: 1 op, 206300.00 ns, 206.3000 us/op
WorkloadWarmup   2: 1 op, 38100.00 ns, 38.1000 us/op
WorkloadWarmup   3: 1 op, 23400.00 ns, 23.4000 us/op
WorkloadWarmup   4: 1 op, 22400.00 ns, 22.4000 us/op
WorkloadWarmup   5: 1 op, 22300.00 ns, 22.3000 us/op
WorkloadWarmup   6: 1 op, 26200.00 ns, 26.2000 us/op
WorkloadWarmup   7: 1 op, 23500.00 ns, 23.5000 us/op
WorkloadWarmup   8: 1 op, 8200.00 ns, 8.2000 us/op
WorkloadWarmup   9: 1 op, 23400.00 ns, 23.4000 us/op
WorkloadWarmup  10: 1 op, 9400.00 ns, 9.4000 us/op

// BeforeActualRun
WorkloadActual   1: 1 op, 28300.00 ns, 28.3000 us/op
WorkloadActual   2: 1 op, 22900.00 ns, 22.9000 us/op
WorkloadActual   3: 1 op, 9200.00 ns, 9.2000 us/op
WorkloadActual   4: 1 op, 23000.00 ns, 23.0000 us/op
WorkloadActual   5: 1 op, 23600.00 ns, 23.6000 us/op
WorkloadActual   6: 1 op, 23100.00 ns, 23.1000 us/op
WorkloadActual   7: 1 op, 8700.00 ns, 8.7000 us/op
WorkloadActual   8: 1 op, 23300.00 ns, 23.3000 us/op
WorkloadActual   9: 1 op, 25700.00 ns, 25.7000 us/op
WorkloadActual  10: 1 op, 23500.00 ns, 23.5000 us/op
WorkloadActual  11: 1 op, 8800.00 ns, 8.8000 us/op
WorkloadActual  12: 1 op, 6800.00 ns, 6.8000 us/op
WorkloadActual  13: 1 op, 6500.00 ns, 6.5000 us/op
WorkloadActual  14: 1 op, 24300.00 ns, 24.3000 us/op
WorkloadActual  15: 1 op, 47300.00 ns, 47.3000 us/op

// AfterActualRun
WorkloadResult   1: 1 op, 28100.00 ns, 28.1000 us/op
WorkloadResult   2: 1 op, 22700.00 ns, 22.7000 us/op
WorkloadResult   3: 1 op, 9000.00 ns, 9.0000 us/op
WorkloadResult   4: 1 op, 22800.00 ns, 22.8000 us/op
WorkloadResult   5: 1 op, 23400.00 ns, 23.4000 us/op
WorkloadResult   6: 1 op, 22900.00 ns, 22.9000 us/op
WorkloadResult   7: 1 op, 8500.00 ns, 8.5000 us/op
WorkloadResult   8: 1 op, 23100.00 ns, 23.1000 us/op
WorkloadResult   9: 1 op, 25500.00 ns, 25.5000 us/op
WorkloadResult  10: 1 op, 23300.00 ns, 23.3000 us/op
WorkloadResult  11: 1 op, 8600.00 ns, 8.6000 us/op
WorkloadResult  12: 1 op, 6600.00 ns, 6.6000 us/op
WorkloadResult  13: 1 op, 6300.00 ns, 6.3000 us/op
WorkloadResult  14: 1 op, 24100.00 ns, 24.1000 us/op
// GC:  0 0 0 2128 1
// Threading:  0 0 1

// AfterAll
// Benchmark Process 67940 has exited with code 0.

Mean = 18.207 μs, StdErr = 2.191 μs (12.03%), N = 14, StdDev = 8.198 μs
Min = 6.300 μs, Q1 = 8.700 μs, Median = 22.850 μs, Q3 = 23.375 μs, Max = 28.100 μs
IQR = 14.675 μs, LowerFence = -13.312 μs, UpperFence = 45.388 μs
ConfidenceInterval = [8.959 μs; 27.455 μs] (CI 99.9%), Margin = 9.248 μs (50.79% of Mean)
Skewness = -0.47, Kurtosis = 1.26, MValue = 3.11

// ** Remained 3 (21.4 %) benchmark(s) to run. Estimated finish 2026-08-06 18:13 (0h 4m from now) **
Successfully reverted power plan (GUID: 8c5e7fda-e8bf-4a96-9a85-a6e23a8c635c FriendlyName: Alto rendimiento)
// ***** BenchmarkRunner: Finish  *****

// * Export *
  benchmarks\results\results\EricksonLopez.Outbox.Benchmarks.F_EndToEndBenchmarks-report.csv
  benchmarks\results\results\EricksonLopez.Outbox.Benchmarks.F_EndToEndBenchmarks-report-github.md
  benchmarks\results\results\EricksonLopez.Outbox.Benchmarks.F_EndToEndBenchmarks-report.html
  benchmarks\results\results\EricksonLopez.Outbox.Benchmarks.F_EndToEndBenchmarks-report-full-compressed.json
  benchmarks\results\results\EricksonLopez.Outbox.Benchmarks.F_EndToEndBenchmarks-report-default.md

// * Detailed results *
F_EndToEndBenchmarks.EricksonLopezOutbox_Synthetic_E2E: Job-KQMQYC(InvocationCount=1, IterationCount=15, UnrollFactor=1, WarmupCount=10)
Runtime = .NET 10.0.10 (10.0.1026.32716), X64 RyuJIT AVX-512F+CD+BW+DQ+VL+VBMI; GC = Concurrent Workstation
Mean = 18.207 μs, StdErr = 2.191 μs (12.03%), N = 14, StdDev = 8.198 μs
Min = 6.300 μs, Q1 = 8.700 μs, Median = 22.850 μs, Q3 = 23.375 μs, Max = 28.100 μs
IQR = 14.675 μs, LowerFence = -13.312 μs, UpperFence = 45.388 μs
ConfidenceInterval = [8.959 μs; 27.455 μs] (CI 99.9%), Margin = 9.248 μs (50.79% of Mean)
Skewness = -0.47, Kurtosis = 1.26, MValue = 3.11
-------------------- Histogram --------------------
[ 3.185 μs ; 12.115 μs) | @@@@@
[12.115 μs ; 20.935 μs) | 
[20.935 μs ; 29.865 μs) | @@@@@@@@@
---------------------------------------------------

// * Summary *

BenchmarkDotNet v0.13.12, Windows 11 (10.0.26200.8875)
Unknown processor
.NET SDK 10.0.302
  [Host]     : .NET 10.0.10 (10.0.1026.32716), X64 RyuJIT AVX-512F+CD+BW+DQ+VL+VBMI
  Job-KQMQYC : .NET 10.0.10 (10.0.1026.32716), X64 RyuJIT AVX-512F+CD+BW+DQ+VL+VBMI

InvocationCount=1  IterationCount=15  UnrollFactor=1  
WarmupCount=10  Error=9.248 μs  StdDev=8.198 μs  
Median=22.85 μs  

| Method                            | Mean     | Min      | Max      | Allocated |
|---------------------------------- |---------:|---------:|---------:|----------:|
| EricksonLopezOutbox_Synthetic_E2E | 18.21 μs | 6.300 μs | 28.10 μs |         - |

// * Warnings *
MinIterationTime
  F_EndToEndBenchmarks.EricksonLopezOutbox_Synthetic_E2E: InvocationCount=1, IterationCount=15, UnrollFactor=1, WarmupCount=10 -> The minimum observed iteration time is 6.5000 μs which is very small. It's recommended to increase it to at least 100.0000 ms using more operations.

// * Hints *
Outliers
  F_EndToEndBenchmarks.EricksonLopezOutbox_Synthetic_E2E: InvocationCount=1, IterationCount=15, UnrollFactor=1, WarmupCount=10 -> 1 outlier  was  removed (47.30 μs)
HideColumnsAnalyser
  Summary -> Hidden columns: Error, StdDev, Median

// * Legends *
  Mean      : Arithmetic mean of all measurements
  Min       : Minimum
  Max       : Maximum
  Allocated : Allocated memory per single operation (managed only, inclusive, 1KB = 1024B)
  1 μs      : 1 Microsecond (0.000001 sec)

// * Diagnostic Output - MemoryDiagnoser *


// ***** BenchmarkRunner: End *****
Run time: 00:00:01 (1.07 sec), executed benchmarks: 1

// Found 3 benchmarks:
//   G_PipelineBenchmarks.ZeroMiddlewares: Job-WHNGNK(IterationCount=100, WarmupCount=20)
//   G_PipelineBenchmarks.OneMiddleware: Job-WHNGNK(IterationCount=100, WarmupCount=20)
//   G_PipelineBenchmarks.ThreeMiddlewares: Job-WHNGNK(IterationCount=100, WarmupCount=20)

Setup power plan (GUID: 8c5e7fda-e8bf-4a96-9a85-a6e23a8c635c FriendlyName: Alto rendimiento)
// **************************
// Benchmark: G_PipelineBenchmarks.ZeroMiddlewares: Job-WHNGNK(IterationCount=100, WarmupCount=20)
// *** Execute ***
// Launch: 1 / 1
// Execute: dotnet fa58206c-31f2-44e5-b9bd-6b8a39772c60.dll --anonymousPipes 3172 3252 --benchmarkName EricksonLopez.Outbox.Benchmarks.G_PipelineBenchmarks.ZeroMiddlewares --job "IterationCount=100, WarmupCount=20" --benchmarkId 11 in D:\DevData\ericksonlopez.dev\dotnet-outbox\benchmarks\EricksonLopez.Outbox.Benchmarks\bin\Release\net10.0\fa58206c-31f2-44e5-b9bd-6b8a39772c60\bin\Release\net10.0
// BeforeAnythingElse

// Benchmark Process Environment Information:
// BenchmarkDotNet v0.13.12
// Runtime=.NET 10.0.10 (10.0.1026.32716), X64 RyuJIT AVX-512F+CD+BW+DQ+VL+VBMI
// GC=Concurrent Workstation
// HardwareIntrinsics=AVX-512F+CD+BW+DQ+VL+VBMI,AES,BMI1,BMI2,FMA,LZCNT,PCLMUL,POPCNT,AvxVnni VectorSize=256
// Job: Job-PZZQOX(IterationCount=100, WarmupCount=20)

OverheadJitting  1: 1 op, 171700.00 ns, 171.7000 us/op
WorkloadJitting  1: 1 op, 1196100.00 ns, 1.1961 ms/op

OverheadJitting  2: 16 op, 148400.00 ns, 9.2750 us/op
WorkloadJitting  2: 16 op, 161700.00 ns, 10.1062 us/op

WorkloadPilot    1: 16 op, 2000.00 ns, 125.0000 ns/op
WorkloadPilot    2: 32 op, 2300.00 ns, 71.8750 ns/op
WorkloadPilot    3: 64 op, 4600.00 ns, 71.8750 ns/op
WorkloadPilot    4: 128 op, 6600.00 ns, 51.5625 ns/op
WorkloadPilot    5: 256 op, 12800.00 ns, 50.0000 ns/op
WorkloadPilot    6: 512 op, 25300.00 ns, 49.4141 ns/op
WorkloadPilot    7: 1024 op, 50300.00 ns, 49.1211 ns/op
WorkloadPilot    8: 2048 op, 100600.00 ns, 49.1211 ns/op
WorkloadPilot    9: 4096 op, 202000.00 ns, 49.3164 ns/op
WorkloadPilot   10: 8192 op, 402500.00 ns, 49.1333 ns/op
WorkloadPilot   11: 16384 op, 810500.00 ns, 49.4690 ns/op
WorkloadPilot   12: 32768 op, 1602500.00 ns, 48.9044 ns/op
WorkloadPilot   13: 65536 op, 3235900.00 ns, 49.3759 ns/op
WorkloadPilot   14: 131072 op, 6735400.00 ns, 51.3870 ns/op
WorkloadPilot   15: 262144 op, 13086400.00 ns, 49.9207 ns/op
WorkloadPilot   16: 524288 op, 25763500.00 ns, 49.1400 ns/op
WorkloadPilot   17: 1048576 op, 51814300.00 ns, 49.4140 ns/op
WorkloadPilot   18: 2097152 op, 27251100.00 ns, 12.9943 ns/op
WorkloadPilot   19: 4194304 op, 22203200.00 ns, 5.2937 ns/op
WorkloadPilot   20: 8388608 op, 44419300.00 ns, 5.2952 ns/op
WorkloadPilot   21: 16777216 op, 88756300.00 ns, 5.2903 ns/op
WorkloadPilot   22: 33554432 op, 178840700.00 ns, 5.3299 ns/op
WorkloadPilot   23: 67108864 op, 356537700.00 ns, 5.3128 ns/op
WorkloadPilot   24: 134217728 op, 716761600.00 ns, 5.3403 ns/op

OverheadWarmup   1: 134217728 op, 181210900.00 ns, 1.3501 ns/op
OverheadWarmup   2: 134217728 op, 181915400.00 ns, 1.3554 ns/op
OverheadWarmup   3: 134217728 op, 132538900.00 ns, 0.9875 ns/op
OverheadWarmup   4: 134217728 op, 128521500.00 ns, 0.9576 ns/op
OverheadWarmup   5: 134217728 op, 129379300.00 ns, 0.9640 ns/op
OverheadWarmup   6: 134217728 op, 130189000.00 ns, 0.9700 ns/op
OverheadWarmup   7: 134217728 op, 129336100.00 ns, 0.9636 ns/op

OverheadActual   1: 134217728 op, 129119800.00 ns, 0.9620 ns/op
OverheadActual   2: 134217728 op, 130277300.00 ns, 0.9706 ns/op
OverheadActual   3: 134217728 op, 128735100.00 ns, 0.9592 ns/op
OverheadActual   4: 134217728 op, 128625600.00 ns, 0.9583 ns/op
OverheadActual   5: 134217728 op, 128525900.00 ns, 0.9576 ns/op
OverheadActual   6: 134217728 op, 128681200.00 ns, 0.9587 ns/op
OverheadActual   7: 134217728 op, 128585100.00 ns, 0.9580 ns/op
OverheadActual   8: 134217728 op, 130080000.00 ns, 0.9692 ns/op
OverheadActual   9: 134217728 op, 130301900.00 ns, 0.9708 ns/op
OverheadActual  10: 134217728 op, 128410000.00 ns, 0.9567 ns/op
OverheadActual  11: 134217728 op, 128525900.00 ns, 0.9576 ns/op
OverheadActual  12: 134217728 op, 128578800.00 ns, 0.9580 ns/op
OverheadActual  13: 134217728 op, 130662300.00 ns, 0.9735 ns/op
OverheadActual  14: 134217728 op, 130101300.00 ns, 0.9693 ns/op
OverheadActual  15: 134217728 op, 130057800.00 ns, 0.9690 ns/op

WorkloadWarmup   1: 134217728 op, 719599800.00 ns, 5.3614 ns/op
WorkloadWarmup   2: 134217728 op, 720091400.00 ns, 5.3651 ns/op
WorkloadWarmup   3: 134217728 op, 712339400.00 ns, 5.3073 ns/op
WorkloadWarmup   4: 134217728 op, 713395300.00 ns, 5.3152 ns/op
WorkloadWarmup   5: 134217728 op, 708196100.00 ns, 5.2765 ns/op
WorkloadWarmup   6: 134217728 op, 707769100.00 ns, 5.2733 ns/op
WorkloadWarmup   7: 134217728 op, 714122200.00 ns, 5.3206 ns/op
WorkloadWarmup   8: 134217728 op, 712780600.00 ns, 5.3106 ns/op
WorkloadWarmup   9: 134217728 op, 709901400.00 ns, 5.2892 ns/op
WorkloadWarmup  10: 134217728 op, 714673200.00 ns, 5.3247 ns/op
WorkloadWarmup  11: 134217728 op, 709786900.00 ns, 5.2883 ns/op
WorkloadWarmup  12: 134217728 op, 708008100.00 ns, 5.2751 ns/op
WorkloadWarmup  13: 134217728 op, 712798300.00 ns, 5.3108 ns/op
WorkloadWarmup  14: 134217728 op, 709029400.00 ns, 5.2827 ns/op
WorkloadWarmup  15: 134217728 op, 714852700.00 ns, 5.3261 ns/op
WorkloadWarmup  16: 134217728 op, 709758800.00 ns, 5.2881 ns/op
WorkloadWarmup  17: 134217728 op, 707361000.00 ns, 5.2703 ns/op
WorkloadWarmup  18: 134217728 op, 705265700.00 ns, 5.2546 ns/op
WorkloadWarmup  19: 134217728 op, 711790200.00 ns, 5.3033 ns/op
WorkloadWarmup  20: 134217728 op, 708240700.00 ns, 5.2768 ns/op

// BeforeActualRun
WorkloadActual   1: 134217728 op, 728101700.00 ns, 5.4248 ns/op
WorkloadActual   2: 134217728 op, 731837600.00 ns, 5.4526 ns/op
WorkloadActual   3: 134217728 op, 728107800.00 ns, 5.4248 ns/op
WorkloadActual   4: 134217728 op, 726389700.00 ns, 5.4120 ns/op
WorkloadActual   5: 134217728 op, 730293400.00 ns, 5.4411 ns/op
WorkloadActual   6: 134217728 op, 729490500.00 ns, 5.4351 ns/op
WorkloadActual   7: 134217728 op, 728609200.00 ns, 5.4286 ns/op
WorkloadActual   8: 134217728 op, 723166200.00 ns, 5.3880 ns/op
WorkloadActual   9: 134217728 op, 728448000.00 ns, 5.4274 ns/op
WorkloadActual  10: 134217728 op, 728877000.00 ns, 5.4306 ns/op
WorkloadActual  11: 134217728 op, 728179000.00 ns, 5.4254 ns/op
WorkloadActual  12: 134217728 op, 726983600.00 ns, 5.4164 ns/op
WorkloadActual  13: 134217728 op, 739942300.00 ns, 5.5130 ns/op
WorkloadActual  14: 134217728 op, 742079500.00 ns, 5.5289 ns/op
WorkloadActual  15: 134217728 op, 746720700.00 ns, 5.5635 ns/op
WorkloadActual  16: 134217728 op, 739008800.00 ns, 5.5060 ns/op
WorkloadActual  17: 134217728 op, 743499200.00 ns, 5.5395 ns/op
WorkloadActual  18: 134217728 op, 742095500.00 ns, 5.5290 ns/op
WorkloadActual  19: 134217728 op, 740442100.00 ns, 5.5167 ns/op
WorkloadActual  20: 134217728 op, 741970100.00 ns, 5.5281 ns/op
WorkloadActual  21: 134217728 op, 735549300.00 ns, 5.4803 ns/op
WorkloadActual  22: 134217728 op, 742666600.00 ns, 5.5333 ns/op
WorkloadActual  23: 134217728 op, 744043300.00 ns, 5.5436 ns/op
WorkloadActual  24: 134217728 op, 744691500.00 ns, 5.5484 ns/op
WorkloadActual  25: 134217728 op, 737483300.00 ns, 5.4947 ns/op
WorkloadActual  26: 134217728 op, 738436100.00 ns, 5.5018 ns/op
WorkloadActual  27: 134217728 op, 737120500.00 ns, 5.4920 ns/op
WorkloadActual  28: 134217728 op, 744475000.00 ns, 5.5468 ns/op
WorkloadActual  29: 134217728 op, 744651100.00 ns, 5.5481 ns/op
WorkloadActual  30: 134217728 op, 744670400.00 ns, 5.5482 ns/op
WorkloadActual  31: 134217728 op, 735868200.00 ns, 5.4826 ns/op
WorkloadActual  32: 134217728 op, 743060500.00 ns, 5.5362 ns/op
WorkloadActual  33: 134217728 op, 741891300.00 ns, 5.5275 ns/op
WorkloadActual  34: 134217728 op, 738777100.00 ns, 5.5043 ns/op
WorkloadActual  35: 134217728 op, 741347200.00 ns, 5.5235 ns/op
WorkloadActual  36: 134217728 op, 743713800.00 ns, 5.5411 ns/op
WorkloadActual  37: 134217728 op, 744643900.00 ns, 5.5480 ns/op
WorkloadActual  38: 134217728 op, 737030700.00 ns, 5.4913 ns/op
WorkloadActual  39: 134217728 op, 748905700.00 ns, 5.5798 ns/op
WorkloadActual  40: 134217728 op, 744709300.00 ns, 5.5485 ns/op
WorkloadActual  41: 134217728 op, 743574300.00 ns, 5.5401 ns/op
WorkloadActual  42: 134217728 op, 735716100.00 ns, 5.4815 ns/op
WorkloadActual  43: 134217728 op, 741594900.00 ns, 5.5253 ns/op
WorkloadActual  44: 134217728 op, 742029300.00 ns, 5.5285 ns/op
WorkloadActual  45: 134217728 op, 749202000.00 ns, 5.5820 ns/op
WorkloadActual  46: 134217728 op, 747448300.00 ns, 5.5689 ns/op
WorkloadActual  47: 134217728 op, 739947200.00 ns, 5.5130 ns/op
WorkloadActual  48: 134217728 op, 745717500.00 ns, 5.5560 ns/op
WorkloadActual  49: 134217728 op, 742167400.00 ns, 5.5296 ns/op
WorkloadActual  50: 134217728 op, 746934000.00 ns, 5.5651 ns/op
WorkloadActual  51: 134217728 op, 750850600.00 ns, 5.5943 ns/op
WorkloadActual  52: 134217728 op, 740897100.00 ns, 5.5201 ns/op
WorkloadActual  53: 134217728 op, 741964700.00 ns, 5.5281 ns/op
WorkloadActual  54: 134217728 op, 735711400.00 ns, 5.4815 ns/op
WorkloadActual  55: 134217728 op, 744400700.00 ns, 5.5462 ns/op
WorkloadActual  56: 134217728 op, 739215100.00 ns, 5.5076 ns/op
WorkloadActual  57: 134217728 op, 749098900.00 ns, 5.5812 ns/op
WorkloadActual  58: 134217728 op, 742711500.00 ns, 5.5336 ns/op
WorkloadActual  59: 134217728 op, 737167700.00 ns, 5.4923 ns/op
WorkloadActual  60: 134217728 op, 741052100.00 ns, 5.5213 ns/op
WorkloadActual  61: 134217728 op, 738872900.00 ns, 5.5050 ns/op
WorkloadActual  62: 134217728 op, 740087600.00 ns, 5.5141 ns/op
WorkloadActual  63: 134217728 op, 760132600.00 ns, 5.6634 ns/op
WorkloadActual  64: 134217728 op, 743786300.00 ns, 5.5416 ns/op
WorkloadActual  65: 134217728 op, 743425900.00 ns, 5.5390 ns/op
WorkloadActual  66: 134217728 op, 743232200.00 ns, 5.5375 ns/op
WorkloadActual  67: 134217728 op, 737265700.00 ns, 5.4931 ns/op
WorkloadActual  68: 134217728 op, 740388200.00 ns, 5.5163 ns/op
WorkloadActual  69: 134217728 op, 746884400.00 ns, 5.5647 ns/op
WorkloadActual  70: 134217728 op, 743573700.00 ns, 5.5401 ns/op
WorkloadActual  71: 134217728 op, 749784300.00 ns, 5.5863 ns/op
WorkloadActual  72: 134217728 op, 740958500.00 ns, 5.5206 ns/op
WorkloadActual  73: 134217728 op, 752259700.00 ns, 5.6048 ns/op
WorkloadActual  74: 134217728 op, 744523900.00 ns, 5.5471 ns/op
WorkloadActual  75: 134217728 op, 743295800.00 ns, 5.5380 ns/op
WorkloadActual  76: 134217728 op, 740222100.00 ns, 5.5151 ns/op
WorkloadActual  77: 134217728 op, 736021200.00 ns, 5.4838 ns/op
WorkloadActual  78: 134217728 op, 741849300.00 ns, 5.5272 ns/op
WorkloadActual  79: 134217728 op, 742671200.00 ns, 5.5333 ns/op
WorkloadActual  80: 134217728 op, 744801500.00 ns, 5.5492 ns/op
WorkloadActual  81: 134217728 op, 748548900.00 ns, 5.5771 ns/op
WorkloadActual  82: 134217728 op, 744730400.00 ns, 5.5487 ns/op
WorkloadActual  83: 134217728 op, 745686900.00 ns, 5.5558 ns/op
WorkloadActual  84: 134217728 op, 748431000.00 ns, 5.5762 ns/op
WorkloadActual  85: 134217728 op, 742658700.00 ns, 5.5332 ns/op
WorkloadActual  86: 134217728 op, 737358300.00 ns, 5.4937 ns/op
WorkloadActual  87: 134217728 op, 746959700.00 ns, 5.5653 ns/op
WorkloadActual  88: 134217728 op, 743155900.00 ns, 5.5369 ns/op
WorkloadActual  89: 134217728 op, 737663000.00 ns, 5.4960 ns/op
WorkloadActual  90: 134217728 op, 743129500.00 ns, 5.5367 ns/op
WorkloadActual  91: 134217728 op, 741291800.00 ns, 5.5231 ns/op
WorkloadActual  92: 134217728 op, 742439200.00 ns, 5.5316 ns/op
WorkloadActual  93: 134217728 op, 748786300.00 ns, 5.5789 ns/op
WorkloadActual  94: 134217728 op, 744091800.00 ns, 5.5439 ns/op
WorkloadActual  95: 134217728 op, 735645100.00 ns, 5.4810 ns/op
WorkloadActual  96: 134217728 op, 747011100.00 ns, 5.5657 ns/op
WorkloadActual  97: 134217728 op, 741096700.00 ns, 5.5216 ns/op
WorkloadActual  98: 134217728 op, 735478800.00 ns, 5.4797 ns/op
WorkloadActual  99: 134217728 op, 736460500.00 ns, 5.4871 ns/op
WorkloadActual  100: 134217728 op, 748688400.00 ns, 5.5782 ns/op

// AfterActualRun
WorkloadResult   1: 134217728 op, 599366600.00 ns, 4.4656 ns/op
WorkloadResult   2: 134217728 op, 603102500.00 ns, 4.4935 ns/op
WorkloadResult   3: 134217728 op, 599372700.00 ns, 4.4657 ns/op
WorkloadResult   4: 134217728 op, 597654600.00 ns, 4.4529 ns/op
WorkloadResult   5: 134217728 op, 601558300.00 ns, 4.4820 ns/op
WorkloadResult   6: 134217728 op, 600755400.00 ns, 4.4760 ns/op
WorkloadResult   7: 134217728 op, 599874100.00 ns, 4.4694 ns/op
WorkloadResult   8: 134217728 op, 594431100.00 ns, 4.4289 ns/op
WorkloadResult   9: 134217728 op, 599712900.00 ns, 4.4682 ns/op
WorkloadResult  10: 134217728 op, 600141900.00 ns, 4.4714 ns/op
WorkloadResult  11: 134217728 op, 599443900.00 ns, 4.4662 ns/op
WorkloadResult  12: 134217728 op, 598248500.00 ns, 4.4573 ns/op
WorkloadResult  13: 134217728 op, 611207200.00 ns, 4.5538 ns/op
WorkloadResult  14: 134217728 op, 613344400.00 ns, 4.5698 ns/op
WorkloadResult  15: 134217728 op, 617985600.00 ns, 4.6044 ns/op
WorkloadResult  16: 134217728 op, 610273700.00 ns, 4.5469 ns/op
WorkloadResult  17: 134217728 op, 614764100.00 ns, 4.5803 ns/op
WorkloadResult  18: 134217728 op, 613360400.00 ns, 4.5699 ns/op
WorkloadResult  19: 134217728 op, 611707000.00 ns, 4.5576 ns/op
WorkloadResult  20: 134217728 op, 613235000.00 ns, 4.5690 ns/op
WorkloadResult  21: 134217728 op, 606814200.00 ns, 4.5211 ns/op
WorkloadResult  22: 134217728 op, 613931500.00 ns, 4.5741 ns/op
WorkloadResult  23: 134217728 op, 615308200.00 ns, 4.5844 ns/op
WorkloadResult  24: 134217728 op, 615956400.00 ns, 4.5892 ns/op
WorkloadResult  25: 134217728 op, 608748200.00 ns, 4.5355 ns/op
WorkloadResult  26: 134217728 op, 609701000.00 ns, 4.5426 ns/op
WorkloadResult  27: 134217728 op, 608385400.00 ns, 4.5328 ns/op
WorkloadResult  28: 134217728 op, 615739900.00 ns, 4.5876 ns/op
WorkloadResult  29: 134217728 op, 615916000.00 ns, 4.5889 ns/op
WorkloadResult  30: 134217728 op, 615935300.00 ns, 4.5891 ns/op
WorkloadResult  31: 134217728 op, 607133100.00 ns, 4.5235 ns/op
WorkloadResult  32: 134217728 op, 614325400.00 ns, 4.5771 ns/op
WorkloadResult  33: 134217728 op, 613156200.00 ns, 4.5684 ns/op
WorkloadResult  34: 134217728 op, 610042000.00 ns, 4.5452 ns/op
WorkloadResult  35: 134217728 op, 612612100.00 ns, 4.5643 ns/op
WorkloadResult  36: 134217728 op, 614978700.00 ns, 4.5819 ns/op
WorkloadResult  37: 134217728 op, 615908800.00 ns, 4.5889 ns/op
WorkloadResult  38: 134217728 op, 608295600.00 ns, 4.5322 ns/op
WorkloadResult  39: 134217728 op, 620170600.00 ns, 4.6206 ns/op
WorkloadResult  40: 134217728 op, 615974200.00 ns, 4.5894 ns/op
WorkloadResult  41: 134217728 op, 614839200.00 ns, 4.5809 ns/op
WorkloadResult  42: 134217728 op, 606981000.00 ns, 4.5224 ns/op
WorkloadResult  43: 134217728 op, 612859800.00 ns, 4.5662 ns/op
WorkloadResult  44: 134217728 op, 613294200.00 ns, 4.5694 ns/op
WorkloadResult  45: 134217728 op, 620466900.00 ns, 4.6228 ns/op
WorkloadResult  46: 134217728 op, 618713200.00 ns, 4.6098 ns/op
WorkloadResult  47: 134217728 op, 611212100.00 ns, 4.5539 ns/op
WorkloadResult  48: 134217728 op, 616982400.00 ns, 4.5969 ns/op
WorkloadResult  49: 134217728 op, 613432300.00 ns, 4.5704 ns/op
WorkloadResult  50: 134217728 op, 618198900.00 ns, 4.6059 ns/op
WorkloadResult  51: 134217728 op, 622115500.00 ns, 4.6351 ns/op
WorkloadResult  52: 134217728 op, 612162000.00 ns, 4.5610 ns/op
WorkloadResult  53: 134217728 op, 613229600.00 ns, 4.5689 ns/op
WorkloadResult  54: 134217728 op, 606976300.00 ns, 4.5223 ns/op
WorkloadResult  55: 134217728 op, 615665600.00 ns, 4.5871 ns/op
WorkloadResult  56: 134217728 op, 610480000.00 ns, 4.5484 ns/op
WorkloadResult  57: 134217728 op, 620363800.00 ns, 4.6221 ns/op
WorkloadResult  58: 134217728 op, 613976400.00 ns, 4.5745 ns/op
WorkloadResult  59: 134217728 op, 608432600.00 ns, 4.5332 ns/op
WorkloadResult  60: 134217728 op, 612317000.00 ns, 4.5621 ns/op
WorkloadResult  61: 134217728 op, 610137800.00 ns, 4.5459 ns/op
WorkloadResult  62: 134217728 op, 611352500.00 ns, 4.5549 ns/op
WorkloadResult  63: 134217728 op, 615051200.00 ns, 4.5825 ns/op
WorkloadResult  64: 134217728 op, 614690800.00 ns, 4.5798 ns/op
WorkloadResult  65: 134217728 op, 614497100.00 ns, 4.5784 ns/op
WorkloadResult  66: 134217728 op, 608530600.00 ns, 4.5339 ns/op
WorkloadResult  67: 134217728 op, 611653100.00 ns, 4.5572 ns/op
WorkloadResult  68: 134217728 op, 618149300.00 ns, 4.6056 ns/op
WorkloadResult  69: 134217728 op, 614838600.00 ns, 4.5809 ns/op
WorkloadResult  70: 134217728 op, 621049200.00 ns, 4.6272 ns/op
WorkloadResult  71: 134217728 op, 612223400.00 ns, 4.5614 ns/op
WorkloadResult  72: 134217728 op, 623524600.00 ns, 4.6456 ns/op
WorkloadResult  73: 134217728 op, 615788800.00 ns, 4.5880 ns/op
WorkloadResult  74: 134217728 op, 614560700.00 ns, 4.5788 ns/op
WorkloadResult  75: 134217728 op, 611487000.00 ns, 4.5559 ns/op
WorkloadResult  76: 134217728 op, 607286100.00 ns, 4.5246 ns/op
WorkloadResult  77: 134217728 op, 613114200.00 ns, 4.5681 ns/op
WorkloadResult  78: 134217728 op, 613936100.00 ns, 4.5742 ns/op
WorkloadResult  79: 134217728 op, 616066400.00 ns, 4.5901 ns/op
WorkloadResult  80: 134217728 op, 619813800.00 ns, 4.6180 ns/op
WorkloadResult  81: 134217728 op, 615995300.00 ns, 4.5895 ns/op
WorkloadResult  82: 134217728 op, 616951800.00 ns, 4.5966 ns/op
WorkloadResult  83: 134217728 op, 619695900.00 ns, 4.6171 ns/op
WorkloadResult  84: 134217728 op, 613923600.00 ns, 4.5741 ns/op
WorkloadResult  85: 134217728 op, 608623200.00 ns, 4.5346 ns/op
WorkloadResult  86: 134217728 op, 618224600.00 ns, 4.6061 ns/op
WorkloadResult  87: 134217728 op, 614420800.00 ns, 4.5778 ns/op
WorkloadResult  88: 134217728 op, 608927900.00 ns, 4.5369 ns/op
WorkloadResult  89: 134217728 op, 614394400.00 ns, 4.5776 ns/op
WorkloadResult  90: 134217728 op, 612556700.00 ns, 4.5639 ns/op
WorkloadResult  91: 134217728 op, 613704100.00 ns, 4.5725 ns/op
WorkloadResult  92: 134217728 op, 620051200.00 ns, 4.6197 ns/op
WorkloadResult  93: 134217728 op, 615356700.00 ns, 4.5848 ns/op
WorkloadResult  94: 134217728 op, 606910000.00 ns, 4.5218 ns/op
WorkloadResult  95: 134217728 op, 618276000.00 ns, 4.6065 ns/op
WorkloadResult  96: 134217728 op, 612361600.00 ns, 4.5624 ns/op
WorkloadResult  97: 134217728 op, 606743700.00 ns, 4.5206 ns/op
WorkloadResult  98: 134217728 op, 607725400.00 ns, 4.5279 ns/op
WorkloadResult  99: 134217728 op, 619953300.00 ns, 4.6190 ns/op
// GC:  0 0 0 400 134217728
// Threading:  0 0 134217728

// AfterAll
// Benchmark Process 22980 has exited with code 0.

Mean = 4.560 ns, StdErr = 0.005 ns (0.10%), N = 99, StdDev = 0.045 ns
Min = 4.429 ns, Q1 = 4.535 ns, Median = 4.569 ns, Q3 = 4.588 ns, Max = 4.646 ns
IQR = 0.053 ns, LowerFence = 4.455 ns, UpperFence = 4.668 ns
ConfidenceInterval = [4.545 ns; 4.576 ns] (CI 99.9%), Margin = 0.015 ns (0.34% of Mean)
Skewness = -0.82, Kurtosis = 3.31, MValue = 2

// ** Remained 2 (14.3 %) benchmark(s) to run. Estimated finish 2026-08-06 18:13 (0h 2m from now) **
Setup power plan (GUID: 8c5e7fda-e8bf-4a96-9a85-a6e23a8c635c FriendlyName: Alto rendimiento)
// **************************
// Benchmark: G_PipelineBenchmarks.OneMiddleware: Job-WHNGNK(IterationCount=100, WarmupCount=20)
// *** Execute ***
// Launch: 1 / 1
// Execute: dotnet fa58206c-31f2-44e5-b9bd-6b8a39772c60.dll --anonymousPipes 4164 3996 --benchmarkName EricksonLopez.Outbox.Benchmarks.G_PipelineBenchmarks.OneMiddleware --job "IterationCount=100, WarmupCount=20" --benchmarkId 12 in D:\DevData\ericksonlopez.dev\dotnet-outbox\benchmarks\EricksonLopez.Outbox.Benchmarks\bin\Release\net10.0\fa58206c-31f2-44e5-b9bd-6b8a39772c60\bin\Release\net10.0
// BeforeAnythingElse

// Benchmark Process Environment Information:
// BenchmarkDotNet v0.13.12
// Runtime=.NET 10.0.10 (10.0.1026.32716), X64 RyuJIT AVX-512F+CD+BW+DQ+VL+VBMI
// GC=Concurrent Workstation
// HardwareIntrinsics=AVX-512F+CD+BW+DQ+VL+VBMI,AES,BMI1,BMI2,FMA,LZCNT,PCLMUL,POPCNT,AvxVnni VectorSize=256
// Job: Job-MJMZKO(IterationCount=100, WarmupCount=20)

OverheadJitting  1: 1 op, 161700.00 ns, 161.7000 us/op
WorkloadJitting  1: 1 op, 1267700.00 ns, 1.2677 ms/op

OverheadJitting  2: 16 op, 144800.00 ns, 9.0500 us/op
WorkloadJitting  2: 16 op, 165700.00 ns, 10.3562 us/op

WorkloadPilot    1: 16 op, 2300.00 ns, 143.7500 ns/op
WorkloadPilot    2: 32 op, 3000.00 ns, 93.7500 ns/op
WorkloadPilot    3: 64 op, 4700.00 ns, 73.4375 ns/op
WorkloadPilot    4: 128 op, 8100.00 ns, 63.2812 ns/op
WorkloadPilot    5: 256 op, 13100.00 ns, 51.1719 ns/op
WorkloadPilot    6: 512 op, 27000.00 ns, 52.7344 ns/op
WorkloadPilot    7: 1024 op, 51600.00 ns, 50.3906 ns/op
WorkloadPilot    8: 2048 op, 104800.00 ns, 51.1719 ns/op
WorkloadPilot    9: 4096 op, 212600.00 ns, 51.9043 ns/op
WorkloadPilot   10: 8192 op, 411600.00 ns, 50.2441 ns/op
WorkloadPilot   11: 16384 op, 821100.00 ns, 50.1160 ns/op
WorkloadPilot   12: 32768 op, 1683100.00 ns, 51.3641 ns/op
WorkloadPilot   13: 65536 op, 3317900.00 ns, 50.6271 ns/op
WorkloadPilot   14: 131072 op, 6590500.00 ns, 50.2815 ns/op
WorkloadPilot   15: 262144 op, 13404400.00 ns, 51.1337 ns/op
WorkloadPilot   16: 524288 op, 26294400.00 ns, 50.1526 ns/op
WorkloadPilot   17: 1048576 op, 52791900.00 ns, 50.3463 ns/op
WorkloadPilot   18: 2097152 op, 106320600.00 ns, 50.6976 ns/op
WorkloadPilot   19: 4194304 op, 50290700.00 ns, 11.9902 ns/op
WorkloadPilot   20: 8388608 op, 82289900.00 ns, 9.8097 ns/op
WorkloadPilot   21: 16777216 op, 162324500.00 ns, 9.6753 ns/op
WorkloadPilot   22: 33554432 op, 326261700.00 ns, 9.7234 ns/op
WorkloadPilot   23: 67108864 op, 653276200.00 ns, 9.7346 ns/op

OverheadWarmup   1: 67108864 op, 89937100.00 ns, 1.3402 ns/op
OverheadWarmup   2: 67108864 op, 89985700.00 ns, 1.3409 ns/op
OverheadWarmup   3: 67108864 op, 86110200.00 ns, 1.2831 ns/op
OverheadWarmup   4: 67108864 op, 64543100.00 ns, 0.9618 ns/op
OverheadWarmup   5: 67108864 op, 64717600.00 ns, 0.9644 ns/op
OverheadWarmup   6: 67108864 op, 64410300.00 ns, 0.9598 ns/op

OverheadActual   1: 67108864 op, 64258100.00 ns, 0.9575 ns/op
OverheadActual   2: 67108864 op, 64212500.00 ns, 0.9568 ns/op
OverheadActual   3: 67108864 op, 64407000.00 ns, 0.9597 ns/op
OverheadActual   4: 67108864 op, 64251800.00 ns, 0.9574 ns/op
OverheadActual   5: 67108864 op, 64274300.00 ns, 0.9578 ns/op
OverheadActual   6: 67108864 op, 64215500.00 ns, 0.9569 ns/op
OverheadActual   7: 67108864 op, 65373200.00 ns, 0.9741 ns/op
OverheadActual   8: 67108864 op, 64853400.00 ns, 0.9664 ns/op
OverheadActual   9: 67108864 op, 64318900.00 ns, 0.9584 ns/op
OverheadActual  10: 67108864 op, 64214000.00 ns, 0.9569 ns/op
OverheadActual  11: 67108864 op, 64234900.00 ns, 0.9572 ns/op
OverheadActual  12: 67108864 op, 64254800.00 ns, 0.9575 ns/op
OverheadActual  13: 67108864 op, 64195200.00 ns, 0.9566 ns/op
OverheadActual  14: 67108864 op, 65122700.00 ns, 0.9704 ns/op
OverheadActual  15: 67108864 op, 64252700.00 ns, 0.9574 ns/op

WorkloadWarmup   1: 67108864 op, 647141200.00 ns, 9.6432 ns/op
WorkloadWarmup   2: 67108864 op, 650124400.00 ns, 9.6876 ns/op
WorkloadWarmup   3: 67108864 op, 651988900.00 ns, 9.7154 ns/op
WorkloadWarmup   4: 67108864 op, 650520200.00 ns, 9.6935 ns/op
WorkloadWarmup   5: 67108864 op, 652844600.00 ns, 9.7281 ns/op
WorkloadWarmup   6: 67108864 op, 659810800.00 ns, 9.8319 ns/op
WorkloadWarmup   7: 67108864 op, 655715000.00 ns, 9.7709 ns/op
WorkloadWarmup   8: 67108864 op, 653635300.00 ns, 9.7399 ns/op
WorkloadWarmup   9: 67108864 op, 651569700.00 ns, 9.7091 ns/op
WorkloadWarmup  10: 67108864 op, 651349600.00 ns, 9.7059 ns/op
WorkloadWarmup  11: 67108864 op, 651135100.00 ns, 9.7027 ns/op
WorkloadWarmup  12: 67108864 op, 651408700.00 ns, 9.7067 ns/op
WorkloadWarmup  13: 67108864 op, 655304900.00 ns, 9.7648 ns/op
WorkloadWarmup  14: 67108864 op, 661104600.00 ns, 9.8512 ns/op
WorkloadWarmup  15: 67108864 op, 658593500.00 ns, 9.8138 ns/op
WorkloadWarmup  16: 67108864 op, 665348300.00 ns, 9.9145 ns/op
WorkloadWarmup  17: 67108864 op, 663005300.00 ns, 9.8795 ns/op
WorkloadWarmup  18: 67108864 op, 660824700.00 ns, 9.8471 ns/op
WorkloadWarmup  19: 67108864 op, 654173700.00 ns, 9.7479 ns/op
WorkloadWarmup  20: 67108864 op, 651355800.00 ns, 9.7060 ns/op

// BeforeActualRun
WorkloadActual   1: 67108864 op, 652208300.00 ns, 9.7187 ns/op
WorkloadActual   2: 67108864 op, 650524000.00 ns, 9.6936 ns/op
WorkloadActual   3: 67108864 op, 644078800.00 ns, 9.5975 ns/op
WorkloadActual   4: 67108864 op, 644508100.00 ns, 9.6039 ns/op
WorkloadActual   5: 67108864 op, 646083700.00 ns, 9.6274 ns/op
WorkloadActual   6: 67108864 op, 643903700.00 ns, 9.5949 ns/op
WorkloadActual   7: 67108864 op, 649437900.00 ns, 9.6774 ns/op
WorkloadActual   8: 67108864 op, 648599700.00 ns, 9.6649 ns/op
WorkloadActual   9: 67108864 op, 651645500.00 ns, 9.7103 ns/op
WorkloadActual  10: 67108864 op, 648036500.00 ns, 9.6565 ns/op
WorkloadActual  11: 67108864 op, 645014400.00 ns, 9.6115 ns/op
WorkloadActual  12: 67108864 op, 645883300.00 ns, 9.6244 ns/op
WorkloadActual  13: 67108864 op, 643797800.00 ns, 9.5933 ns/op
WorkloadActual  14: 67108864 op, 651837400.00 ns, 9.7131 ns/op
WorkloadActual  15: 67108864 op, 654378300.00 ns, 9.7510 ns/op
WorkloadActual  16: 67108864 op, 653009700.00 ns, 9.7306 ns/op
WorkloadActual  17: 67108864 op, 656628200.00 ns, 9.7845 ns/op
WorkloadActual  18: 67108864 op, 650317200.00 ns, 9.6905 ns/op
WorkloadActual  19: 67108864 op, 652354100.00 ns, 9.7208 ns/op
WorkloadActual  20: 67108864 op, 651659600.00 ns, 9.7105 ns/op
WorkloadActual  21: 67108864 op, 651140200.00 ns, 9.7027 ns/op
WorkloadActual  22: 67108864 op, 649063300.00 ns, 9.6718 ns/op
WorkloadActual  23: 67108864 op, 658168800.00 ns, 9.8075 ns/op
WorkloadActual  24: 67108864 op, 653681300.00 ns, 9.7406 ns/op
WorkloadActual  25: 67108864 op, 650335400.00 ns, 9.6908 ns/op
WorkloadActual  26: 67108864 op, 653790000.00 ns, 9.7422 ns/op
WorkloadActual  27: 67108864 op, 655280700.00 ns, 9.7644 ns/op
WorkloadActual  28: 67108864 op, 654024100.00 ns, 9.7457 ns/op
WorkloadActual  29: 67108864 op, 657385700.00 ns, 9.7958 ns/op
WorkloadActual  30: 67108864 op, 656511000.00 ns, 9.7828 ns/op
WorkloadActual  31: 67108864 op, 655223400.00 ns, 9.7636 ns/op
WorkloadActual  32: 67108864 op, 654126100.00 ns, 9.7472 ns/op
WorkloadActual  33: 67108864 op, 652572900.00 ns, 9.7241 ns/op
WorkloadActual  34: 67108864 op, 651574800.00 ns, 9.7092 ns/op
WorkloadActual  35: 67108864 op, 656247500.00 ns, 9.7788 ns/op
WorkloadActual  36: 67108864 op, 654824400.00 ns, 9.7576 ns/op
WorkloadActual  37: 67108864 op, 650880300.00 ns, 9.6989 ns/op
WorkloadActual  38: 67108864 op, 653733500.00 ns, 9.7414 ns/op
WorkloadActual  39: 67108864 op, 649855300.00 ns, 9.6836 ns/op
WorkloadActual  40: 67108864 op, 651285300.00 ns, 9.7049 ns/op
WorkloadActual  41: 67108864 op, 655719100.00 ns, 9.7710 ns/op
WorkloadActual  42: 67108864 op, 653520100.00 ns, 9.7382 ns/op
WorkloadActual  43: 67108864 op, 655419500.00 ns, 9.7665 ns/op
WorkloadActual  44: 67108864 op, 650103500.00 ns, 9.6873 ns/op
WorkloadActual  45: 67108864 op, 654955200.00 ns, 9.7596 ns/op
WorkloadActual  46: 67108864 op, 652952900.00 ns, 9.7298 ns/op
WorkloadActual  47: 67108864 op, 649385600.00 ns, 9.6766 ns/op
WorkloadActual  48: 67108864 op, 650662000.00 ns, 9.6956 ns/op
WorkloadActual  49: 67108864 op, 648843300.00 ns, 9.6685 ns/op
WorkloadActual  50: 67108864 op, 651355800.00 ns, 9.7060 ns/op
WorkloadActual  51: 67108864 op, 648998200.00 ns, 9.6708 ns/op
WorkloadActual  52: 67108864 op, 652775100.00 ns, 9.7271 ns/op
WorkloadActual  53: 67108864 op, 651168600.00 ns, 9.7032 ns/op
WorkloadActual  54: 67108864 op, 657463100.00 ns, 9.7970 ns/op
WorkloadActual  55: 67108864 op, 649948000.00 ns, 9.6850 ns/op
WorkloadActual  56: 67108864 op, 654130900.00 ns, 9.7473 ns/op
WorkloadActual  57: 67108864 op, 653785100.00 ns, 9.7422 ns/op
WorkloadActual  58: 67108864 op, 653083600.00 ns, 9.7317 ns/op
WorkloadActual  59: 67108864 op, 650662100.00 ns, 9.6956 ns/op
WorkloadActual  60: 67108864 op, 647739800.00 ns, 9.6521 ns/op
WorkloadActual  61: 67108864 op, 647668600.00 ns, 9.6510 ns/op
WorkloadActual  62: 67108864 op, 651281300.00 ns, 9.7048 ns/op
WorkloadActual  63: 67108864 op, 654016700.00 ns, 9.7456 ns/op
WorkloadActual  64: 67108864 op, 654708400.00 ns, 9.7559 ns/op
WorkloadActual  65: 67108864 op, 653204600.00 ns, 9.7335 ns/op
WorkloadActual  66: 67108864 op, 658110500.00 ns, 9.8066 ns/op
WorkloadActual  67: 67108864 op, 650198100.00 ns, 9.6887 ns/op
WorkloadActual  68: 67108864 op, 651907500.00 ns, 9.7142 ns/op
WorkloadActual  69: 67108864 op, 651559000.00 ns, 9.7090 ns/op
WorkloadActual  70: 67108864 op, 647167200.00 ns, 9.6435 ns/op
WorkloadActual  71: 67108864 op, 650241600.00 ns, 9.6894 ns/op
WorkloadActual  72: 67108864 op, 650229900.00 ns, 9.6892 ns/op
WorkloadActual  73: 67108864 op, 655372000.00 ns, 9.7658 ns/op
WorkloadActual  74: 67108864 op, 651713900.00 ns, 9.7113 ns/op
WorkloadActual  75: 67108864 op, 652508900.00 ns, 9.7231 ns/op
WorkloadActual  76: 67108864 op, 647929800.00 ns, 9.6549 ns/op
WorkloadActual  77: 67108864 op, 653779800.00 ns, 9.7421 ns/op
WorkloadActual  78: 67108864 op, 654120600.00 ns, 9.7472 ns/op
WorkloadActual  79: 67108864 op, 655102500.00 ns, 9.7618 ns/op
WorkloadActual  80: 67108864 op, 659765800.00 ns, 9.8313 ns/op
WorkloadActual  81: 67108864 op, 653016600.00 ns, 9.7307 ns/op
WorkloadActual  82: 67108864 op, 653459000.00 ns, 9.7373 ns/op
WorkloadActual  83: 67108864 op, 650764100.00 ns, 9.6971 ns/op
WorkloadActual  84: 67108864 op, 652993700.00 ns, 9.7304 ns/op
WorkloadActual  85: 67108864 op, 653749800.00 ns, 9.7416 ns/op
WorkloadActual  86: 67108864 op, 653798400.00 ns, 9.7424 ns/op
WorkloadActual  87: 67108864 op, 655562100.00 ns, 9.7686 ns/op
WorkloadActual  88: 67108864 op, 657640700.00 ns, 9.7996 ns/op
WorkloadActual  89: 67108864 op, 653708600.00 ns, 9.7410 ns/op
WorkloadActual  90: 67108864 op, 653759900.00 ns, 9.7418 ns/op
WorkloadActual  91: 67108864 op, 654945500.00 ns, 9.7594 ns/op
WorkloadActual  92: 67108864 op, 654105400.00 ns, 9.7469 ns/op
WorkloadActual  93: 67108864 op, 648372400.00 ns, 9.6615 ns/op
WorkloadActual  94: 67108864 op, 649251400.00 ns, 9.6746 ns/op
WorkloadActual  95: 67108864 op, 656950100.00 ns, 9.7893 ns/op
WorkloadActual  96: 67108864 op, 654128400.00 ns, 9.7473 ns/op
WorkloadActual  97: 67108864 op, 648865000.00 ns, 9.6688 ns/op
WorkloadActual  98: 67108864 op, 653190400.00 ns, 9.7333 ns/op
WorkloadActual  99: 67108864 op, 656506800.00 ns, 9.7827 ns/op
WorkloadActual  100: 67108864 op, 651456500.00 ns, 9.7075 ns/op

// AfterActualRun
WorkloadResult   1: 67108864 op, 587953500.00 ns, 8.7612 ns/op
WorkloadResult   2: 67108864 op, 586269200.00 ns, 8.7361 ns/op
WorkloadResult   3: 67108864 op, 579824000.00 ns, 8.6401 ns/op
WorkloadResult   4: 67108864 op, 580253300.00 ns, 8.6464 ns/op
WorkloadResult   5: 67108864 op, 581828900.00 ns, 8.6699 ns/op
WorkloadResult   6: 67108864 op, 579648900.00 ns, 8.6374 ns/op
WorkloadResult   7: 67108864 op, 585183100.00 ns, 8.7199 ns/op
WorkloadResult   8: 67108864 op, 584344900.00 ns, 8.7074 ns/op
WorkloadResult   9: 67108864 op, 587390700.00 ns, 8.7528 ns/op
WorkloadResult  10: 67108864 op, 583781700.00 ns, 8.6990 ns/op
WorkloadResult  11: 67108864 op, 580759600.00 ns, 8.6540 ns/op
WorkloadResult  12: 67108864 op, 581628500.00 ns, 8.6669 ns/op
WorkloadResult  13: 67108864 op, 579543000.00 ns, 8.6359 ns/op
WorkloadResult  14: 67108864 op, 587582600.00 ns, 8.7557 ns/op
WorkloadResult  15: 67108864 op, 590123500.00 ns, 8.7935 ns/op
WorkloadResult  16: 67108864 op, 588754900.00 ns, 8.7731 ns/op
WorkloadResult  17: 67108864 op, 592373400.00 ns, 8.8271 ns/op
WorkloadResult  18: 67108864 op, 586062400.00 ns, 8.7330 ns/op
WorkloadResult  19: 67108864 op, 588099300.00 ns, 8.7634 ns/op
WorkloadResult  20: 67108864 op, 587404800.00 ns, 8.7530 ns/op
WorkloadResult  21: 67108864 op, 586885400.00 ns, 8.7453 ns/op
WorkloadResult  22: 67108864 op, 584808500.00 ns, 8.7143 ns/op
WorkloadResult  23: 67108864 op, 593914000.00 ns, 8.8500 ns/op
WorkloadResult  24: 67108864 op, 589426500.00 ns, 8.7831 ns/op
WorkloadResult  25: 67108864 op, 586080600.00 ns, 8.7333 ns/op
WorkloadResult  26: 67108864 op, 589535200.00 ns, 8.7848 ns/op
WorkloadResult  27: 67108864 op, 591025900.00 ns, 8.8070 ns/op
WorkloadResult  28: 67108864 op, 589769300.00 ns, 8.7882 ns/op
WorkloadResult  29: 67108864 op, 593130900.00 ns, 8.8383 ns/op
WorkloadResult  30: 67108864 op, 592256200.00 ns, 8.8253 ns/op
WorkloadResult  31: 67108864 op, 590968600.00 ns, 8.8061 ns/op
WorkloadResult  32: 67108864 op, 589871300.00 ns, 8.7898 ns/op
WorkloadResult  33: 67108864 op, 588318100.00 ns, 8.7666 ns/op
WorkloadResult  34: 67108864 op, 587320000.00 ns, 8.7517 ns/op
WorkloadResult  35: 67108864 op, 591992700.00 ns, 8.8214 ns/op
WorkloadResult  36: 67108864 op, 590569600.00 ns, 8.8002 ns/op
WorkloadResult  37: 67108864 op, 586625500.00 ns, 8.7414 ns/op
WorkloadResult  38: 67108864 op, 589478700.00 ns, 8.7839 ns/op
WorkloadResult  39: 67108864 op, 585600500.00 ns, 8.7261 ns/op
WorkloadResult  40: 67108864 op, 587030500.00 ns, 8.7474 ns/op
WorkloadResult  41: 67108864 op, 591464300.00 ns, 8.8135 ns/op
WorkloadResult  42: 67108864 op, 589265300.00 ns, 8.7807 ns/op
WorkloadResult  43: 67108864 op, 591164700.00 ns, 8.8090 ns/op
WorkloadResult  44: 67108864 op, 585848700.00 ns, 8.7298 ns/op
WorkloadResult  45: 67108864 op, 590700400.00 ns, 8.8021 ns/op
WorkloadResult  46: 67108864 op, 588698100.00 ns, 8.7723 ns/op
WorkloadResult  47: 67108864 op, 585130800.00 ns, 8.7191 ns/op
WorkloadResult  48: 67108864 op, 586407200.00 ns, 8.7381 ns/op
WorkloadResult  49: 67108864 op, 584588500.00 ns, 8.7110 ns/op
WorkloadResult  50: 67108864 op, 587101000.00 ns, 8.7485 ns/op
WorkloadResult  51: 67108864 op, 584743400.00 ns, 8.7134 ns/op
WorkloadResult  52: 67108864 op, 588520300.00 ns, 8.7696 ns/op
WorkloadResult  53: 67108864 op, 586913800.00 ns, 8.7457 ns/op
WorkloadResult  54: 67108864 op, 593208300.00 ns, 8.8395 ns/op
WorkloadResult  55: 67108864 op, 585693200.00 ns, 8.7275 ns/op
WorkloadResult  56: 67108864 op, 589876100.00 ns, 8.7898 ns/op
WorkloadResult  57: 67108864 op, 589530300.00 ns, 8.7847 ns/op
WorkloadResult  58: 67108864 op, 588828800.00 ns, 8.7742 ns/op
WorkloadResult  59: 67108864 op, 586407300.00 ns, 8.7381 ns/op
WorkloadResult  60: 67108864 op, 583485000.00 ns, 8.6946 ns/op
WorkloadResult  61: 67108864 op, 583413800.00 ns, 8.6935 ns/op
WorkloadResult  62: 67108864 op, 587026500.00 ns, 8.7474 ns/op
WorkloadResult  63: 67108864 op, 589761900.00 ns, 8.7881 ns/op
WorkloadResult  64: 67108864 op, 590453600.00 ns, 8.7984 ns/op
WorkloadResult  65: 67108864 op, 588949800.00 ns, 8.7760 ns/op
WorkloadResult  66: 67108864 op, 593855700.00 ns, 8.8491 ns/op
WorkloadResult  67: 67108864 op, 585943300.00 ns, 8.7312 ns/op
WorkloadResult  68: 67108864 op, 587652700.00 ns, 8.7567 ns/op
WorkloadResult  69: 67108864 op, 587304200.00 ns, 8.7515 ns/op
WorkloadResult  70: 67108864 op, 582912400.00 ns, 8.6861 ns/op
WorkloadResult  71: 67108864 op, 585986800.00 ns, 8.7319 ns/op
WorkloadResult  72: 67108864 op, 585975100.00 ns, 8.7317 ns/op
WorkloadResult  73: 67108864 op, 591117200.00 ns, 8.8083 ns/op
WorkloadResult  74: 67108864 op, 587459100.00 ns, 8.7538 ns/op
WorkloadResult  75: 67108864 op, 588254100.00 ns, 8.7657 ns/op
WorkloadResult  76: 67108864 op, 583675000.00 ns, 8.6974 ns/op
WorkloadResult  77: 67108864 op, 589525000.00 ns, 8.7846 ns/op
WorkloadResult  78: 67108864 op, 589865800.00 ns, 8.7897 ns/op
WorkloadResult  79: 67108864 op, 590847700.00 ns, 8.8043 ns/op
WorkloadResult  80: 67108864 op, 595511000.00 ns, 8.8738 ns/op
WorkloadResult  81: 67108864 op, 588761800.00 ns, 8.7732 ns/op
WorkloadResult  82: 67108864 op, 589204200.00 ns, 8.7798 ns/op
WorkloadResult  83: 67108864 op, 586509300.00 ns, 8.7397 ns/op
WorkloadResult  84: 67108864 op, 588738900.00 ns, 8.7729 ns/op
WorkloadResult  85: 67108864 op, 589495000.00 ns, 8.7842 ns/op
WorkloadResult  86: 67108864 op, 589543600.00 ns, 8.7849 ns/op
WorkloadResult  87: 67108864 op, 591307300.00 ns, 8.8112 ns/op
WorkloadResult  88: 67108864 op, 593385900.00 ns, 8.8421 ns/op
WorkloadResult  89: 67108864 op, 589453800.00 ns, 8.7835 ns/op
WorkloadResult  90: 67108864 op, 589505100.00 ns, 8.7843 ns/op
WorkloadResult  91: 67108864 op, 590690700.00 ns, 8.8020 ns/op
WorkloadResult  92: 67108864 op, 589850600.00 ns, 8.7895 ns/op
WorkloadResult  93: 67108864 op, 584117600.00 ns, 8.7040 ns/op
WorkloadResult  94: 67108864 op, 584996600.00 ns, 8.7171 ns/op
WorkloadResult  95: 67108864 op, 592695300.00 ns, 8.8318 ns/op
WorkloadResult  96: 67108864 op, 589873600.00 ns, 8.7898 ns/op
WorkloadResult  97: 67108864 op, 584610200.00 ns, 8.7114 ns/op
WorkloadResult  98: 67108864 op, 588935600.00 ns, 8.7758 ns/op
WorkloadResult  99: 67108864 op, 592252000.00 ns, 8.8252 ns/op
WorkloadResult  100: 67108864 op, 587201700.00 ns, 8.7500 ns/op
// GC:  0 0 0 400 67108864
// Threading:  0 0 67108864

// AfterAll
// Benchmark Process 91696 has exited with code 0.

Mean = 8.760 ns, StdErr = 0.005 ns (0.06%), N = 100, StdDev = 0.050 ns
Min = 8.636 ns, Q1 = 8.732 ns, Median = 8.766 ns, Q3 = 8.790 ns, Max = 8.874 ns
IQR = 0.058 ns, LowerFence = 8.644 ns, UpperFence = 8.877 ns
ConfidenceInterval = [8.743 ns; 8.777 ns] (CI 99.9%), Margin = 0.017 ns (0.19% of Mean)
Skewness = -0.4, Kurtosis = 2.96, MValue = 2

// ** Remained 1 (7.1 %) benchmark(s) to run. Estimated finish 2026-08-06 18:13 (0h 1m from now) **
Setup power plan (GUID: 8c5e7fda-e8bf-4a96-9a85-a6e23a8c635c FriendlyName: Alto rendimiento)
// **************************
// Benchmark: G_PipelineBenchmarks.ThreeMiddlewares: Job-WHNGNK(IterationCount=100, WarmupCount=20)
// *** Execute ***
// Launch: 1 / 1
// Execute: dotnet fa58206c-31f2-44e5-b9bd-6b8a39772c60.dll --anonymousPipes 2896 3220 --benchmarkName EricksonLopez.Outbox.Benchmarks.G_PipelineBenchmarks.ThreeMiddlewares --job "IterationCount=100, WarmupCount=20" --benchmarkId 13 in D:\DevData\ericksonlopez.dev\dotnet-outbox\benchmarks\EricksonLopez.Outbox.Benchmarks\bin\Release\net10.0\fa58206c-31f2-44e5-b9bd-6b8a39772c60\bin\Release\net10.0
// BeforeAnythingElse

// Benchmark Process Environment Information:
// BenchmarkDotNet v0.13.12
// Runtime=.NET 10.0.10 (10.0.1026.32716), X64 RyuJIT AVX-512F+CD+BW+DQ+VL+VBMI
// GC=Concurrent Workstation
// HardwareIntrinsics=AVX-512F+CD+BW+DQ+VL+VBMI,AES,BMI1,BMI2,FMA,LZCNT,PCLMUL,POPCNT,AvxVnni VectorSize=256
// Job: Job-NNWXEC(IterationCount=100, WarmupCount=20)

OverheadJitting  1: 1 op, 177000.00 ns, 177.0000 us/op
WorkloadJitting  1: 1 op, 1212100.00 ns, 1.2121 ms/op

OverheadJitting  2: 16 op, 159900.00 ns, 9.9938 us/op
WorkloadJitting  2: 16 op, 139300.00 ns, 8.7063 us/op

WorkloadPilot    1: 16 op, 2500.00 ns, 156.2500 ns/op
WorkloadPilot    2: 32 op, 2600.00 ns, 81.2500 ns/op
WorkloadPilot    3: 64 op, 5400.00 ns, 84.3750 ns/op
WorkloadPilot    4: 128 op, 7900.00 ns, 61.7188 ns/op
WorkloadPilot    5: 256 op, 15500.00 ns, 60.5469 ns/op
WorkloadPilot    6: 512 op, 30500.00 ns, 59.5703 ns/op
WorkloadPilot    7: 1024 op, 60700.00 ns, 59.2773 ns/op
WorkloadPilot    8: 2048 op, 121500.00 ns, 59.3262 ns/op
WorkloadPilot    9: 4096 op, 238700.00 ns, 58.2764 ns/op
WorkloadPilot   10: 8192 op, 487700.00 ns, 59.5337 ns/op
WorkloadPilot   11: 16384 op, 958200.00 ns, 58.4839 ns/op
WorkloadPilot   12: 32768 op, 1952400.00 ns, 59.5825 ns/op
WorkloadPilot   13: 65536 op, 3915600.00 ns, 59.7473 ns/op
WorkloadPilot   14: 131072 op, 8079300.00 ns, 61.6402 ns/op
WorkloadPilot   15: 262144 op, 15516100.00 ns, 59.1892 ns/op
WorkloadPilot   16: 524288 op, 31355700.00 ns, 59.8063 ns/op
WorkloadPilot   17: 1048576 op, 57005700.00 ns, 54.3649 ns/op
WorkloadPilot   18: 2097152 op, 24306500.00 ns, 11.5902 ns/op
WorkloadPilot   19: 4194304 op, 47896100.00 ns, 11.4193 ns/op
WorkloadPilot   20: 8388608 op, 95919200.00 ns, 11.4345 ns/op
WorkloadPilot   21: 16777216 op, 193985200.00 ns, 11.5624 ns/op
WorkloadPilot   22: 33554432 op, 388897600.00 ns, 11.5901 ns/op
WorkloadPilot   23: 67108864 op, 768189500.00 ns, 11.4469 ns/op

OverheadWarmup   1: 67108864 op, 90052400.00 ns, 1.3419 ns/op
OverheadWarmup   2: 67108864 op, 90079400.00 ns, 1.3423 ns/op
OverheadWarmup   3: 67108864 op, 90716700.00 ns, 1.3518 ns/op
OverheadWarmup   4: 67108864 op, 64241100.00 ns, 0.9573 ns/op
OverheadWarmup   5: 67108864 op, 65368100.00 ns, 0.9741 ns/op
OverheadWarmup   6: 67108864 op, 64246200.00 ns, 0.9573 ns/op

OverheadActual   1: 67108864 op, 64725100.00 ns, 0.9645 ns/op
OverheadActual   2: 67108864 op, 64318300.00 ns, 0.9584 ns/op
OverheadActual   3: 67108864 op, 64404200.00 ns, 0.9597 ns/op
OverheadActual   4: 67108864 op, 65038000.00 ns, 0.9691 ns/op
OverheadActual   5: 67108864 op, 64507300.00 ns, 0.9612 ns/op
OverheadActual   6: 67108864 op, 64302400.00 ns, 0.9582 ns/op
OverheadActual   7: 67108864 op, 65102700.00 ns, 0.9701 ns/op
OverheadActual   8: 67108864 op, 65309400.00 ns, 0.9732 ns/op
OverheadActual   9: 67108864 op, 64497400.00 ns, 0.9611 ns/op
OverheadActual  10: 67108864 op, 64280800.00 ns, 0.9579 ns/op
OverheadActual  11: 67108864 op, 64428900.00 ns, 0.9601 ns/op
OverheadActual  12: 67108864 op, 64364700.00 ns, 0.9591 ns/op
OverheadActual  13: 67108864 op, 64236200.00 ns, 0.9572 ns/op
OverheadActual  14: 67108864 op, 64424600.00 ns, 0.9600 ns/op
OverheadActual  15: 67108864 op, 64279300.00 ns, 0.9578 ns/op

WorkloadWarmup   1: 67108864 op, 780598100.00 ns, 11.6318 ns/op
WorkloadWarmup   2: 67108864 op, 786674100.00 ns, 11.7224 ns/op
WorkloadWarmup   3: 67108864 op, 787499600.00 ns, 11.7347 ns/op
WorkloadWarmup   4: 67108864 op, 761608100.00 ns, 11.3488 ns/op
WorkloadWarmup   5: 67108864 op, 751450600.00 ns, 11.1975 ns/op
WorkloadWarmup   6: 67108864 op, 760243500.00 ns, 11.3285 ns/op
WorkloadWarmup   7: 67108864 op, 762998300.00 ns, 11.3696 ns/op
WorkloadWarmup   8: 67108864 op, 760081500.00 ns, 11.3261 ns/op
WorkloadWarmup   9: 67108864 op, 760614100.00 ns, 11.3340 ns/op
WorkloadWarmup  10: 67108864 op, 752410100.00 ns, 11.2118 ns/op
WorkloadWarmup  11: 67108864 op, 761856400.00 ns, 11.3525 ns/op
WorkloadWarmup  12: 67108864 op, 760937700.00 ns, 11.3389 ns/op
WorkloadWarmup  13: 67108864 op, 756787400.00 ns, 11.2770 ns/op
WorkloadWarmup  14: 67108864 op, 756018200.00 ns, 11.2655 ns/op
WorkloadWarmup  15: 67108864 op, 760209800.00 ns, 11.3280 ns/op
WorkloadWarmup  16: 67108864 op, 761075900.00 ns, 11.3409 ns/op
WorkloadWarmup  17: 67108864 op, 755195400.00 ns, 11.2533 ns/op
WorkloadWarmup  18: 67108864 op, 752126300.00 ns, 11.2076 ns/op
WorkloadWarmup  19: 67108864 op, 753048100.00 ns, 11.2213 ns/op
WorkloadWarmup  20: 67108864 op, 752502500.00 ns, 11.2132 ns/op

// BeforeActualRun
WorkloadActual   1: 67108864 op, 771987500.00 ns, 11.5035 ns/op
WorkloadActual   2: 67108864 op, 771751800.00 ns, 11.5000 ns/op
WorkloadActual   3: 67108864 op, 773697300.00 ns, 11.5290 ns/op
WorkloadActual   4: 67108864 op, 779304000.00 ns, 11.6125 ns/op
WorkloadActual   5: 67108864 op, 776336500.00 ns, 11.5683 ns/op
WorkloadActual   6: 67108864 op, 767203800.00 ns, 11.4322 ns/op
WorkloadActual   7: 67108864 op, 768057800.00 ns, 11.4450 ns/op
WorkloadActual   8: 67108864 op, 772126600.00 ns, 11.5056 ns/op
WorkloadActual   9: 67108864 op, 774066100.00 ns, 11.5345 ns/op
WorkloadActual  10: 67108864 op, 783361200.00 ns, 11.6730 ns/op
WorkloadActual  11: 67108864 op, 772625500.00 ns, 11.5130 ns/op
WorkloadActual  12: 67108864 op, 780100300.00 ns, 11.6244 ns/op
WorkloadActual  13: 67108864 op, 770039100.00 ns, 11.4745 ns/op
WorkloadActual  14: 67108864 op, 785004400.00 ns, 11.6975 ns/op
WorkloadActual  15: 67108864 op, 775936600.00 ns, 11.5624 ns/op
WorkloadActual  16: 67108864 op, 779013400.00 ns, 11.6082 ns/op
WorkloadActual  17: 67108864 op, 782804400.00 ns, 11.6647 ns/op
WorkloadActual  18: 67108864 op, 780546800.00 ns, 11.6311 ns/op
WorkloadActual  19: 67108864 op, 781395500.00 ns, 11.6437 ns/op
WorkloadActual  20: 67108864 op, 774022800.00 ns, 11.5338 ns/op
WorkloadActual  21: 67108864 op, 779585500.00 ns, 11.6167 ns/op
WorkloadActual  22: 67108864 op, 778879300.00 ns, 11.6062 ns/op
WorkloadActual  23: 67108864 op, 780799800.00 ns, 11.6348 ns/op
WorkloadActual  24: 67108864 op, 777268700.00 ns, 11.5822 ns/op
WorkloadActual  25: 67108864 op, 780304600.00 ns, 11.6274 ns/op
WorkloadActual  26: 67108864 op, 781281300.00 ns, 11.6420 ns/op
WorkloadActual  27: 67108864 op, 781098000.00 ns, 11.6393 ns/op
WorkloadActual  28: 67108864 op, 778323600.00 ns, 11.5979 ns/op
WorkloadActual  29: 67108864 op, 787952100.00 ns, 11.7414 ns/op
WorkloadActual  30: 67108864 op, 783715600.00 ns, 11.6783 ns/op
WorkloadActual  31: 67108864 op, 782690300.00 ns, 11.6630 ns/op
WorkloadActual  32: 67108864 op, 783206900.00 ns, 11.6707 ns/op
WorkloadActual  33: 67108864 op, 782065400.00 ns, 11.6537 ns/op
WorkloadActual  34: 67108864 op, 784032700.00 ns, 11.6830 ns/op
WorkloadActual  35: 67108864 op, 778070200.00 ns, 11.5941 ns/op
WorkloadActual  36: 67108864 op, 778589300.00 ns, 11.6019 ns/op
WorkloadActual  37: 67108864 op, 778179600.00 ns, 11.5958 ns/op
WorkloadActual  38: 67108864 op, 787079000.00 ns, 11.7284 ns/op
WorkloadActual  39: 67108864 op, 779046000.00 ns, 11.6087 ns/op
WorkloadActual  40: 67108864 op, 785992000.00 ns, 11.7122 ns/op
WorkloadActual  41: 67108864 op, 783064800.00 ns, 11.6686 ns/op
WorkloadActual  42: 67108864 op, 782855900.00 ns, 11.6655 ns/op
WorkloadActual  43: 67108864 op, 778524500.00 ns, 11.6009 ns/op
WorkloadActual  44: 67108864 op, 781063700.00 ns, 11.6388 ns/op
WorkloadActual  45: 67108864 op, 780521400.00 ns, 11.6307 ns/op
WorkloadActual  46: 67108864 op, 773868700.00 ns, 11.5315 ns/op
WorkloadActual  47: 67108864 op, 784431900.00 ns, 11.6889 ns/op
WorkloadActual  48: 67108864 op, 778979600.00 ns, 11.6077 ns/op
WorkloadActual  49: 67108864 op, 787880800.00 ns, 11.7403 ns/op
WorkloadActual  50: 67108864 op, 782572100.00 ns, 11.6612 ns/op
WorkloadActual  51: 67108864 op, 776447100.00 ns, 11.5700 ns/op
WorkloadActual  52: 67108864 op, 782150200.00 ns, 11.6549 ns/op
WorkloadActual  53: 67108864 op, 781364500.00 ns, 11.6432 ns/op
WorkloadActual  54: 67108864 op, 787281100.00 ns, 11.7314 ns/op
WorkloadActual  55: 67108864 op, 775590100.00 ns, 11.5572 ns/op
WorkloadActual  56: 67108864 op, 780272100.00 ns, 11.6270 ns/op
WorkloadActual  57: 67108864 op, 779188400.00 ns, 11.6108 ns/op
WorkloadActual  58: 67108864 op, 781641200.00 ns, 11.6474 ns/op
WorkloadActual  59: 67108864 