// Validating benchmarks:
// ***** BenchmarkRunner: Start   *****
// ***** Found 30 benchmark(s) in total *****
// ***** Building 2 exe(s) in Parallel: Start   *****
// ***** Done, took 00:00:04 (4.2 sec)   *****
// Found 12 benchmarks:
//   A_SerializationBenchmarks.EricksonLopezOutbox_Serialize_Allocating: Job-OUHNJV(IterationCount=100, WarmupCount=20) [PayloadSize=512]
//   A_SerializationBenchmarks.EricksonLopezOutbox_Serialize_BufferWriter: Job-OUHNJV(IterationCount=100, WarmupCount=20) [PayloadSize=512]
//   A_SerializationBenchmarks.EricksonLopezOutbox_Serialize_Allocating: Job-FWMHQE(Toolchain=InProcessEmitToolchain) [PayloadSize=512]
//   A_SerializationBenchmarks.EricksonLopezOutbox_Serialize_BufferWriter: Job-FWMHQE(Toolchain=InProcessEmitToolchain) [PayloadSize=512]
//   A_SerializationBenchmarks.EricksonLopezOutbox_Serialize_Allocating: Job-OUHNJV(IterationCount=100, WarmupCount=20) [PayloadSize=10240]
//   A_SerializationBenchmarks.EricksonLopezOutbox_Serialize_BufferWriter: Job-OUHNJV(IterationCount=100, WarmupCount=20) [PayloadSize=10240]
//   A_SerializationBenchmarks.EricksonLopezOutbox_Serialize_Allocating: Job-FWMHQE(Toolchain=InProcessEmitToolchain) [PayloadSize=10240]
//   A_SerializationBenchmarks.EricksonLopezOutbox_Serialize_BufferWriter: Job-FWMHQE(Toolchain=InProcessEmitToolchain) [PayloadSize=10240]
//   A_SerializationBenchmarks.EricksonLopezOutbox_Serialize_Allocating: Job-OUHNJV(IterationCount=100, WarmupCount=20) [PayloadSize=102400]
//   A_SerializationBenchmarks.EricksonLopezOutbox_Serialize_BufferWriter: Job-OUHNJV(IterationCount=100, WarmupCount=20) [PayloadSize=102400]
//   A_SerializationBenchmarks.EricksonLopezOutbox_Serialize_Allocating: Job-FWMHQE(Toolchain=InProcessEmitToolchain) [PayloadSize=102400]
//   A_SerializationBenchmarks.EricksonLopezOutbox_Serialize_BufferWriter: Job-FWMHQE(Toolchain=InProcessEmitToolchain) [PayloadSize=102400]

Setup power plan (GUID: 8c5e7fda-e8bf-4a96-9a85-a6e23a8c635c FriendlyName: Alto rendimiento)
// **************************
// Benchmark: A_SerializationBenchmarks.EricksonLopezOutbox_Serialize_Allocating: Job-OUHNJV(IterationCount=100, WarmupCount=20) [PayloadSize=512]
// *** Execute ***
// Launch: 1 / 1
// Execute: dotnet 7284c0d0-c932-4332-801f-2c62674b8ef9.dll --anonymousPipes 4044 3132 --benchmarkName "EricksonLopez.Outbox.Benchmarks.A_SerializationBenchmarks.EricksonLopezOutbox_Serialize_Allocating(PayloadSize: 512)" --job "IterationCount=100, WarmupCount=20" --benchmarkId 0 in D:\DevData\ericksonlopez.dev\dotnet-outbox\benchmarks\EricksonLopez.Outbox.Benchmarks\bin\Release\net10.0\7284c0d0-c932-4332-801f-2c62674b8ef9\bin\Release\net10.0
// BeforeAnythingElse

// Benchmark Process Environment Information:
// BenchmarkDotNet v0.13.12
// Runtime=.NET 10.0.10 (10.0.1026.32716), X64 RyuJIT AVX-512F+CD+BW+DQ+VL+VBMI
// GC=Concurrent Workstation
// HardwareIntrinsics=AVX-512F+CD+BW+DQ+VL+VBMI,AES,BMI1,BMI2,FMA,LZCNT,PCLMUL,POPCNT,AvxVnni VectorSize=256
// Job: Job-QRTDRA(IterationCount=100, WarmupCount=20)

OverheadJitting  1: 1 op, 238800.00 ns, 238.8000 us/op
WorkloadJitting  1: 1 op, 13388500.00 ns, 13.3885 ms/op

OverheadJitting  2: 16 op, 196400.00 ns, 12.2750 us/op
WorkloadJitting  2: 16 op, 249600.00 ns, 15.6000 us/op

WorkloadPilot    1: 16 op, 24000.00 ns, 1.5000 us/op
WorkloadPilot    2: 32 op, 28000.00 ns, 875.0000 ns/op
WorkloadPilot    3: 64 op, 52100.00 ns, 814.0625 ns/op
WorkloadPilot    4: 128 op, 120000.00 ns, 937.5000 ns/op
WorkloadPilot    5: 256 op, 175200.00 ns, 684.3750 ns/op
WorkloadPilot    6: 512 op, 317300.00 ns, 619.7266 ns/op
WorkloadPilot    7: 1024 op, 595700.00 ns, 581.7383 ns/op
WorkloadPilot    8: 2048 op, 1151000.00 ns, 562.0117 ns/op
WorkloadPilot    9: 4096 op, 2271200.00 ns, 554.4922 ns/op
WorkloadPilot   10: 8192 op, 4508900.00 ns, 550.4028 ns/op
WorkloadPilot   11: 16384 op, 9389400.00 ns, 573.0835 ns/op
WorkloadPilot   12: 32768 op, 17869000.00 ns, 545.3186 ns/op
WorkloadPilot   13: 65536 op, 33372900.00 ns, 509.2300 ns/op
WorkloadPilot   14: 131072 op, 63063000.00 ns, 481.1325 ns/op
WorkloadPilot   15: 262144 op, 44982600.00 ns, 171.5950 ns/op
WorkloadPilot   16: 524288 op, 38118800.00 ns, 72.7058 ns/op
WorkloadPilot   17: 1048576 op, 77477500.00 ns, 73.8883 ns/op
WorkloadPilot   18: 2097152 op, 153639500.00 ns, 73.2610 ns/op
WorkloadPilot   19: 4194304 op, 319682800.00 ns, 76.2183 ns/op
WorkloadPilot   20: 8388608 op, 620338300.00 ns, 73.9501 ns/op

OverheadWarmup   1: 8388608 op, 11361800.00 ns, 1.3544 ns/op
OverheadWarmup   2: 8388608 op, 11351300.00 ns, 1.3532 ns/op
OverheadWarmup   3: 8388608 op, 11852600.00 ns, 1.4129 ns/op
OverheadWarmup   4: 8388608 op, 11389900.00 ns, 1.3578 ns/op
OverheadWarmup   5: 8388608 op, 11583500.00 ns, 1.3809 ns/op
OverheadWarmup   6: 8388608 op, 11873500.00 ns, 1.4154 ns/op
OverheadWarmup   7: 8388608 op, 11695500.00 ns, 1.3942 ns/op

OverheadActual   1: 8388608 op, 11378200.00 ns, 1.3564 ns/op
OverheadActual   2: 8388608 op, 11311400.00 ns, 1.3484 ns/op
OverheadActual   3: 8388608 op, 11354900.00 ns, 1.3536 ns/op
OverheadActual   4: 8388608 op, 11341000.00 ns, 1.3520 ns/op
OverheadActual   5: 8388608 op, 11349600.00 ns, 1.3530 ns/op
OverheadActual   6: 8388608 op, 11481400.00 ns, 1.3687 ns/op
OverheadActual   7: 8388608 op, 11355600.00 ns, 1.3537 ns/op
OverheadActual   8: 8388608 op, 11627400.00 ns, 1.3861 ns/op
OverheadActual   9: 8388608 op, 11570900.00 ns, 1.3794 ns/op
OverheadActual  10: 8388608 op, 11503800.00 ns, 1.3714 ns/op
OverheadActual  11: 8388608 op, 11611700.00 ns, 1.3842 ns/op
OverheadActual  12: 8388608 op, 11516500.00 ns, 1.3729 ns/op
OverheadActual  13: 8388608 op, 11345200.00 ns, 1.3525 ns/op
OverheadActual  14: 8388608 op, 11338500.00 ns, 1.3517 ns/op
OverheadActual  15: 8388608 op, 11612800.00 ns, 1.3844 ns/op

WorkloadWarmup   1: 8388608 op, 610778700.00 ns, 72.8105 ns/op
WorkloadWarmup   2: 8388608 op, 606678000.00 ns, 72.3217 ns/op
WorkloadWarmup   3: 8388608 op, 602372100.00 ns, 71.8084 ns/op
WorkloadWarmup   4: 8388608 op, 608986600.00 ns, 72.5969 ns/op
WorkloadWarmup   5: 8388608 op, 604552400.00 ns, 72.0683 ns/op
WorkloadWarmup   6: 8388608 op, 627588800.00 ns, 74.8144 ns/op
WorkloadWarmup   7: 8388608 op, 612865600.00 ns, 73.0593 ns/op
WorkloadWarmup   8: 8388608 op, 607672500.00 ns, 72.4402 ns/op
WorkloadWarmup   9: 8388608 op, 608946700.00 ns, 72.5921 ns/op
WorkloadWarmup  10: 8388608 op, 600426400.00 ns, 71.5764 ns/op
WorkloadWarmup  11: 8388608 op, 607240000.00 ns, 72.3886 ns/op
WorkloadWarmup  12: 8388608 op, 598394200.00 ns, 71.3341 ns/op
WorkloadWarmup  13: 8388608 op, 601229000.00 ns, 71.6721 ns/op
WorkloadWarmup  14: 8388608 op, 624697400.00 ns, 74.4697 ns/op
WorkloadWarmup  15: 8388608 op, 623291300.00 ns, 74.3021 ns/op
WorkloadWarmup  16: 8388608 op, 622043000.00 ns, 74.1533 ns/op
WorkloadWarmup  17: 8388608 op, 638202300.00 ns, 76.0796 ns/op
WorkloadWarmup  18: 8388608 op, 635942200.00 ns, 75.8102 ns/op
WorkloadWarmup  19: 8388608 op, 631364100.00 ns, 75.2645 ns/op
WorkloadWarmup  20: 8388608 op, 640045500.00 ns, 76.2994 ns/op

// BeforeActualRun
WorkloadActual   1: 8388608 op, 629775000.00 ns, 75.0750 ns/op
WorkloadActual   2: 8388608 op, 632820500.00 ns, 75.4381 ns/op
WorkloadActual   3: 8388608 op, 626963100.00 ns, 74.7398 ns/op
WorkloadActual   4: 8388608 op, 644453300.00 ns, 76.8248 ns/op
WorkloadActual   5: 8388608 op, 708174100.00 ns, 84.4209 ns/op
WorkloadActual   6: 8388608 op, 717431600.00 ns, 85.5245 ns/op
WorkloadActual   7: 8388608 op, 698354800.00 ns, 83.2504 ns/op
WorkloadActual   8: 8388608 op, 701298300.00 ns, 83.6013 ns/op
WorkloadActual   9: 8388608 op, 704887800.00 ns, 84.0292 ns/op
WorkloadActual  10: 8388608 op, 720324700.00 ns, 85.8694 ns/op
WorkloadActual  11: 8388608 op, 717189300.00 ns, 85.4956 ns/op
WorkloadActual  12: 8388608 op, 692849300.00 ns, 82.5941 ns/op
WorkloadActual  13: 8388608 op, 695435900.00 ns, 82.9024 ns/op
WorkloadActual  14: 8388608 op, 691447300.00 ns, 82.4269 ns/op
WorkloadActual  15: 8388608 op, 671213700.00 ns, 80.0149 ns/op
WorkloadActual  16: 8388608 op, 680120200.00 ns, 81.0766 ns/op
WorkloadActual  17: 8388608 op, 668209200.00 ns, 79.6567 ns/op
WorkloadActual  18: 8388608 op, 705019000.00 ns, 84.0448 ns/op
WorkloadActual  19: 8388608 op, 674806600.00 ns, 80.4432 ns/op
WorkloadActual  20: 8388608 op, 667817700.00 ns, 79.6101 ns/op
WorkloadActual  21: 8388608 op, 675859200.00 ns, 80.5687 ns/op
WorkloadActual  22: 8388608 op, 663632900.00 ns, 79.1112 ns/op
WorkloadActual  23: 8388608 op, 703998700.00 ns, 83.9232 ns/op
WorkloadActual  24: 8388608 op, 702226600.00 ns, 83.7119 ns/op
WorkloadActual  25: 8388608 op, 675859800.00 ns, 80.5688 ns/op
WorkloadActual  26: 8388608 op, 675279700.00 ns, 80.4996 ns/op
WorkloadActual  27: 8388608 op, 672986100.00 ns, 80.2262 ns/op
WorkloadActual  28: 8388608 op, 696220700.00 ns, 82.9960 ns/op
WorkloadActual  29: 8388608 op, 686703500.00 ns, 81.8614 ns/op
WorkloadActual  30: 8388608 op, 676597100.00 ns, 80.6567 ns/op
WorkloadActual  31: 8388608 op, 670021500.00 ns, 79.8728 ns/op
WorkloadActual  32: 8388608 op, 671122300.00 ns, 80.0040 ns/op
WorkloadActual  33: 8388608 op, 679803400.00 ns, 81.0389 ns/op
WorkloadActual  34: 8388608 op, 690189900.00 ns, 82.2770 ns/op
WorkloadActual  35: 8388608 op, 669085600.00 ns, 79.7612 ns/op
WorkloadActual  36: 8388608 op, 683475200.00 ns, 81.4766 ns/op
WorkloadActual  37: 8388608 op, 708875300.00 ns, 84.5045 ns/op
WorkloadActual  38: 8388608 op, 668634000.00 ns, 79.7074 ns/op
WorkloadActual  39: 8388608 op, 659255600.00 ns, 78.5894 ns/op
WorkloadActual  40: 8388608 op, 671327400.00 ns, 80.0285 ns/op
WorkloadActual  41: 8388608 op, 672403900.00 ns, 80.1568 ns/op
WorkloadActual  42: 8388608 op, 658971100.00 ns, 78.5555 ns/op
WorkloadActual  43: 8388608 op, 668085100.00 ns, 79.6420 ns/op
WorkloadActual  44: 8388608 op, 670850300.00 ns, 79.9716 ns/op
WorkloadActual  45: 8388608 op, 682163800.00 ns, 81.3203 ns/op
WorkloadActual  46: 8388608 op, 664753700.00 ns, 79.2448 ns/op
WorkloadActual  47: 8388608 op, 670209100.00 ns, 79.8952 ns/op
WorkloadActual  48: 8388608 op, 707404600.00 ns, 84.3292 ns/op
WorkloadActual  49: 8388608 op, 659537800.00 ns, 78.6230 ns/op
WorkloadActual  50: 8388608 op, 664302600.00 ns, 79.1910 ns/op
WorkloadActual  51: 8388608 op, 660632100.00 ns, 78.7535 ns/op
WorkloadActual  52: 8388608 op, 664961300.00 ns, 79.2696 ns/op
WorkloadActual  53: 8388608 op, 663182400.00 ns, 79.0575 ns/op
WorkloadActual  54: 8388608 op, 685377600.00 ns, 81.7034 ns/op
WorkloadActual  55: 8388608 op, 689642000.00 ns, 82.2117 ns/op
WorkloadActual  56: 8388608 op, 654925900.00 ns, 78.0733 ns/op
WorkloadActual  57: 8388608 op, 657665800.00 ns, 78.3999 ns/op
WorkloadActual  58: 8388608 op, 663798500.00 ns, 79.1309 ns/op
WorkloadActual  59: 8388608 op, 677173600.00 ns, 80.7254 ns/op
WorkloadActual  60: 8388608 op, 678317700.00 ns, 80.8618 ns/op
WorkloadActual  61: 8388608 op, 678832900.00 ns, 80.9232 ns/op
WorkloadActual  62: 8388608 op, 672685100.00 ns, 80.1903 ns/op
WorkloadActual  63: 8388608 op, 678231400.00 ns, 80.8515 ns/op
WorkloadActual  64: 8388608 op, 683781900.00 ns, 81.5132 ns/op
WorkloadActual  65: 8388608 op, 707558500.00 ns, 84.3475 ns/op
WorkloadActual  66: 8388608 op, 676234200.00 ns, 80.6134 ns/op
WorkloadActual  67: 8388608 op, 672545800.00 ns, 80.1737 ns/op
WorkloadActual  68: 8388608 op, 665174100.00 ns, 79.2949 ns/op
WorkloadActual  69: 8388608 op, 661768500.00 ns, 78.8890 ns/op
WorkloadActual  70: 8388608 op, 666293700.00 ns, 79.4284 ns/op
WorkloadActual  71: 8388608 op, 667432200.00 ns, 79.5641 ns/op
WorkloadActual  72: 8388608 op, 664451700.00 ns, 79.2088 ns/op
WorkloadActual  73: 8388608 op, 660066200.00 ns, 78.6860 ns/op
WorkloadActual  74: 8388608 op, 660531300.00 ns, 78.7415 ns/op
WorkloadActual  75: 8388608 op, 656092500.00 ns, 78.2123 ns/op
WorkloadActual  76: 8388608 op, 675311500.00 ns, 80.5034 ns/op
WorkloadActual  77: 8388608 op, 663106700.00 ns, 79.0485 ns/op
WorkloadActual  78: 8388608 op, 669271800.00 ns, 79.7834 ns/op
WorkloadActual  79: 8388608 op, 671433800.00 ns, 80.0411 ns/op
WorkloadActual  80: 8388608 op, 667170400.00 ns, 79.5329 ns/op
WorkloadActual  81: 8388608 op, 666627800.00 ns, 79.4682 ns/op
WorkloadActual  82: 8388608 op, 660615200.00 ns, 78.7515 ns/op
WorkloadActual  83: 8388608 op, 662780600.00 ns, 79.0096 ns/op
WorkloadActual  84: 8388608 op, 664814900.00 ns, 79.2521 ns/op
WorkloadActual  85: 8388608 op, 665603300.00 ns, 79.3461 ns/op
WorkloadActual  86: 8388608 op, 678846500.00 ns, 80.9248 ns/op
WorkloadActual  87: 8388608 op, 659880900.00 ns, 78.6639 ns/op
WorkloadActual  88: 8388608 op, 662258800.00 ns, 78.9474 ns/op
WorkloadActual  89: 8388608 op, 656802100.00 ns, 78.2969 ns/op
WorkloadActual  90: 8388608 op, 654964000.00 ns, 78.0778 ns/op
WorkloadActual  91: 8388608 op, 664636900.00 ns, 79.2309 ns/op
WorkloadActual  92: 8388608 op, 685163300.00 ns, 81.6778 ns/op
WorkloadActual  93: 8388608 op, 679806700.00 ns, 81.0393 ns/op
WorkloadActual  94: 8388608 op, 670223000.00 ns, 79.8968 ns/op
WorkloadActual  95: 8388608 op, 665566300.00 ns, 79.3417 ns/op
WorkloadActual  96: 8388608 op, 669105400.00 ns, 79.7636 ns/op
WorkloadActual  97: 8388608 op, 663154200.00 ns, 79.0541 ns/op
WorkloadActual  98: 8388608 op, 680203900.00 ns, 81.0866 ns/op
WorkloadActual  99: 8388608 op, 696597400.00 ns, 83.0409 ns/op
WorkloadActual  100: 8388608 op, 688852600.00 ns, 82.1176 ns/op

// AfterActualRun
WorkloadResult   1: 8388608 op, 618396800.00 ns, 73.7186 ns/op
WorkloadResult   2: 8388608 op, 621442300.00 ns, 74.0817 ns/op
WorkloadResult   3: 8388608 op, 615584900.00 ns, 73.3834 ns/op
WorkloadResult   4: 8388608 op, 633075100.00 ns, 75.4684 ns/op
WorkloadResult   5: 8388608 op, 696795900.00 ns, 83.0645 ns/op
WorkloadResult   6: 8388608 op, 686976600.00 ns, 81.8940 ns/op
WorkloadResult   7: 8388608 op, 689920100.00 ns, 82.2449 ns/op
WorkloadResult   8: 8388608 op, 693509600.00 ns, 82.6728 ns/op
WorkloadResult   9: 8388608 op, 681471100.00 ns, 81.2377 ns/op
WorkloadResult  10: 8388608 op, 684057700.00 ns, 81.5460 ns/op
WorkloadResult  11: 8388608 op, 680069100.00 ns, 81.0706 ns/op
WorkloadResult  12: 8388608 op, 659835500.00 ns, 78.6585 ns/op
WorkloadResult  13: 8388608 op, 668742000.00 ns, 79.7203 ns/op
WorkloadResult  14: 8388608 op, 656831000.00 ns, 78.3004 ns/op
WorkloadResult  15: 8388608 op, 693640800.00 ns, 82.6884 ns/op
WorkloadResult  16: 8388608 op, 663428400.00 ns, 79.0868 ns/op
WorkloadResult  17: 8388608 op, 656439500.00 ns, 78.2537 ns/op
WorkloadResult  18: 8388608 op, 664481000.00 ns, 79.2123 ns/op
WorkloadResult  19: 8388608 op, 652254700.00 ns, 77.7548 ns/op
WorkloadResult  20: 8388608 op, 692620500.00 ns, 82.5668 ns/op
WorkloadResult  21: 8388608 op, 690848400.00 ns, 82.3555 ns/op
WorkloadResult  22: 8388608 op, 664481600.00 ns, 79.2124 ns/op
WorkloadResult  23: 8388608 op, 663901500.00 ns, 79.1432 ns/op
WorkloadResult  24: 8388608 op, 661607900.00 ns, 78.8698 ns/op
WorkloadResult  25: 8388608 op, 684842500.00 ns, 81.6396 ns/op
WorkloadResult  26: 8388608 op, 675325300.00 ns, 80.5050 ns/op
WorkloadResult  27: 8388608 op, 665218900.00 ns, 79.3003 ns/op
WorkloadResult  28: 8388608 op, 658643300.00 ns, 78.5164 ns/op
WorkloadResult  29: 8388608 op, 659744100.00 ns, 78.6476 ns/op
WorkloadResult  30: 8388608 op, 668425200.00 ns, 79.6825 ns/op
WorkloadResult  31: 8388608 op, 678811700.00 ns, 80.9207 ns/op
WorkloadResult  32: 8388608 op, 657707400.00 ns, 78.4048 ns/op
WorkloadResult  33: 8388608 op, 672097000.00 ns, 80.1202 ns/op
WorkloadResult  34: 8388608 op, 697497100.00 ns, 83.1481 ns/op
WorkloadResult  35: 8388608 op, 657255800.00 ns, 78.3510 ns/op
WorkloadResult  36: 8388608 op, 647877400.00 ns, 77.2330 ns/op
WorkloadResult  37: 8388608 op, 659949200.00 ns, 78.6721 ns/op
WorkloadResult  38: 8388608 op, 661025700.00 ns, 78.8004 ns/op
WorkloadResult  39: 8388608 op, 647592900.00 ns, 77.1991 ns/op
WorkloadResult  40: 8388608 op, 656706900.00 ns, 78.2856 ns/op
WorkloadResult  41: 8388608 op, 659472100.00 ns, 78.6152 ns/op
WorkloadResult  42: 8388608 op, 670785600.00 ns, 79.9639 ns/op
WorkloadResult  43: 8388608 op, 653375500.00 ns, 77.8884 ns/op
WorkloadResult  44: 8388608 op, 658830900.00 ns, 78.5388 ns/op
WorkloadResult  45: 8388608 op, 696026400.00 ns, 82.9728 ns/op
WorkloadResult  46: 8388608 op, 648159600.00 ns, 77.2666 ns/op
WorkloadResult  47: 8388608 op, 652924400.00 ns, 77.8347 ns/op
WorkloadResult  48: 8388608 op, 649253900.00 ns, 77.3971 ns/op
WorkloadResult  49: 8388608 op, 653583100.00 ns, 77.9132 ns/op
WorkloadResult  50: 8388608 op, 651804200.00 ns, 77.7011 ns/op
WorkloadResult  51: 8388608 op, 673999400.00 ns, 80.3470 ns/op
WorkloadResult  52: 8388608 op, 678263800.00 ns, 80.8553 ns/op
WorkloadResult  53: 8388608 op, 643547700.00 ns, 76.7169 ns/op
WorkloadResult  54: 8388608 op, 646287600.00 ns, 77.0435 ns/op
WorkloadResult  55: 8388608 op, 652420300.00 ns, 77.7746 ns/op
WorkloadResult  56: 8388608 op, 665795400.00 ns, 79.3690 ns/op
WorkloadResult  57: 8388608 op, 666939500.00 ns, 79.5054 ns/op
WorkloadResult  58: 8388608 op, 667454700.00 ns, 79.5668 ns/op
WorkloadResult  59: 8388608 op, 661306900.00 ns, 78.8339 ns/op
WorkloadResult  60: 8388608 op, 666853200.00 ns, 79.4951 ns/op
WorkloadResult  61: 8388608 op, 672403700.00 ns, 80.1568 ns/op
WorkloadResult  62: 8388608 op, 696180300.00 ns, 82.9912 ns/op
WorkloadResult  63: 8388608 op, 664856000.00 ns, 79.2570 ns/op
WorkloadResult  64: 8388608 op, 661167600.00 ns, 78.8173 ns/op
WorkloadResult  65: 8388608 op, 653795900.00 ns, 77.9385 ns/op
WorkloadResult  66: 8388608 op, 650390300.00 ns, 77.5326 ns/op
WorkloadResult  67: 8388608 op, 654915500.00 ns, 78.0720 ns/op
WorkloadResult  68: 8388608 op, 656054000.00 ns, 78.2077 ns/op
WorkloadResult  69: 8388608 op, 653073500.00 ns, 77.8524 ns/op
WorkloadResult  70: 8388608 op, 648688000.00 ns, 77.3296 ns/op
WorkloadResult  71: 8388608 op, 649153100.00 ns, 77.3851 ns/op
WorkloadResult  72: 8388608 op, 644714300.00 ns, 76.8559 ns/op
WorkloadResult  73: 8388608 op, 663933300.00 ns, 79.1470 ns/op
WorkloadResult  74: 8388608 op, 651728500.00 ns, 77.6921 ns/op
WorkloadResult  75: 8388608 op, 657893600.00 ns, 78.4270 ns/op
WorkloadResult  76: 8388608 op, 660055600.00 ns, 78.6848 ns/op
WorkloadResult  77: 8388608 op, 655792200.00 ns, 78.1765 ns/op
WorkloadResult  78: 8388608 op, 655249600.00 ns, 78.1118 ns/op
WorkloadResult  79: 8388608 op, 649237000.00 ns, 77.3951 ns/op
WorkloadResult  80: 8388608 op, 651402400.00 ns, 77.6532 ns/op
WorkloadResult  81: 8388608 op, 653436700.00 ns, 77.8957 ns/op
WorkloadResult  82: 8388608 op, 654225100.00 ns, 77.9897 ns/op
WorkloadResult  83: 8388608 op, 667468300.00 ns, 79.5684 ns/op
WorkloadResult  84: 8388608 op, 648502700.00 ns, 77.3075 ns/op
WorkloadResult  85: 8388608 op, 650880600.00 ns, 77.5910 ns/op
WorkloadResult  86: 8388608 op, 645423900.00 ns, 76.9405 ns/op
WorkloadResult  87: 8388608 op, 643585800.00 ns, 76.7214 ns/op
WorkloadResult  88: 8388608 op, 653258700.00 ns, 77.8745 ns/op
WorkloadResult  89: 8388608 op, 673785100.00 ns, 80.3214 ns/op
WorkloadResult  90: 8388608 op, 668428500.00 ns, 79.6829 ns/op
WorkloadResult  91: 8388608 op, 658844800.00 ns, 78.5404 ns/op
WorkloadResult  92: 8388608 op, 654188100.00 ns, 77.9853 ns/op
WorkloadResult  93: 8388608 op, 657727200.00 ns, 78.4072 ns/op
WorkloadResult  94: 8388608 op, 651776000.00 ns, 77.6978 ns/op
WorkloadResult  95: 8388608 op, 668825700.00 ns, 79.7302 ns/op
WorkloadResult  96: 8388608 op, 685219200.00 ns, 81.6845 ns/op
WorkloadResult  97: 8388608 op, 677474400.00 ns, 80.7612 ns/op
// GC:  98 0 0 4966056720 8388608
// Threading:  0 0 8388608

// AfterAll
// Benchmark Process 62688 has exited with code 0.

Mean = 78.924 ns, StdErr = 0.197 ns (0.25%), N = 97, StdDev = 1.942 ns
Min = 73.383 ns, Q1 = 77.775 ns, Median = 78.615 ns, Q3 = 79.730 ns, Max = 83.148 ns
IQR = 1.956 ns, LowerFence = 74.841 ns, UpperFence = 82.664 ns
ConfidenceInterval = [78.254 ns; 79.593 ns] (CI 99.9%), Margin = 0.669 ns (0.85% of Mean)
Skewness = 0.12, Kurtosis = 3.54, MValue = 2

// ** Remained 29 (96.7 %) benchmark(s) to run. Estimated finish 2026-08-06 18:56 (0h 40m from now) **
Setup power plan (GUID: 8c5e7fda-e8bf-4a96-9a85-a6e23a8c635c FriendlyName: Alto rendimiento)
// **************************
// Benchmark: A_SerializationBenchmarks.EricksonLopezOutbox_Serialize_BufferWriter: Job-OUHNJV(IterationCount=100, WarmupCount=20) [PayloadSize=512]
// *** Execute ***
// Launch: 1 / 1
// Execute: dotnet 7284c0d0-c932-4332-801f-2c62674b8ef9.dll --anonymousPipes 1316 4556 --benchmarkName "EricksonLopez.Outbox.Benchmarks.A_SerializationBenchmarks.EricksonLopezOutbox_Serialize_BufferWriter(PayloadSize: 512)" --job "IterationCount=100, WarmupCount=20" --benchmarkId 1 in D:\DevData\ericksonlopez.dev\dotnet-outbox\benchmarks\EricksonLopez.Outbox.Benchmarks\bin\Release\net10.0\7284c0d0-c932-4332-801f-2c62674b8ef9\bin\Release\net10.0
// BeforeAnythingElse

// Benchmark Process Environment Information:
// BenchmarkDotNet v0.13.12
// Runtime=.NET 10.0.10 (10.0.1026.32716), X64 RyuJIT AVX-512F+CD+BW+DQ+VL+VBMI
// GC=Concurrent Workstation
// HardwareIntrinsics=AVX-512F+CD+BW+DQ+VL+VBMI,AES,BMI1,BMI2,FMA,LZCNT,PCLMUL,POPCNT,AvxVnni VectorSize=256
// Job: Job-TYWZDN(IterationCount=100, WarmupCount=20)

OverheadJitting  1: 1 op, 185900.00 ns, 185.9000 us/op
WorkloadJitting  1: 1 op, 9838800.00 ns, 9.8388 ms/op

OverheadJitting  2: 16 op, 157100.00 ns, 9.8187 us/op
WorkloadJitting  2: 16 op, 201400.00 ns, 12.5875 us/op

WorkloadPilot    1: 16 op, 24000.00 ns, 1.5000 us/op
WorkloadPilot    2: 32 op, 20100.00 ns, 628.1250 ns/op
WorkloadPilot    3: 64 op, 28900.00 ns, 451.5625 ns/op
WorkloadPilot    4: 128 op, 56700.00 ns, 442.9688 ns/op
WorkloadPilot    5: 256 op, 113700.00 ns, 444.1406 ns/op
WorkloadPilot    6: 512 op, 219600.00 ns, 428.9062 ns/op
WorkloadPilot    7: 1024 op, 411200.00 ns, 401.5625 ns/op
WorkloadPilot    8: 2048 op, 786100.00 ns, 383.8379 ns/op
WorkloadPilot    9: 4096 op, 1534600.00 ns, 374.6582 ns/op
WorkloadPilot   10: 8192 op, 3074400.00 ns, 375.2930 ns/op
WorkloadPilot   11: 16384 op, 6123800.00 ns, 373.7671 ns/op
WorkloadPilot   12: 32768 op, 12098300.00 ns, 369.2108 ns/op
WorkloadPilot   13: 65536 op, 24152400.00 ns, 368.5364 ns/op
WorkloadPilot   14: 131072 op, 48074000.00 ns, 366.7755 ns/op
WorkloadPilot   15: 262144 op, 94648600.00 ns, 361.0558 ns/op
WorkloadPilot   16: 524288 op, 76120900.00 ns, 145.1891 ns/op
WorkloadPilot   17: 1048576 op, 60682100.00 ns, 57.8710 ns/op
WorkloadPilot   18: 2097152 op, 120604100.00 ns, 57.5085 ns/op
WorkloadPilot   19: 4194304 op, 233448600.00 ns, 55.6585 ns/op
WorkloadPilot   20: 8388608 op, 464309200.00 ns, 55.3500 ns/op
WorkloadPilot   21: 16777216 op, 931360500.00 ns, 55.5134 ns/op

OverheadWarmup   1: 16777216 op, 22578700.00 ns, 1.3458 ns/op
OverheadWarmup   2: 16777216 op, 22574900.00 ns, 1.3456 ns/op
OverheadWarmup   3: 16777216 op, 23045400.00 ns, 1.3736 ns/op
OverheadWarmup   4: 16777216 op, 22813400.00 ns, 1.3598 ns/op
OverheadWarmup   5: 16777216 op, 22646300.00 ns, 1.3498 ns/op
OverheadWarmup   6: 16777216 op, 22633400.00 ns, 1.3491 ns/op
OverheadWarmup   7: 16777216 op, 22614200.00 ns, 1.3479 ns/op
OverheadWarmup   8: 16777216 op, 22930300.00 ns, 1.3668 ns/op
OverheadWarmup   9: 16777216 op, 22686000.00 ns, 1.3522 ns/op

OverheadActual   1: 16777216 op, 22648800.00 ns, 1.3500 ns/op
OverheadActual   2: 16777216 op, 22866100.00 ns, 1.3629 ns/op
OverheadActual   3: 16777216 op, 23085400.00 ns, 1.3760 ns/op
OverheadActual   4: 16777216 op, 22749800.00 ns, 1.3560 ns/op
OverheadActual   5: 16777216 op, 22642600.00 ns, 1.3496 ns/op
OverheadActual   6: 16777216 op, 22662900.00 ns, 1.3508 ns/op
OverheadActual   7: 16777216 op, 22632800.00 ns, 1.3490 ns/op
OverheadActual   8: 16777216 op, 23157600.00 ns, 1.3803 ns/op
OverheadActual   9: 16777216 op, 22747300.00 ns, 1.3558 ns/op
OverheadActual  10: 16777216 op, 22723100.00 ns, 1.3544 ns/op
OverheadActual  11: 16777216 op, 17557400.00 ns, 1.0465 ns/op
OverheadActual  12: 16777216 op, 22165300.00 ns, 1.3212 ns/op
OverheadActual  13: 16777216 op, 20815700.00 ns, 1.2407 ns/op
OverheadActual  14: 16777216 op, 16172200.00 ns, 0.9639 ns/op
OverheadActual  15: 16777216 op, 16252800.00 ns, 0.9687 ns/op
OverheadActual  16: 16777216 op, 16323400.00 ns, 0.9730 ns/op
OverheadActual  17: 16777216 op, 16106500.00 ns, 0.9600 ns/op
OverheadActual  18: 16777216 op, 16115500.00 ns, 0.9606 ns/op
OverheadActual  19: 16777216 op, 16307400.00 ns, 0.9720 ns/op
OverheadActual  20: 16777216 op, 16212900.00 ns, 0.9664 ns/op

WorkloadWarmup   1: 16777216 op, 964773500.00 ns, 57.5050 ns/op
WorkloadWarmup   2: 16777216 op, 963436200.00 ns, 57.4253 ns/op
WorkloadWarmup   3: 16777216 op, 954779900.00 ns, 56.9093 ns/op
WorkloadWarmup   4: 16777216 op, 953728300.00 ns, 56.8466 ns/op
WorkloadWarmup   5: 16777216 op, 959547300.00 ns, 57.1935 ns/op
WorkloadWarmup   6: 16777216 op, 954151700.00 ns, 56.8719 ns/op
WorkloadWarmup   7: 16777216 op, 952511700.00 ns, 56.7741 ns/op
WorkloadWarmup   8: 16777216 op, 950181300.00 ns, 56.6352 ns/op
WorkloadWarmup   9: 16777216 op, 951645900.00 ns, 56.7225 ns/op
WorkloadWarmup  10: 16777216 op, 951613900.00 ns, 56.7206 ns/op
WorkloadWarmup  11: 16777216 op, 956273400.00 ns, 56.9983 ns/op
WorkloadWarmup  12: 16777216 op, 957145600.00 ns, 57.0503 ns/op
WorkloadWarmup  13: 16777216 op, 954580100.00 ns, 56.8974 ns/op
WorkloadWarmup  14: 16777216 op, 945094600.00 ns, 56.3320 ns/op
WorkloadWarmup  15: 16777216 op, 947285100.00 ns, 56.4626 ns/op
WorkloadWarmup  16: 16777216 op, 917579700.00 ns, 54.6920 ns/op
WorkloadWarmup  17: 16777216 op, 922938100.00 ns, 55.0114 ns/op
WorkloadWarmup  18: 16777216 op, 913100700.00 ns, 54.4250 ns/op
WorkloadWarmup  19: 16777216 op, 917519500.00 ns, 54.6884 ns/op
WorkloadWarmup  20: 16777216 op, 919809500.00 ns, 54.8249 ns/op

// BeforeActualRun
WorkloadActual   1: 16777216 op, 915355500.00 ns, 54.5594 ns/op
WorkloadActual   2: 16777216 op, 912772400.00 ns, 54.4055 ns/op
WorkloadActual   3: 16777216 op, 909195200.00 ns, 54.1923 ns/op
WorkloadActual   4: 16777216 op, 913590100.00 ns, 54.4542 ns/op
WorkloadActual   5: 16777216 op, 908613800.00 ns, 54.1576 ns/op
WorkloadActual   6: 16777216 op, 909391200.00 ns, 54.2039 ns/op
WorkloadActual   7: 16777216 op, 911284900.00 ns, 54.3168 ns/op
WorkloadActual   8: 16777216 op, 907606600.00 ns, 54.0976 ns/op
WorkloadActual   9: 16777216 op, 909526700.00 ns, 54.2120 ns/op
WorkloadActual  10: 16777216 op, 907528700.00 ns, 54.0929 ns/op
WorkloadActual  11: 16777216 op, 911097200.00 ns, 54.3056 ns/op
WorkloadActual  12: 16777216 op, 921667400.00 ns, 54.9357 ns/op
WorkloadActual  13: 16777216 op, 919686800.00 ns, 54.8176 ns/op
WorkloadActual  14: 16777216 op, 932312000.00 ns, 55.5701 ns/op
WorkloadActual  15: 16777216 op, 926898700.00 ns, 55.2475 ns/op
WorkloadActual  16: 16777216 op, 927748100.00 ns, 55.2981 ns/op
WorkloadActual  17: 16777216 op, 922885500.00 ns, 55.0083 ns/op
WorkloadActual  18: 16777216 op, 922328500.00 ns, 54.9751 ns/op
WorkloadActual  19: 16777216 op, 918723700.00 ns, 54.7602 ns/op
WorkloadActual  20: 16777216 op, 927400300.00 ns, 55.2774 ns/op
WorkloadActual  21: 16777216 op, 919949200.00 ns, 54.8332 ns/op
WorkloadActual  22: 16777216 op, 923180900.00 ns, 55.0259 ns/op
WorkloadActual  23: 16777216 op, 929162800.00 ns, 55.3824 ns/op
WorkloadActual  24: 16777216 op, 925894900.00 ns, 55.1876 ns/op
WorkloadActual  25: 16777216 op, 926985200.00 ns, 55.2526 ns/op
WorkloadActual  26: 16777216 op, 924676300.00 ns, 55.1150 ns/op
WorkloadActual  27: 16777216 op, 923460200.00 ns, 55.0425 ns/op
WorkloadActual  28: 16777216 op, 923416400.00 ns, 55.0399 ns/op
WorkloadActual  29: 16777216 op, 922211900.00 ns, 54.9681 ns/op
WorkloadActual  30: 16777216 op, 930758000.00 ns, 55.4775 ns/op
WorkloadActual  31: 16777216 op, 926836600.00 ns, 55.2438 ns/op
WorkloadActual  32: 16777216 op, 927472900.00 ns, 55.2817 ns/op
WorkloadActual  33: 16777216 op, 925138400.00 ns, 55.1425 ns/op
WorkloadActual  34: 16777216 op, 926161100.00 ns, 55.2035 ns/op
WorkloadActual  35: 16777216 op, 933260000.00 ns, 55.6266 ns/op
WorkloadActual  36: 16777216 op, 923276700.00 ns, 55.0316 ns/op
WorkloadActual  37: 16777216 op, 926198900.00 ns, 55.2058 ns/op
WorkloadActual  38: 16777216 op, 926562500.00 ns, 55.2274 ns/op
WorkloadActual  39: 16777216 op, 933720400.00 ns, 55.6541 ns/op
WorkloadActual  40: 16777216 op, 936247300.00 ns, 55.8047 ns/op
WorkloadActual  41: 16777216 op, 927015800.00 ns, 55.2544 ns/op
WorkloadActual  42: 16777216 op, 928605800.00 ns, 55.3492 ns/op
WorkloadActual  43: 16777216 op, 926842900.00 ns, 55.2441 ns/op
WorkloadActual  44: 16777216 op, 924837600.00 ns, 55.1246 ns/op
WorkloadActual  45: 16777216 op, 932987400.00 ns, 55.6104 ns/op
WorkloadActual  46: 16777216 op, 929449400.00 ns, 55.3995 ns/op
WorkloadActual  47: 16777216 op, 927942400.00 ns, 55.3097 ns/op
WorkloadActual  48: 16777216 op, 925977800.00 ns, 55.1926 ns/op
WorkloadActual  49: 16777216 op, 933195200.00 ns, 55.6228 ns/op
WorkloadActual  50: 16777216 op, 928186700.00 ns, 55.3242 ns/op
WorkloadActual  51: 16777216 op, 935091100.00 ns, 55.7358 ns/op
WorkloadActual  52: 16777216 op, 943530300.00 ns, 56.2388 ns/op
WorkloadActual  53: 16777216 op, 929259300.00 ns, 55.3882 ns/op
WorkloadActual  54: 16777216 op, 923598200.00 ns, 55.0507 ns/op
WorkloadActual  55: 16777216 op, 928736100.00 ns, 55.3570 ns/op
WorkloadActual  56: 16777216 op, 923513800.00 ns, 55.0457 ns/op
WorkloadActual  57: 16777216 op, 922900500.00 ns, 55.0092 ns/op
WorkloadActual  58: 16777216 op, 926773200.00 ns, 55.2400 ns/op
WorkloadActual  59: 16777216 op, 921200300.00 ns, 54.9078 ns/op
WorkloadActual  60: 16777216 op, 928016700.00 ns, 55.3141 ns/op
WorkloadActual  61: 16777216 op, 925305200.00 ns, 55.1525 ns/op
WorkloadActual  62: 16777216 op, 927286100.00 ns, 55.2706 ns/op
WorkloadActual  63: 16777216 op, 923825600.00 ns, 55.0643 ns/op
WorkloadActual  64: 16777216 op, 929810000.00 ns, 55.4210 ns/op
WorkloadActual  65: 16777216 op, 922302400.00 ns, 54.9735 ns/op
WorkloadActual  66: 16777216 op, 927828200.00 ns, 55.3029 ns/op
WorkloadActual  67: 16777216 op, 935304300.00 ns, 55.7485 ns/op
WorkloadActual  68: 16777216 op, 932073800.00 ns, 55.5559 ns/op
WorkloadActual  69: 16777216 op, 928213700.00 ns, 55.3258 ns/op
WorkloadActual  70: 16777216 op, 934668100.00 ns, 55.7106 ns/op
WorkloadActual  71: 16777216 op, 923889600.00 ns, 55.0681 ns/op
WorkloadActual  72: 16777216 op, 929351200.00 ns, 55.3936 ns/op
WorkloadActual  73: 16777216 op, 920868900.00 ns, 54.8881 ns/op
WorkloadActual  74: 16777216 op, 932149500.00 ns, 55.5604 ns/op
WorkloadActual  75: 16777216 op, 940743700.00 ns, 56.0727 ns/op
WorkloadActual  76: 16777216 op, 931184700.00 ns, 55.5029 ns/op
WorkloadActual  77: 16777216 op, 935422700.00 ns, 55.7555 ns/op
WorkloadActual  78: 16777216 op, 927729500.00 ns, 55.2970 ns/op
WorkloadActual  79: 16777216 op, 928091600.00 ns, 55.3186 ns/op
WorkloadActual  80: 16777216 op, 935611800.00 ns, 55.7668 ns/op
WorkloadActual  81: 16777216 op, 928635300.00 ns, 55.3510 ns/op
WorkloadActual  82: 16777216 op, 926043700.00 ns, 55.1965 ns/op
WorkloadActual  83: 16777216 op, 926578700.00 ns, 55.2284 ns/op
WorkloadActual  84: 16777216 op, 927310300.00 ns, 55.2720 ns/op
WorkloadActual  85: 16777216 op, 927255600.00 ns, 55.2687 ns/op
WorkloadActual  86: 16777216 op, 929961700.00 ns, 55.4300 ns/op
WorkloadActual  87: 16777216 op, 928425800.00 ns, 55.3385 ns/op
WorkloadActual  88: 16777216 op, 931137600.00 ns, 55.5001 ns/op
WorkloadActual  89: 16777216 op, 936858900.00 ns, 55.8411 ns/op
WorkloadActual  90: 16777216 op, 931045400.00 ns, 55.4946 ns/op
WorkloadActual  91: 16777216 op, 924785400.00 ns, 55.1215 ns/op
WorkloadActual  92: 16777216 op, 924709800.00 ns, 55.1170 ns/op
WorkloadActual  93: 16777216 op, 931937700.00 ns, 55.5478 ns/op
WorkloadActual  94: 16777216 op, 929009400.00 ns, 55.3733 ns/op
WorkloadActual  95: 16777216 op, 923781500.00 ns, 55.0617 ns/op
WorkloadActual  96: 16777216 op, 927323500.00 ns, 55.2728 ns/op
WorkloadActual  97: 16777216 op, 925412200.00 ns, 55.1589 ns/op
WorkloadActual  98: 16777216 op, 940211500.00 ns, 56.0410 ns/op
WorkloadActual  99: 16777216 op, 926380800.00 ns, 55.2166 ns/op
WorkloadActual  100: 16777216 op, 926522900.00 ns, 55.2251 ns/op

// AfterActualRun
WorkloadResult   1: 16777216 op, 892956450.00 ns, 53.2244 ns/op
WorkloadResult   2: 16777216 op, 890373350.00 ns, 53.0704 ns/op
WorkloadResult   3: 16777216 op, 886796150.00 ns, 52.8572 ns/op
WorkloadResult   4: 16777216 op, 891191050.00 ns, 53.1191 ns/op
WorkloadResult   5: 16777216 op, 886214750.00 ns, 52.8225 ns/op
WorkloadResult   6: 16777216 op, 886992150.00 ns, 52.8689 ns/op
WorkloadResult   7: 16777216 op, 888885850.00 ns, 52.9817 ns/op
WorkloadResult   8: 16777216 op, 885207550.00 ns, 52.7625 ns/op
WorkloadResult   9: 16777216 op, 887127650.00 ns, 52.8769 ns/op
WorkloadResult  10: 16777216 op, 885129650.00 ns, 52.7578 ns/op
WorkloadResult  11: 16777216 op, 888698150.00 ns, 52.9705 ns/op
WorkloadResult  12: 16777216 op, 899268350.00 ns, 53.6006 ns/op
WorkloadResult  13: 16777216 op, 897287750.00 ns, 53.4825 ns/op
WorkloadResult  14: 16777216 op, 909912950.00 ns, 54.2350 ns/op
WorkloadResult  15: 16777216 op, 904499650.00 ns, 53.9124 ns/op
WorkloadResult  16: 16777216 op, 905349050.00 ns, 53.9630 ns/op
WorkloadResult  17: 16777216 op, 900486450.00 ns, 53.6732 ns/op
WorkloadResult  18: 16777216 op, 899929450.00 ns, 53.6400 ns/op
WorkloadResult  19: 16777216 op, 896324650.00 ns, 53.4251 ns/op
WorkloadResult  20: 16777216 op, 905001250.00 ns, 53.9423 ns/op
WorkloadResult  21: 16777216 op, 897550150.00 ns, 53.4982 ns/op
WorkloadResult  22: 16777216 op, 900781850.00 ns, 53.6908 ns/op
WorkloadResult  23: 16777216 op, 906763750.00 ns, 54.0473 ns/op
WorkloadResult  24: 16777216 op, 903495850.00 ns, 53.8525 ns/op
WorkloadResult  25: 16777216 op, 904586150.00 ns, 53.9175 ns/op
WorkloadResult  26: 16777216 op, 902277250.00 ns, 53.7799 ns/op
WorkloadResult  27: 16777216 op, 901061150.00 ns, 53.7074 ns/op
WorkloadResult  28: 16777216 op, 901017350.00 ns, 53.7048 ns/op
WorkloadResult  29: 16777216 op, 899812850.00 ns, 53.6330 ns/op
WorkloadResult  30: 16777216 op, 908358950.00 ns, 54.1424 ns/op
WorkloadResult  31: 16777216 op, 904437550.00 ns, 53.9087 ns/op
WorkloadResult  32: 16777216 op, 905073850.00 ns, 53.9466 ns/op
WorkloadResult  33: 16777216 op, 902739350.00 ns, 53.8075 ns/op
WorkloadResult  34: 16777216 op, 903762050.00 ns, 53.8684 ns/op
WorkloadResult  35: 16777216 op, 910860950.00 ns, 54.2915 ns/op
WorkloadResult  36: 16777216 op, 900877650.00 ns, 53.6965 ns/op
WorkloadResult  37: 16777216 op, 903799850.00 ns, 53.8707 ns/op
WorkloadResult  38: 16777216 op, 904163450.00 ns, 53.8923 ns/op
WorkloadResult  39: 16777216 op, 911321350.00 ns, 54.3190 ns/op
WorkloadResult  40: 16777216 op, 913848250.00 ns, 54.4696 ns/op
WorkloadResult  41: 16777216 op, 904616750.00 ns, 53.9194 ns/op
WorkloadResult  42: 16777216 op, 906206750.00 ns, 54.0141 ns/op
WorkloadResult  43: 16777216 op, 904443850.00 ns, 53.9091 ns/op
WorkloadResult  44: 16777216 op, 902438550.00 ns, 53.7895 ns/op
WorkloadResult  45: 16777216 op, 910588350.00 ns, 54.2753 ns/op
WorkloadResult  46: 16777216 op, 907050350.00 ns, 54.0644 ns/op
WorkloadResult  47: 16777216 op, 905543350.00 ns, 53.9746 ns/op
WorkloadResult  48: 16777216 op, 903578750.00 ns, 53.8575 ns/op
WorkloadResult  49: 16777216 op, 910796150.00 ns, 54.2877 ns/op
WorkloadResult  50: 16777216 op, 905787650.00 ns, 53.9892 ns/op
WorkloadResult  51: 16777216 op, 912692050.00 ns, 54.4007 ns/op
WorkloadResult  52: 16777216 op, 906860250.00 ns, 54.0531 ns/op
WorkloadResult  53: 16777216 op, 901199150.00 ns, 53.7157 ns/op
WorkloadResult  54: 16777216 op, 906337050.00 ns, 54.0219 ns/op
WorkloadResult  55: 16777216 op, 901114750.00 ns, 53.7106 ns/op
WorkloadResult  56: 16777216 op, 900501450.00 ns, 53.6741 ns/op
WorkloadResult  57: 16777216 op, 904374150.00 ns, 53.9049 ns/op
WorkloadResult  58: 16777216 op, 898801250.00 ns, 53.5727 ns/op
WorkloadResult  59: 16777216 op, 905617650.00 ns, 53.9790 ns/op
WorkloadResult  60: 16777216 op, 902906150.00 ns, 53.8174 ns/op
WorkloadResult  61: 16777216 op, 904887050.00 ns, 53.9355 ns/op
WorkloadResult  62: 16777216 op, 901426550.00 ns, 53.7292 ns/op
WorkloadResult  63: 16777216 op, 907410950.00 ns, 54.0859 ns/op
WorkloadResult  64: 16777216 op, 899903350.00 ns, 53.6384 ns/op
WorkloadResult  65: 16777216 op, 905429150.00 ns, 53.9678 ns/op
WorkloadResult  66: 16777216 op, 912905250.00 ns, 54.4134 ns/op
WorkloadResult  67: 16777216 op, 909674750.00 ns, 54.2208 ns/op
WorkloadResult  68: 16777216 op, 905814650.00 ns, 53.9908 ns/op
WorkloadResult  69: 16777216 op, 912269050.00 ns, 54.3755 ns/op
WorkloadResult  70: 16777216 op, 901490550.00 ns, 53.7330 ns/op
WorkloadResult  71: 16777216 op, 906952150.00 ns, 54.0586 ns/op
WorkloadResult  72: 16777216 op, 898469850.00 ns, 53.5530 ns/op
WorkloadResult  73: 16777216 op, 909750450.00 ns, 54.2254 ns/op
WorkloadResult  74: 16777216 op, 908785650.00 ns, 54.1678 ns/op
WorkloadResult  75: 16777216 op, 913023650.00 ns, 54.4205 ns/op
WorkloadResult  76: 16777216 op, 905330450.00 ns, 53.9619 ns/op
WorkloadResult  77: 16777216 op, 905692550.00 ns, 53.9835 ns/op
WorkloadResult  78: 16777216 op, 913212750.00 ns, 54.4317 ns/op
WorkloadResult  79: 16777216 op, 906236250.00 ns, 54.0159 ns/op
WorkloadResult  80: 16777216 op, 903644650.00 ns, 53.8614 ns/op
WorkloadResult  81: 16777216 op, 904179650.00 ns, 53.8933 ns/op
WorkloadResult  82: 16777216 op, 904911250.00 ns, 53.9369 ns/op
WorkloadResult  83: 16777216 op, 904856550.00 ns, 53.9337 ns/op
WorkloadResult  84: 16777216 op, 907562650.00 ns, 54.0949 ns/op
WorkloadResult  85: 16777216 op, 906026750.00 ns, 54.0034 ns/op
WorkloadResult  86: 16777216 op, 908738550.00 ns, 54.1650 ns/op
WorkloadResult  87: 16777216 op, 914459850.00 ns, 54.5061 ns/op
WorkloadResult  88: 16777216 op, 908646350.00 ns, 54.1595 ns/op
WorkloadResult  89: 16777216 op, 902386350.00 ns, 53.7864 ns/op
WorkloadResult  90: 16777216 op, 902310750.00 ns, 53.7819 ns/op
WorkloadResult  91: 16777216 op, 909538650.00 ns, 54.2127 ns/op
WorkloadResult  92: 16777216 op, 906610350.00 ns, 54.0382 ns/op
WorkloadResult  93: 16777216 op, 901382450.00 ns, 53.7266 ns/op
WorkloadResult  94: 16777216 op, 904924450.00 ns, 53.9377 ns/op
WorkloadResult  95: 16777216 op, 903013150.00 ns, 53.8238 ns/op
WorkloadResult  96: 16777216 op, 903981750.00 ns, 53.8815 ns/op
WorkloadResult  97: 16777216 op, 904123850.00 ns, 53.8900 ns/op
// GC:  10 0 0 536871648 16777216
// Threading:  0 0 16777216

// AfterAll
// Benchmark Process 12692 has exited with code 0.

Mean = 53.832 ns, StdErr = 0.040 ns (0.07%), N = 97, StdDev = 0.397 ns
Min = 52.758 ns, Q1 = 53.705 ns, Median = 53.909 ns, Q3 = 54.047 ns, Max = 54.506 ns
IQR = 0.343 ns, LowerFence = 53.191 ns, UpperFence = 54.561 ns
ConfidenceInterval = [53.695 ns; 53.969 ns] (CI 99.9%), Margin = 0.137 ns (0.25% of Mean)
Skewness = -1.03, Kurtosis = 3.91, MValue = 2

// ** Remained 28 (93.3 %) benchmark(s) to run. Estimated finish 2026-08-06 19:04 (0h 46m from now) **
Setup power plan (GUID: 8c5e7fda-e8bf-4a96-9a85-a6e23a8c635c FriendlyName: Alto rendimiento)
// **************************
// Benchmark: A_SerializationBenchmarks.EricksonLopezOutbox_Serialize_Allocating: Job-FWMHQE(Toolchain=InProcessEmitToolchain) [PayloadSize=512]
// *** Execute ***
// Launch: 1 / 1

// Benchmark Process Environment Information:
// BenchmarkDotNet v0.13.12
// Runtime=.NET 10.0.10 (10.0.1026.32716), X64 RyuJIT AVX-512F+CD+BW+DQ+VL+VBMI
// GC=Concurrent Workstation
// HardwareIntrinsics=AVX-512F+CD+BW+DQ+VL+VBMI,AES,BMI1,BMI2,FMA,LZCNT,PCLMUL,POPCNT,AvxVnni VectorSize=256
// Job: Job-FWMHQE(Toolchain=InProcessEmitToolchain)

OverheadJitting  1: 1 op, 186000.00 ns, 186.0000 us/op
WorkloadJitting  1: 1 op, 9979900.00 ns, 9.9799 ms/op

OverheadJitting  2: 16 op, 177100.00 ns, 11.0687 us/op
WorkloadJitting  2: 16 op, 270000.00 ns, 16.8750 us/op

WorkloadPilot    1: 16 op, 28300.00 ns, 1.7688 us/op
WorkloadPilot    2: 32 op, 24200.00 ns, 756.2500 ns/op
WorkloadPilot    3: 64 op, 49500.00 ns, 773.4375 ns/op
WorkloadPilot    4: 128 op, 81300.00 ns, 635.1562 ns/op
WorkloadPilot    5: 256 op, 160500.00 ns, 626.9531 ns/op
WorkloadPilot    6: 512 op, 332200.00 ns, 648.8281 ns/op
WorkloadPilot    7: 1024 op, 581900.00 ns, 568.2617 ns/op
WorkloadPilot    8: 2048 op, 1105500.00 ns, 539.7949 ns/op
WorkloadPilot    9: 4096 op, 2265300.00 ns, 553.0518 ns/op
WorkloadPilot   10: 8192 op, 4807800.00 ns, 586.8896 ns/op
WorkloadPilot   11: 16384 op, 8797000.00 ns, 536.9263 ns/op
WorkloadPilot   12: 32768 op, 17875900.00 ns, 545.5292 ns/op
WorkloadPilot   13: 65536 op, 34531400.00 ns, 526.9073 ns/op
WorkloadPilot   14: 131072 op, 64013400.00 ns, 488.3835 ns/op
WorkloadPilot   15: 262144 op, 110841100.00 ns, 422.8252 ns/op
WorkloadPilot   16: 524288 op, 52070600.00 ns, 99.3168 ns/op
WorkloadPilot   17: 1048576 op, 96037600.00 ns, 91.5886 ns/op
WorkloadPilot   18: 2097152 op, 191836300.00 ns, 91.4747 ns/op
WorkloadPilot   19: 4194304 op, 383073100.00 ns, 91.3317 ns/op
WorkloadPilot   20: 8388608 op, 795291300.00 ns, 94.8061 ns/op

OverheadWarmup   1: 8388608 op, 12886000.00 ns, 1.5361 ns/op
OverheadWarmup   2: 8388608 op, 12947500.00 ns, 1.5435 ns/op
OverheadWarmup   3: 8388608 op, 12900000.00 ns, 1.5378 ns/op
OverheadWarmup   4: 8388608 op, 12949500.00 ns, 1.5437 ns/op
OverheadWarmup   5: 8388608 op, 12934400.00 ns, 1.5419 ns/op

OverheadActual   1: 8388608 op, 12911600.00 ns, 1.5392 ns/op
OverheadActual   2: 8388608 op, 12897000.00 ns, 1.5374 ns/op
OverheadActual   3: 8388608 op, 13208100.00 ns, 1.5745 ns/op
OverheadActual   4: 8388608 op, 13176200.00 ns, 1.5707 ns/op
OverheadActual   5: 8388608 op, 12953300.00 ns, 1.5442 ns/op
OverheadActual   6: 8388608 op, 12929000.00 ns, 1.5413 ns/op
OverheadActual   7: 8388608 op, 12945700.00 ns, 1.5432 ns/op
OverheadActual   8: 8388608 op, 12888500.00 ns, 1.5364 ns/op
OverheadActual   9: 8388608 op, 13046700.00 ns, 1.5553 ns/op
OverheadActual  10: 8388608 op, 12942100.00 ns, 1.5428 ns/op
OverheadActual  11: 8388608 op, 12889100.00 ns, 1.5365 ns/op
OverheadActual  12: 8388608 op, 12895000.00 ns, 1.5372 ns/op
OverheadActual  13: 8388608 op, 12974400.00 ns, 1.5467 ns/op
OverheadActual  14: 8388608 op, 13143100.00 ns, 1.5668 ns/op
OverheadActual  15: 8388608 op, 12997000.00 ns, 1.5494 ns/op

WorkloadWarmup   1: 8388608 op, 779177600.00 ns, 92.8852 ns/op
WorkloadWarmup   2: 8388608 op, 782104800.00 ns, 93.2342 ns/op
WorkloadWarmup   3: 8388608 op, 769234400.00 ns, 91.6999 ns/op
WorkloadWarmup   4: 8388608 op, 769546000.00 ns, 91.7370 ns/op
WorkloadWarmup   5: 8388608 op, 776987500.00 ns, 92.6241 ns/op
WorkloadWarmup   6: 8388608 op, 767927300.00 ns, 91.5441 ns/op

WorkloadActual   1: 8388608 op, 759253500.00 ns, 90.5101 ns/op
WorkloadActual   2: 8388608 op, 755860500.00 ns, 90.1056 ns/op
WorkloadActual   3: 8388608 op, 757373600.00 ns, 90.2860 ns/op
WorkloadActual   4: 8388608 op, 764643300.00 ns, 91.1526 ns/op
WorkloadActual   5: 8388608 op, 769042000.00 ns, 91.6770 ns/op
WorkloadActual   6: 8388608 op, 759408500.00 ns, 90.5285 ns/op
WorkloadActual   7: 8388608 op, 771019300.00 ns, 91.9127 ns/op
WorkloadActual   8: 8388608 op, 783149600.00 ns, 93.3587 ns/op
WorkloadActual   9: 8388608 op, 758531900.00 ns, 90.4240 ns/op
WorkloadActual  10: 8388608 op, 755126200.00 ns, 90.0181 ns/op
WorkloadActual  11: 8388608 op, 749552500.00 ns, 89.3536 ns/op
WorkloadActual  12: 8388608 op, 770876000.00 ns, 91.8956 ns/op
WorkloadActual  13: 8388608 op, 780653400.00 ns, 93.0611 ns/op
WorkloadActual  14: 8388608 op, 756839800.00 ns, 90.2223 ns/op
WorkloadActual  15: 8388608 op, 755557600.00 ns, 90.0695 ns/op

WorkloadResult   1: 8388608 op, 746307800.00 ns, 88.9668 ns/op
WorkloadResult   2: 8388608 op, 742914800.00 ns, 88.5623 ns/op
WorkloadResult   3: 8388608 op, 744427900.00 ns, 88.7427 ns/op
WorkloadResult   4: 8388608 op, 751697600.00 ns, 89.6093 ns/op
WorkloadResult   5: 8388608 op, 756096300.00 ns, 90.1337 ns/op
WorkloadResult   6: 8388608 op, 746462800.00 ns, 88.9853 ns/op
WorkloadResult   7: 8388608 op, 758073600.00 ns, 90.3694 ns/op
WorkloadResult   8: 8388608 op, 770203900.00 ns, 91.8155 ns/op
WorkloadResult   9: 8388608 op, 745586200.00 ns, 88.8808 ns/op
WorkloadResult  10: 8388608 op, 742180500.00 ns, 88.4748 ns/op
WorkloadResult  11: 8388608 op, 736606800.00 ns, 87.8104 ns/op
WorkloadResult  12: 8388608 op, 757930300.00 ns, 90.3523 ns/op
WorkloadResult  13: 8388608 op, 767707700.00 ns, 91.5179 ns/op
WorkloadResult  14: 8388608 op, 743894100.00 ns, 88.6791 ns/op
WorkloadResult  15: 8388608 op, 742611900.00 ns, 88.5262 ns/op
// GC:  98 0 0 4966061664 8388608
// Threading:  0 0 8388608


Mean = 89.428 ns, StdErr = 0.302 ns (0.34%), N = 15, StdDev = 1.170 ns
Min = 87.810 ns, Q1 = 88.621 ns, Median = 88.967 ns, Q3 = 90.243 ns, Max = 91.815 ns
IQR = 1.622 ns, LowerFence = 86.187 ns, UpperFence = 92.676 ns
ConfidenceInterval = [88.178 ns; 90.679 ns] (CI 99.9%), Margin = 1.251 ns (1.40% of Mean)
Skewness = 0.71, Kurtosis = 2.24, MValue = 2

// ** Remained 27 (90.0 %) benchmark(s) to run. Estimated finish 2026-08-06 18:50 (0h 32m from now) **
Setup power plan (GUID: 8c5e7fda-e8bf-4a96-9a85-a6e23a8c635c FriendlyName: Alto rendimiento)
// **************************
// Benchmark: A_SerializationBenchmarks.EricksonLopezOutbox_Serialize_BufferWriter: Job-FWMHQE(Toolchain=InProcessEmitToolchain) [PayloadSize=512]
// *** Execute ***
// Launch: 1 / 1

// Benchmark Process Environment Information:
// BenchmarkDotNet v0.13.12
// Runtime=.NET 10.0.10 (10.0.1026.32716), X64 RyuJIT AVX-512F+CD+BW+DQ+VL+VBMI
// GC=Concurrent Workstation
// HardwareIntrinsics=AVX-512F+CD+BW+DQ+VL+VBMI,AES,BMI1,BMI2,FMA,LZCNT,PCLMUL,POPCNT,AvxVnni VectorSize=256
// Job: Job-FWMHQE(Toolchain=InProcessEmitToolchain)

OverheadJitting  1: 1 op, 137800.00 ns, 137.8000 us/op
WorkloadJitting  1: 1 op, 714700.00 ns, 714.7000 us/op

OverheadJitting  2: 16 op, 149800.00 ns, 9.3625 us/op
WorkloadJitting  2: 16 op, 187500.00 ns, 11.7188 us/op

WorkloadPilot    1: 16 op, 12900.00 ns, 806.2500 ns/op
WorkloadPilot    2: 32 op, 10100.00 ns, 315.6250 ns/op
WorkloadPilot    3: 64 op, 15100.00 ns, 235.9375 ns/op
WorkloadPilot    4: 128 op, 19600.00 ns, 153.1250 ns/op
WorkloadPilot    5: 256 op, 37600.00 ns, 146.8750 ns/op
WorkloadPilot    6: 512 op, 70200.00 ns, 137.1094 ns/op
WorkloadPilot    7: 1024 op, 135100.00 ns, 131.9336 ns/op
WorkloadPilot    8: 2048 op, 264800.00 ns, 129.2969 ns/op
WorkloadPilot    9: 4096 op, 538100.00 ns, 131.3721 ns/op
WorkloadPilot   10: 8192 op, 1274400.00 ns, 155.5664 ns/op
WorkloadPilot   11: 16384 op, 2345800.00 ns, 143.1763 ns/op
WorkloadPilot   12: 32768 op, 4503900.00 ns, 137.4481 ns/op
WorkloadPilot   13: 65536 op, 8821800.00 ns, 134.6100 ns/op
WorkloadPilot   14: 131072 op, 17391500.00 ns, 132.6866 ns/op
WorkloadPilot   15: 262144 op, 35237500.00 ns, 134.4204 ns/op
WorkloadPilot   16: 524288 op, 70770300.00 ns, 134.9836 ns/op
WorkloadPilot   17: 1048576 op, 137985300.00 ns, 131.5930 ns/op
WorkloadPilot   18: 2097152 op, 169711900.00 ns, 80.9249 ns/op
WorkloadPilot   19: 4194304 op, 285141400.00 ns, 67.9830 ns/op
WorkloadPilot   20: 8388608 op, 574062700.00 ns, 68.4336 ns/op

OverheadWarmup   1: 8388608 op, 12917800.00 ns, 1.5399 ns/op
OverheadWarmup   2: 8388608 op, 12898500.00 ns, 1.5376 ns/op
OverheadWarmup   3: 8388608 op, 12956100.00 ns, 1.5445 ns/op
OverheadWarmup   4: 8388608 op, 12902400.00 ns, 1.5381 ns/op
OverheadWarmup   5: 8388608 op, 12916300.00 ns, 1.5397 ns/op
OverheadWarmup   6: 8388608 op, 12908800.00 ns, 1.5388 ns/op

OverheadActual   1: 8388608 op, 13067700.00 ns, 1.5578 ns/op
OverheadActual   2: 8388608 op, 12888300.00 ns, 1.5364 ns/op
OverheadActual   3: 8388608 op, 13063700.00 ns, 1.5573 ns/op
OverheadActual   4: 8388608 op, 12905100.00 ns, 1.5384 ns/op
OverheadActual   5: 8388608 op, 12899500.00 ns, 1.5377 ns/op
OverheadActual   6: 8388608 op, 12940100.00 ns, 1.5426 ns/op
OverheadActual   7: 8388608 op, 13045700.00 ns, 1.5552 ns/op
OverheadActual   8: 8388608 op, 13017400.00 ns, 1.5518 ns/op
OverheadActual   9: 8388608 op, 12935000.00 ns, 1.5420 ns/op
OverheadActual  10: 8388608 op, 12883000.00 ns, 1.5358 ns/op
OverheadActual  11: 8388608 op, 12952800.00 ns, 1.5441 ns/op
OverheadActual  12: 8388608 op, 12879100.00 ns, 1.5353 ns/op
OverheadActual  13: 8388608 op, 13038700.00 ns, 1.5543 ns/op
OverheadActual  14: 8388608 op, 13004100.00 ns, 1.5502 ns/op
OverheadActual  15: 8388608 op, 12995900.00 ns, 1.5492 ns/op

WorkloadWarmup   1: 8388608 op, 597854000.00 ns, 71.2698 ns/op
WorkloadWarmup   2: 8388608 op, 590878200.00 ns, 70.4382 ns/op
WorkloadWarmup   3: 8388608 op, 590065500.00 ns, 70.3413 ns/op
WorkloadWarmup   4: 8388608 op, 587352700.00 ns, 70.0179 ns/op
WorkloadWarmup   5: 8388608 op, 587260700.00 ns, 70.0069 ns/op
WorkloadWarmup   6: 8388608 op, 586738300.00 ns, 69.9447 ns/op
WorkloadWarmup   7: 8388608 op, 588599800.00 ns, 70.1666 ns/op
WorkloadWarmup   8: 8388608 op, 592117200.00 ns, 70.5859 ns/op
WorkloadWarmup   9: 8388608 op, 594468600.00 ns, 70.8662 ns/op
WorkloadWarmup  10: 8388608 op, 591007700.00 ns, 70.4536 ns/op
WorkloadWarmup  11: 8388608 op, 587298100.00 ns, 70.0114 ns/op
WorkloadWarmup  12: 8388608 op, 586811100.00 ns, 69.9533 ns/op
WorkloadWarmup  13: 8388608 op, 587358500.00 ns, 70.0186 ns/op
WorkloadWarmup  14: 8388608 op, 587428200.00 ns, 70.0269 ns/op
WorkloadWarmup  15: 8388608 op, 589144600.00 ns, 70.2315 ns/op
WorkloadWarmup  16: 8388608 op, 592720100.00 ns, 70.6577 ns/op
WorkloadWarmup  17: 8388608 op, 592398400.00 ns, 70.6194 ns/op

WorkloadActual   1: 8388608 op, 604915500.00 ns, 72.1115 ns/op
WorkloadActual   2: 8388608 op, 596011000.00 ns, 71.0500 ns/op
WorkloadActual   3: 8388608 op, 566355800.00 ns, 67.5149 ns/op
WorkloadActual   4: 8388608 op, 563221200.00 ns, 67.1412 ns/op
WorkloadActual   5: 8388608 op, 571515700.00 ns, 68.1300 ns/op
WorkloadActual   6: 8388608 op, 563685900.00 ns, 67.1966 ns/op
WorkloadActual   7: 8388608 op, 564252200.00 ns, 67.2641 ns/op
WorkloadActual   8: 8388608 op, 563718500.00 ns, 67.2005 ns/op
WorkloadActual   9: 8388608 op, 565590600.00 ns, 67.4237 ns/op
WorkloadActual  10: 8388608 op, 563847300.00 ns, 67.2158 ns/op
WorkloadActual  11: 8388608 op, 564276600.00 ns, 67.2670 ns/op
WorkloadActual  12: 8388608 op, 564310400.00 ns, 67.2710 ns/op
WorkloadActual  13: 8388608 op, 565571500.00 ns, 67.4214 ns/op
WorkloadActual  14: 8388608 op, 563878100.00 ns, 67.2195 ns/op
WorkloadActual  15: 8388608 op, 567904000.00 ns, 67.6994 ns/op

WorkloadResult   1: 8388608 op, 553403000.00 ns, 65.9708 ns/op
WorkloadResult   2: 8388608 op, 550268400.00 ns, 65.5971 ns/op
WorkloadResult   3: 8388608 op, 558562900.00 ns, 66.5859 ns/op
WorkloadResult   4: 8388608 op, 550733100.00 ns, 65.6525 ns/op
WorkloadResult   5: 8388608 op, 551299400.00 ns, 65.7200 ns/op
WorkloadResult   6: 8388608 op, 550765700.00 ns, 65.6564 ns/op
WorkloadResult   7: 8388608 op, 552637800.00 ns, 65.8796 ns/op
WorkloadResult   8: 8388608 op, 550894500.00 ns, 65.6717 ns/op
WorkloadResult   9: 8388608 op, 551323800.00 ns, 65.7229 ns/op
WorkloadResult  10: 8388608 op, 551357600.00 ns, 65.7269 ns/op
WorkloadResult  11: 8388608 op, 552618700.00 ns, 65.8773 ns/op
WorkloadResult  12: 8388608 op, 550925300.00 ns, 65.6754 ns/op
WorkloadResult  13: 8388608 op, 554951200.00 ns, 66.1553 ns/op
// GC:  5 0 0 268441184 8388608
// Threading:  0 0 8388608


Mean = 65.838 ns, StdErr = 0.076 ns (0.12%), N = 13, StdDev = 0.274 ns
Min = 65.597 ns, Q1 = 65.672 ns, Median = 65.723 ns, Q3 = 65.880 ns, Max = 66.586 ns
IQR = 0.208 ns, LowerFence = 65.360 ns, UpperFence = 66.191 ns
ConfidenceInterval = [65.510 ns; 66.166 ns] (CI 99.9%), Margin = 0.328 ns (0.50% of Mean)
Skewness = 1.55, Kurtosis = 4.53, MValue = 2

// ** Remained 26 (86.7 %) benchmark(s) to run. Estimated finish 2026-08-06 18:44 (0h 25m from now) **
Setup power plan (GUID: 8c5e7fda-e8bf-4a96-9a85-a6e23a8c635c FriendlyName: Alto rendimiento)
// **************************
// Benchmark: A_SerializationBenchmarks.EricksonLopezOutbox_Serialize_Allocating: Job-OUHNJV(IterationCount=100, WarmupCount=20) [PayloadSize=10240]
// *** Execute ***
// Launch: 1 / 1
// Execute: dotnet 7284c0d0-c932-4332-801f-2c62674b8ef9.dll --anonymousPipes 640 636 --benchmarkName "EricksonLopez.Outbox.Benchmarks.A_SerializationBenchmarks.EricksonLopezOutbox_Serialize_Allocating(PayloadSize: 10240)" --job "IterationCount=100, WarmupCount=20" --benchmarkId 2 in D:\DevData\ericksonlopez.dev\dotnet-outbox\benchmarks\EricksonLopez.Outbox.Benchmarks\bin\Release\net10.0\7284c0d0-c932-4332-801f-2c62674b8ef9\bin\Release\net10.0
// BeforeAnythingElse

// Benchmark Process Environment Information:
// BenchmarkDotNet v0.13.12
// Runtime=.NET 10.0.10 (10.0.1026.32716), X64 RyuJIT AVX-512F+CD+BW+DQ+VL+VBMI
// GC=Concurrent Workstation
// HardwareIntrinsics=AVX-512F+CD+BW+DQ+VL+VBMI,AES,BMI1,BMI2,FMA,LZCNT,PCLMUL,POPCNT,AvxVnni VectorSize=256
// Job: Job-GSMDIA(IterationCount=100, WarmupCount=20)

OverheadJitting  1: 1 op, 215600.00 ns, 215.6000 us/op
WorkloadJitting  1: 1 op, 11468000.00 ns, 11.4680 ms/op

OverheadJitting  2: 16 op, 174900.00 ns, 10.9313 us/op
WorkloadJitting  2: 16 op, 318800.00 ns, 19.9250 us/op

WorkloadPilot    1: 16 op, 193500.00 ns, 12.0938 us/op
WorkloadPilot    2: 32 op, 390100.00 ns, 12.1906 us/op
WorkloadPilot    3: 64 op, 792800.00 ns, 12.3875 us/op
WorkloadPilot    4: 128 op, 1494700.00 ns, 11.6773 us/op
WorkloadPilot    5: 256 op, 2994100.00 ns, 11.6957 us/op
WorkloadPilot    6: 512 op, 6022500.00 ns, 11.7627 us/op
WorkloadPilot    7: 1024 op, 11851800.00 ns, 11.5740 us/op
WorkloadPilot    8: 2048 op, 23310000.00 ns, 11.3818 us/op
WorkloadPilot    9: 4096 op, 46655900.00 ns, 11.3906 us/op
WorkloadPilot   10: 8192 op, 89627700.00 ns, 10.9409 us/op
WorkloadPilot   11: 16384 op, 70106000.00 ns, 4.2789 us/op
WorkloadPilot   12: 32768 op, 24081700.00 ns, 734.9152 ns/op
WorkloadPilot   13: 65536 op, 36082400.00 ns, 550.5737 ns/op
WorkloadPilot   14: 131072 op, 74755800.00 ns, 570.3415 ns/op
WorkloadPilot   15: 262144 op, 144876000.00 ns, 552.6581 ns/op
WorkloadPilot   16: 524288 op, 298891600.00 ns, 570.0905 ns/op
WorkloadPilot   17: 1048576 op, 611721700.00 ns, 583.3833 ns/op

OverheadWarmup   1: 1048576 op, 1413200.00 ns, 1.3477 ns/op
OverheadWarmup   2: 1048576 op, 1409400.00 ns, 1.3441 ns/op
OverheadWarmup   3: 1048576 op, 1409400.00 ns, 1.3441 ns/op
OverheadWarmup   4: 1048576 op, 1411100.00 ns, 1.3457 ns/op
OverheadWarmup   5: 1048576 op, 1410400.00 ns, 1.3451 ns/op
OverheadWarmup   6: 1048576 op, 1424400.00 ns, 1.3584 ns/op

OverheadActual   1: 1048576 op, 1411000.00 ns, 1.3456 ns/op
OverheadActual   2: 1048576 op, 1411700.00 ns, 1.3463 ns/op
OverheadActual   3: 1048576 op, 1411700.00 ns, 1.3463 ns/op
OverheadActual   4: 1048576 op, 1426500.00 ns, 1.3604 ns/op
OverheadActual   5: 1048576 op, 1422900.00 ns, 1.3570 ns/op
OverheadActual   6: 1048576 op, 1424200.00 ns, 1.3582 ns/op
OverheadActual   7: 1048576 op, 1425600.00 ns, 1.3596 ns/op
OverheadActual   8: 1048576 op, 1411900.00 ns, 1.3465 ns/op
OverheadActual   9: 1048576 op, 1491300.00 ns, 1.4222 ns/op
OverheadActual  10: 1048576 op, 1411600.00 ns, 1.3462 ns/op
OverheadActual  11: 1048576 op, 1433600.00 ns, 1.3672 ns/op
OverheadActual  12: 1048576 op, 1411000.00 ns, 1.3456 ns/op
OverheadActual  13: 1048576 op, 1411000.00 ns, 1.3456 ns/op
OverheadActual  14: 1048576 op, 1412100.00 ns, 1.3467 ns/op
OverheadActual  15: 1048576 op, 1413500.00 ns, 1.3480 ns/op

WorkloadWarmup   1: 1048576 op, 579012200.00 ns, 552.1891 ns/op
WorkloadWarmup   2: 1048576 op, 572853400.00 ns, 546.3156 ns/op
WorkloadWarmup   3: 1048576 op, 568299800.00 ns, 541.9729 ns/op
WorkloadWarmup   4: 1048576 op, 561922300.00 ns, 535.8909 ns/op
WorkloadWarmup   5: 1048576 op, 574592800.00 ns, 547.9744 ns/op
WorkloadWarmup   6: 1048576 op, 563416500.00 ns, 537.3158 ns/op
WorkloadWarmup   7: 1048576 op, 563218900.00 ns, 537.1274 ns/op
WorkloadWarmup   8: 1048576 op, 570831800.00 ns, 544.3876 ns/op
WorkloadWarmup   9: 1048576 op, 573727100.00 ns, 547.1488 ns/op
WorkloadWarmup  10: 1048576 op, 560520400.00 ns, 534.5539 ns/op
WorkloadWarmup  11: 1048576 op, 570026300.00 ns, 543.6194 ns/op
WorkloadWarmup  12: 1048576 op, 583858700.00 ns, 556.8110 ns/op
WorkloadWarmup  13: 1048576 op, 589909500.00 ns, 562.5815 ns/op
WorkloadWarmup  14: 1048576 op, 566651900.00 ns, 540.4014 ns/op
WorkloadWarmup  15: 1048576 op, 569788300.00 ns, 543.3925 ns/op
WorkloadWarmup  16: 1048576 op, 614836500.00 ns, 586.3538 ns/op
WorkloadWarmup  17: 1048576 op, 577907600.00 ns, 551.1356 ns/op
WorkloadWarmup  18: 1048576 op, 578491700.00 ns, 551.6927 ns/op
WorkloadWarmup  19: 1048576 op, 612564900.00 ns, 584.1874 ns/op
WorkloadWarmup  20: 1048576 op, 587975800.00 ns, 560.7374 ns/op

// BeforeActualRun
WorkloadActual   1: 1048576 op, 587298600.00 ns, 560.0916 ns/op
WorkloadActual   2: 1048576 op, 610423100.00 ns, 582.1448 ns/op
WorkloadActual   3: 1048576 op, 605805100.00 ns, 577.7408 ns/op
WorkloadActual   4: 1048576 op, 628654400.00 ns, 599.5316 ns/op
WorkloadActual   5: 1048576 op, 632948000.00 ns, 603.6263 ns/op
WorkloadActual   6: 1048576 op, 650675200.00 ns, 620.5322 ns/op
WorkloadActual   7: 1048576 op, 592319000.00 ns, 564.8794 ns/op
WorkloadActual   8: 1048576 op, 613180800.00 ns, 584.7748 ns/op
WorkloadActual   9: 1048576 op, 617805800.00 ns, 589.1855 ns/op
WorkloadActual  10: 1048576 op, 619709900.00 ns, 591.0014 ns/op
WorkloadActual  11: 1048576 op, 632497100.00 ns, 603.1962 ns/op
WorkloadActual  12: 1048576 op, 607059500.00 ns, 578.9371 ns/op
WorkloadActual  13: 1048576 op, 696431500.00 ns, 664.1688 ns/op
WorkloadActual  14: 1048576 op, 658997400.00 ns, 628.4689 ns/op
WorkloadActual  15: 1048576 op, 607242400.00 ns, 579.1115 ns/op
WorkloadActual  16: 1048576 op, 580210900.00 ns, 553.3322 ns/op
WorkloadActual  17: 1048576 op, 618796800.00 ns, 590.1306 ns/op
WorkloadActual  18: 1048576 op, 594070300.00 ns, 566.5496 ns/op
WorkloadActual  19: 1048576 op, 585043300.00 ns, 557.9408 ns/op
WorkloadActual  20: 1048576 op, 586151800.00 ns, 558.9979 ns/op
WorkloadActual  21: 1048576 op, 570633300.00 ns, 544.1983 ns/op
WorkloadActual  22: 1048576 op, 576702600.00 ns, 549.9865 ns/op
WorkloadActual  23: 1048576 op, 579731600.00 ns, 552.8751 ns/op
WorkloadActual  24: 1048576 op, 562028800.00 ns, 535.9924 ns/op
WorkloadActual  25: 1048576 op, 563365000.00 ns, 537.2667 ns/op
WorkloadActual  26: 1048576 op, 565411700.00 ns, 539.2186 ns/op
WorkloadActual  27: 1048576 op, 567034000.00 ns, 540.7658 ns/op
WorkloadActual  28: 1048576 op, 557406700.00 ns, 531.5845 ns/op
WorkloadActual  29: 1048576 op, 567628100.00 ns, 541.3323 ns/op
WorkloadActual  30: 1048576 op, 660484800.00 ns, 629.8874 ns/op
WorkloadActual  31: 1048576 op, 599908800.00 ns, 572.1176 ns/op
WorkloadActual  32: 1048576 op, 642992500.00 ns, 613.2054 ns/op
WorkloadActual  33: 1048576 op, 599364900.00 ns, 571.5989 ns/op
WorkloadActual  34: 1048576 op, 565363300.00 ns, 539.1725 ns/op
WorkloadActual  35: 1048576 op, 564544700.00 ns, 538.3918 ns/op
WorkloadActual  36: 1048576 op, 571894800.00 ns, 545.4014 ns/op
WorkloadActual  37: 1048576 op, 546868400.00 ns, 521.5343 ns/op
WorkloadActual  38: 1048576 op, 573970300.00 ns, 547.3807 ns/op
WorkloadActual  39: 1048576 op, 563568100.00 ns, 537.4604 ns/op
WorkloadActual  40: 1048576 op, 586449100.00 ns, 559.2814 ns/op
WorkloadActual  41: 1048576 op, 610719300.00 ns, 582.4273 ns/op
WorkloadActual  42: 1048576 op, 643637400.00 ns, 613.8205 ns/op
WorkloadActual  43: 1048576 op, 676512000.00 ns, 645.1721 ns/op
WorkloadActual  44: 1048576 op, 656687900.00 ns, 626.2664 ns/op
WorkloadActual  45: 1048576 op, 644747100.00 ns, 614.8787 ns/op
WorkloadActual  46: 1048576 op, 642777300.00 ns, 613.0002 ns/op
WorkloadActual  47: 1048576 op, 652389900.00 ns, 622.1675 ns/op
WorkloadActual  48: 1048576 op, 657985500.00 ns, 627.5039 ns/op
WorkloadActual  49: 1048576 op, 642545900.00 ns, 612.7795 ns/op
WorkloadActual  50: 1048576 op, 661668700.00 ns, 631.0164 ns/op
WorkloadActual  51: 1048576 op, 624099600.00 ns, 595.1878 ns/op
WorkloadActual  52: 1048576 op, 639003500.00 ns, 609.4012 ns/op
WorkloadActual  53: 1048576 op, 588018500.00 ns, 560.7781 ns/op
WorkloadActual  54: 1048576 op, 588762700.00 ns, 561.4879 ns/op
WorkloadActual  55: 1048576 op, 585521000.00 ns, 558.3963 ns/op
WorkloadActual  56: 1048576 op, 574277500.00 ns, 547.6737 ns/op
WorkloadActual  57: 1048576 op, 599228600.00 ns, 571.4689 ns/op
WorkloadActual  58: 1048576 op, 605839200.00 ns, 577.7733 ns/op
WorkloadActual  59: 1048576 op, 601323700.00 ns, 573.4670 ns/op
WorkloadActual  60: 1048576 op, 595742300.00 ns, 568.1441 ns/op
WorkloadActual  61: 1048576 op, 625347600.00 ns, 596.3779 ns/op
WorkloadActual  62: 1048576 op, 588678300.00 ns, 561.4074 ns/op
WorkloadActual  63: 1048576 op, 577358700.00 ns, 550.6122 ns/op
WorkloadActual  64: 1048576 op, 572194800.00 ns, 545.6875 ns/op
WorkloadActual  65: 1048576 op, 601895200.00 ns, 574.0120 ns/op
WorkloadActual  66: 1048576 op, 559291600.00 ns, 533.3820 ns/op
WorkloadActual  67: 1048576 op, 562438700.00 ns, 536.3833 ns/op
WorkloadActual  68: 1048576 op, 579022400.00 ns, 552.1988 ns/op
WorkloadActual  69: 1048576 op, 592112400.00 ns, 564.6824 ns/op
WorkloadActual  70: 1048576 op, 577990700.00 ns, 551.2149 ns/op
WorkloadActual  71: 1048576 op, 569475600.00 ns, 543.0943 ns/op
WorkloadActual  72: 1048576 op, 569028800.00 ns, 542.6682 ns/op
WorkloadActual  73: 1048576 op, 656330700.00 ns, 625.9257 ns/op
WorkloadActual  74: 1048576 op, 614846900.00 ns, 586.3637 ns/op
WorkloadActual  75: 1048576 op, 581746100.00 ns, 554.7963 ns/op
WorkloadActual  76: 1048576 op, 586488200.00 ns, 559.3187 ns/op
WorkloadActual  77: 1048576 op, 574400500.00 ns, 547.7910 ns/op
WorkloadActual  78: 1048576 op, 561487200.00 ns, 535.4759 ns/op
WorkloadActual  79: 1048576 op, 564030500.00 ns, 537.9014 ns/op
WorkloadActual  80: 1048576 op, 559756800.00 ns, 533.8257 ns/op
WorkloadActual  81: 1048576 op, 570417200.00 ns, 543.9922 ns/op
WorkloadActual  82: 1048576 op, 581033300.00 ns, 554.1165 ns/op
WorkloadActual  83: 1048576 op, 601233600.00 ns, 573.3810 ns/op
WorkloadActual  84: 1048576 op, 622301500.00 ns, 593.4730 ns/op
WorkloadActual  85: 1048576 op, 642617200.00 ns, 612.8475 ns/op
WorkloadActual  86: 1048576 op, 639048000.00 ns, 609.4437 ns/op
WorkloadActual  87: 1048576 op, 623319800.00 ns, 594.4441 ns/op
WorkloadActual  88: 1048576 op, 657780800.00 ns, 627.3087 ns/op
WorkloadActual  89: 1048576 op, 637335100.00 ns, 607.8101 ns/op
WorkloadActual  90: 1048576 op, 644582000.00 ns, 614.7213 ns/op
WorkloadActual  91: 1048576 op, 634479100.00 ns, 605.0864 ns/op
WorkloadActual  92: 1048576 op, 623560800.00 ns, 594.6739 ns/op
WorkloadActual  93: 1048576 op, 630428900.00 ns, 601.2239 ns/op
WorkloadActual  94: 1048576 op, 641054700.00 ns, 611.3574 ns/op
WorkloadActual  95: 1048576 op, 634089100.00 ns, 604.7145 ns/op
WorkloadActual  96: 1048576 op, 636059500.00 ns, 606.5936 ns/op
WorkloadActual  97: 1048576 op, 644297800.00 ns, 614.4503 ns/op
WorkloadActual  98: 1048576 op, 650358100.00 ns, 620.2298 ns/op
WorkloadActual  99: 1048576 op, 607102000.00 ns, 578.9776 ns/op
WorkloadActual  100: 1048576 op, 615437100.00 ns, 586.9266 ns/op

// AfterActualRun
WorkloadResult   1: 1048576 op, 585886500.00 ns, 558.7449 ns/op
WorkloadResult   2: 1048576 op, 609011000.00 ns, 580.7981 ns/op
WorkloadResult   3: 1048576 op, 604393000.00 ns, 576.3941 ns/op
WorkloadResult   4: 1048576 op, 627242300.00 ns, 598.1849 ns/op
WorkloadResult   5: 1048576 op, 631535900.00 ns, 602.2796 ns/op
WorkloadResult   6: 1048576 op, 649263100.00 ns, 619.1855 ns/op
WorkloadResult   7: 1048576 op, 590906900.00 ns, 563.5327 ns/op
WorkloadResult   8: 1048576 op, 611768700.00 ns, 583.4281 ns/op
WorkloadResult   9: 1048576 op, 616393700.00 ns, 587.8388 ns/op
WorkloadResult  10: 1048576 op, 618297800.00 ns, 589.6547 ns/op
WorkloadResult  11: 1048576 op, 631085000.00 ns, 601.8496 ns/op
WorkloadResult  12: 1048576 op, 605647400.00 ns, 577.5904 ns/op
WorkloadResult  13: 1048576 op, 695019400.00 ns, 662.8222 ns/op
WorkloadResult  14: 1048576 op, 657585300.00 ns, 627.1222 ns/op
WorkloadResult  15: 1048576 op, 605830300.00 ns, 577.7648 ns/op
WorkloadResult  16: 1048576 op, 578798800.00 ns, 551.9855 ns/op
WorkloadResult  17: 1048576 op, 617384700.00 ns, 588.7839 ns/op
WorkloadResult  18: 1048576 op, 592658200.00 ns, 565.2029 ns/op
WorkloadResult  19: 1048576 op, 583631200.00 ns, 556.5941 ns/op
WorkloadResult  20: 1048576 op, 584739700.00 ns, 557.6512 ns/op
WorkloadResult  21: 1048576 op, 569221200.00 ns, 542.8516 ns/op
WorkloadResult  22: 1048576 op, 575290500.00 ns, 548.6398 ns/op
WorkloadResult  23: 1048576 op, 578319500.00 ns, 551.5285 ns/op
WorkloadResult  24: 1048576 op, 560616700.00 ns, 534.6457 ns/op
WorkloadResult  25: 1048576 op, 561952900.00 ns, 535.9200 ns/op
WorkloadResult  26: 1048576 op, 563999600.00 ns, 537.8719 ns/op
WorkloadResult  27: 1048576 op, 565621900.00 ns, 539.4191 ns/op
WorkloadResult  28: 1048576 op, 555994600.00 ns, 530.2378 ns/op
WorkloadResult  29: 1048576 op, 566216000.00 ns, 539.9857 ns/op
WorkloadResult  30: 1048576 op, 659072700.00 ns, 628.5407 ns/op
WorkloadResult  31: 1048576 op, 598496700.00 ns, 570.7709 ns/op
WorkloadResult  32: 1048576 op, 641580400.00 ns, 611.8587 ns/op
WorkloadResult  33: 1048576 op, 597952800.00 ns, 570.2522 ns/op
WorkloadResult  34: 1048576 op, 563951200.00 ns, 537.8258 ns/op
WorkloadResult  35: 1048576 op, 563132600.00 ns, 537.0451 ns/op
WorkloadResult  36: 1048576 op, 570482700.00 ns, 544.0547 ns/op
WorkloadResult  37: 1048576 op, 545456300.00 ns, 520.1877 ns/op
WorkloadResult  38: 1048576 op, 572558200.00 ns, 546.0340 ns/op
WorkloadResult  39: 1048576 op, 562156000.00 ns, 536.1137 ns/op
WorkloadResult  40: 1048576 op, 585037000.00 ns, 557.9348 ns/op
WorkloadResult  41: 1048576 op, 609307200.00 ns, 581.0806 ns/op
WorkloadResult  42: 1048576 op, 642225300.00 ns, 612.4738 ns/op
WorkloadResult  43: 1048576 op, 675099900.00 ns, 643.8254 ns/op
WorkloadResult  44: 1048576 op, 655275800.00 ns, 624.9197 ns/op
WorkloadResult  45: 1048576 op, 643335000.00 ns, 613.5321 ns/op
WorkloadResult  46: 1048576 op, 641365200.00 ns, 611.6535 ns/op
WorkloadResult  47: 1048576 op, 650977800.00 ns, 620.8208 ns/op
WorkloadResult  48: 1048576 op, 656573400.00 ns, 626.1572 ns/op
WorkloadResult  49: 1048576 op, 641133800.00 ns, 611.4328 ns/op
WorkloadResult  50: 1048576 op, 660256600.00 ns, 629.6698 ns/op
WorkloadResult  51: 1048576 op, 622687500.00 ns, 593.8411 ns/op
WorkloadResult  52: 1048576 op, 637591400.00 ns, 608.0545 ns/op
WorkloadResult  53: 1048576 op, 586606400.00 ns, 559.4315 ns/op
WorkloadResult  54: 1048576 op, 587350600.00 ns, 560.1412 ns/op
WorkloadResult  55: 1048576 op, 584108900.00 ns, 557.0497 ns/op
WorkloadResult  56: 1048576 op, 572865400.00 ns, 546.3270 ns/op
WorkloadResult  57: 1048576 op, 597816500.00 ns, 570.1222 ns/op
WorkloadResult  58: 1048576 op, 604427100.00 ns, 576.4266 ns/op
WorkloadResult  59: 1048576 op, 599911600.00 ns, 572.1203 ns/op
WorkloadResult  60: 1048576 op, 594330200.00 ns, 566.7974 ns/op
WorkloadResult  61: 1048576 op, 623935500.00 ns, 595.0313 ns/op
WorkloadResult  62: 1048576 op, 587266200.00 ns, 560.0607 ns/op
WorkloadResult  63: 1048576 op, 575946600.00 ns, 549.2655 ns/op
WorkloadResult  64: 1048576 op, 570782700.00 ns, 544.3408 ns/op
WorkloadResult  65: 1048576 op, 600483100.00 ns, 572.6653 ns/op
WorkloadResult  66: 1048576 op, 557879500.00 ns, 532.0354 ns/op
WorkloadResult  67: 1048576 op, 561026600.00 ns, 535.0367 ns/op
WorkloadResult  68: 1048576 op, 577610300.00 ns, 550.8521 ns/op
WorkloadResult  69: 1048576 op, 590700300.00 ns, 563.3357 ns/op
WorkloadResult  70: 1048576 op, 576578600.00 ns, 549.8682 ns/op
WorkloadResult  71: 1048576 op, 568063500.00 ns, 541.7476 ns/op
WorkloadResult  72: 1048576 op, 567616700.00 ns, 541.3215 ns/op
WorkloadResult  73: 1048576 op, 654918600.00 ns, 624.5790 ns/op
WorkloadResult  74: 1048576 op, 613434800.00 ns, 585.0170 ns/op
WorkloadResult  75: 1048576 op, 580334000.00 ns, 553.4496 ns/op
WorkloadResult  76: 1048576 op, 585076100.00 ns, 557.9720 ns/op
WorkloadResult  77: 1048576 op, 572988400.00 ns, 546.4443 ns/op
WorkloadResult  78: 1048576 op, 560075100.00 ns, 534.1292 ns/op
WorkloadResult  79: 1048576 op, 562618400.00 ns, 536.5547 ns/op
WorkloadResult  80: 1048576 op, 558344700.00 ns, 532.4790 ns/op
WorkloadResult  81: 1048576 op, 569005100.00 ns, 542.6455 ns/op
WorkloadResult  82: 1048576 op, 579621200.00 ns, 552.7699 ns/op
WorkloadResult  83: 1048576 op, 599821500.00 ns, 572.0344 ns/op
WorkloadResult  84: 1048576 op, 620889400.00 ns, 592.1263 ns/op
WorkloadResult  85: 1048576 op, 641205100.00 ns, 611.5008 ns/op
WorkloadResult  86: 1048576 op, 637635900.00 ns, 608.0970 ns/op
WorkloadResult  87: 1048576 op, 621907700.00 ns, 593.0974 ns/op
WorkloadResult  88: 1048576 op, 656368700.00 ns, 625.9620 ns/op
WorkloadResult  89: 1048576 op, 635923000.00 ns, 606.4634 ns/op
WorkloadResult  90: 1048576 op, 643169900.00 ns, 613.3746 ns/op
WorkloadResult  91: 1048576 op, 633067000.00 ns, 603.7397 ns/op
WorkloadResult  92: 1048576 op, 622148700.00 ns, 593.3272 ns/op
WorkloadResult  93: 1048576 op, 629016800.00 ns, 599.8772 ns/op
WorkloadResult  94: 1048576 op, 639642600.00 ns, 610.0107 ns/op
WorkloadResult  95: 1048576 op, 632677000.00 ns, 603.3678 ns/op
WorkloadResult  96: 1048576 op, 634647400.00 ns, 605.2469 ns/op
WorkloadResult  97: 1048576 op, 642885700.00 ns, 613.1036 ns/op
WorkloadResult  98: 1048576 op, 648946000.00 ns, 618.8831 ns/op
WorkloadResult  99: 1048576 op, 605689900.00 ns, 577.6309 ns/op
WorkloadResult  100: 1048576 op, 614025000.00 ns, 585.5799 ns/op
// GC:  215 8 0 10821305392 1048576
// Threading:  0 0 1048576

// AfterAll
// Benchmark Process 32128 has exited with code 0.

Mean = 576.700 ns, StdErr = 3.200 ns (0.55%), N = 100, StdDev = 31.999 ns
Min = 520.188 ns, Q1 = 549.109 ns, Median = 572.393 ns, Q3 = 604.117 ns, Max = 662.822 ns
IQR = 55.007 ns, LowerFence = 466.598 ns, UpperFence = 686.628 ns
ConfidenceInterval = [565.848 ns; 587.553 ns] (CI 99.9%), Margin = 10.852 ns (1.88% of Mean)
Skewness = 0.31, Kurtosis = 2.06, MValue = 2.08

// ** Remained 25 (83.3 %) benchmark(s) to run. Estimated finish 2026-08-06 18:46 (0h 26m from now) **
Setup power plan (GUID: 8c5e7fda-e8bf-4a96-9a85-a6e23a8c635c FriendlyName: Alto rendimiento)
// **************************
// Benchmark: A_SerializationBenchmarks.EricksonLopezOutbox_Serialize_BufferWriter: Job-OUHNJV(IterationCount=100, WarmupCount=20) [PayloadSize=10240]
// *** Execute ***
// Launch: 1 / 1
// Execute: dotnet 7284c0d0-c932-4332-801f-2c62674b8ef9.dll --anonymousPipes 3144 4572 --benchmarkName "EricksonLopez.Outbox.Benchmarks.A_SerializationBenchmarks.EricksonLopezOutbox_Serialize_BufferWriter(PayloadSize: 10240)" --job "IterationCount=100, WarmupCount=20" --benchmarkId 3 in D:\DevData\ericksonlopez.dev\dotnet-outbox\benchmarks\EricksonLopez.Outbox.Benchmarks\bin\Release\net10.0\7284c0d0-c932-4332-801f-2c62674b8ef9\bin\Release\net10.0
// BeforeAnythingElse

// Benchmark Process Environment Information:
// BenchmarkDotNet v0.13.12
// Runtime=.NET 10.0.10 (10.0.1026.32716), X64 RyuJIT AVX-512F+CD+BW+DQ+VL+VBMI
// GC=Concurrent Workstation
// HardwareIntrinsics=AVX-512F+CD+BW+DQ+VL+VBMI,AES,BMI1,BMI2,FMA,LZCNT,PCLMUL,POPCNT,AvxVnni VectorSize=256
// Job: Job-DAMPCX(IterationCount=100, WarmupCount=20)

OverheadJitting  1: 1 op, 182100.00 ns, 182.1000 us/op
WorkloadJitting  1: 1 op, 9910800.00 ns, 9.9108 ms/op

OverheadJitting  2: 16 op, 149900.00 ns, 9.3688 us/op
WorkloadJitting  2: 16 op, 342100.00 ns, 21.3813 us/op

WorkloadPilot    1: 16 op, 95800.00 ns, 5.9875 us/op
WorkloadPilot    2: 32 op, 174300.00 ns, 5.4469 us/op
WorkloadPilot    3: 64 op, 302800.00 ns, 4.7313 us/op
WorkloadPilot    4: 128 op, 542200.00 ns, 4.2359 us/op
WorkloadPilot    5: 256 op, 1083900.00 ns, 4.2340 us/op
WorkloadPilot    6: 512 op, 2081600.00 ns, 4.0656 us/op
WorkloadPilot    7: 1024 op, 4108200.00 ns, 4.0119 us/op
WorkloadPilot    8: 2048 op, 8262800.00 ns, 4.0346 us/op
WorkloadPilot    9: 4096 op, 16344300.00 ns, 3.9903 us/op
WorkloadPilot   10: 8192 op, 32906000.00 ns, 4.0168 us/op
WorkloadPilot   11: 16384 op, 65323400.00 ns, 3.9870 us/op
WorkloadPilot   12: 32768 op, 63591100.00 ns, 1.9406 us/op
WorkloadPilot   13: 65536 op, 21524200.00 ns, 328.4332 ns/op
WorkloadPilot   14: 131072 op, 43435400.00 ns, 331.3858 ns/op
WorkloadPilot   15: 262144 op, 87703800.00 ns, 334.5634 ns/op
WorkloadPilot   16: 524288 op, 174552600.00 ns, 332.9327 ns/op
WorkloadPilot   17: 1048576 op, 342406100.00 ns, 326.5439 ns/op
WorkloadPilot   18: 2097152 op, 687301400.00 ns, 327.7308 ns/op

OverheadWarmup   1: 2097152 op, 2850500.00 ns, 1.3592 ns/op
OverheadWarmup   2: 2097152 op, 2869100.00 ns, 1.3681 ns/op
OverheadWarmup   3: 2097152 op, 2873600.00 ns, 1.3702 ns/op
OverheadWarmup   4: 2097152 op, 2848900.00 ns, 1.3585 ns/op
OverheadWarmup   5: 2097152 op, 2845400.00 ns, 1.3568 ns/op
OverheadWarmup   6: 2097152 op, 2840200.00 ns, 1.3543 ns/op
OverheadWarmup   7: 2097152 op, 2840600.00 ns, 1.3545 ns/op
OverheadWarmup   8: 2097152 op, 2889200.00 ns, 1.3777 ns/op
OverheadWarmup   9: 2097152 op, 2858800.00 ns, 1.3632 ns/op

OverheadActual   1: 2097152 op, 2830400.00 ns, 1.3496 ns/op
OverheadActual   2: 2097152 op, 2907700.00 ns, 1.3865 ns/op
OverheadActual   3: 2097152 op, 2902200.00 ns, 1.3839 ns/op
OverheadActual   4: 2097152 op, 2958600.00 ns, 1.4108 ns/op
OverheadActual   5: 2097152 op, 2964900.00 ns, 1.4138 ns/op
OverheadActual   6: 2097152 op, 2825700.00 ns, 1.3474 ns/op
OverheadActual   7: 2097152 op, 2897400.00 ns, 1.3816 ns/op
OverheadActual   8: 2097152 op, 2833900.00 ns, 1.3513 ns/op
OverheadActual   9: 2097152 op, 2914500.00 ns, 1.3897 ns/op
OverheadActual  10: 2097152 op, 2907000.00 ns, 1.3862 ns/op
OverheadActual  11: 2097152 op, 2825100.00 ns, 1.3471 ns/op
OverheadActual  12: 2097152 op, 2846600.00 ns, 1.3574 ns/op
OverheadActual  13: 2097152 op, 2831600.00 ns, 1.3502 ns/op
OverheadActual  14: 2097152 op, 2941900.00 ns, 1.4028 ns/op
OverheadActual  15: 2097152 op, 2868200.00 ns, 1.3677 ns/op

WorkloadWarmup   1: 2097152 op, 687222900.00 ns, 327.6934 ns/op
WorkloadWarmup   2: 2097152 op, 687275100.00 ns, 327.7183 ns/op
WorkloadWarmup   3: 2097152 op, 683692000.00 ns, 326.0098 ns/op
WorkloadWarmup   4: 2097152 op, 691222100.00 ns, 329.6004 ns/op
WorkloadWarmup   5: 2097152 op, 684073300.00 ns, 326.1916 ns/op
WorkloadWarmup   6: 2097152 op, 691306800.00 ns, 329.6408 ns/op
WorkloadWarmup   7: 2097152 op, 688439000.00 ns, 328.2733 ns/op
WorkloadWarmup   8: 2097152 op, 685673300.00 ns, 326.9545 ns/op
WorkloadWarmup   9: 2097152 op, 678180900.00 ns, 323.3819 ns/op
WorkloadWarmup  10: 2097152 op, 685417800.00 ns, 326.8327 ns/op
WorkloadWarmup  11: 2097152 op, 677954400.00 ns, 323.2738 ns/op
WorkloadWarmup  12: 2097152 op, 694128000.00 ns, 330.9860 ns/op
WorkloadWarmup  13: 2097152 op, 680942000.00 ns, 324.6984 ns/op
WorkloadWarmup  14: 2097152 op, 688550900.00 ns, 328.3267 ns/op
WorkloadWarmup  15: 2097152 op, 681319700.00 ns, 324.8785 ns/op
WorkloadWarmup  16: 2097152 op, 683552500.00 ns, 325.9432 ns/op
WorkloadWarmup  17: 2097152 op, 679365200.00 ns, 323.9466 ns/op
WorkloadWarmup  18: 2097152 op, 691434200.00 ns, 329.7015 ns/op
WorkloadWarmup  19: 2097152 op, 687874000.00 ns, 328.0039 ns/op
WorkloadWarmup  20: 2097152 op, 683654100.00 ns, 325.9917 ns/op

// BeforeActualRun
WorkloadActual   1: 2097152 op, 687478200.00 ns, 327.8152 ns/op
WorkloadActual   2: 2097152 op, 679824500.00 ns, 324.1656 ns/op
WorkloadActual   3: 2097152 op, 674525600.00 ns, 321.6389 ns/op
WorkloadActual   4: 2097152 op, 674147600.00 ns, 321.4586 ns/op
WorkloadActual   5: 2097152 op, 677135500.00 ns, 322.8834 ns/op
WorkloadActual   6: 2097152 op, 684492300.00 ns, 326.3914 ns/op
WorkloadActual   7: 2097152 op, 678482600.00 ns, 323.5257 ns/op
WorkloadActual   8: 2097152 op, 682264500.00 ns, 325.3291 ns/op
WorkloadActual   9: 2097152 op, 681119300.00 ns, 324.7830 ns/op
WorkloadActual  10: 2097152 op, 680559600.00 ns, 324.5161 ns/op
WorkloadActual  11: 2097152 op, 680316300.00 ns, 324.4001 ns/op
WorkloadActual  12: 2097152 op, 679518200.00 ns, 324.0195 ns/op
WorkloadActual  13: 2097152 op, 681604400.00 ns, 325.0143 ns/op
WorkloadActual  14: 2097152 op, 676502300.00 ns, 322.5814 ns/op
WorkloadActual  15: 2097152 op, 679108100.00 ns, 323.8240 ns/op
WorkloadActual  16: 2097152 op, 682072300.00 ns, 325.2374 ns/op
WorkloadActual  17: 2097152 op, 680671300.00 ns, 324.5694 ns/op
WorkloadActual  18: 2097152 op, 673939200.00 ns, 321.3593 ns/op
WorkloadActual  19: 2097152 op, 680133000.00 ns, 324.3127 ns/op
WorkloadActual  20: 2097152 op, 675889600.00 ns, 322.2893 ns/op
WorkloadActual  21: 2097152 op, 679850500.00 ns, 324.1780 ns/op
WorkloadActual  22: 2097152 op, 682357900.00 ns, 325.3736 ns/op
WorkloadActual  23: 2097152 op, 682402300.00 ns, 325.3948 ns/op
WorkloadActual  24: 2097152 op, 678729500.00 ns, 323.6434 ns/op
WorkloadActual  25: 2097152 op, 681395300.00 ns, 324.9146 ns/op
WorkloadActual  26: 2097152 op, 681881200.00 ns, 325.1463 ns/op
WorkloadActual  27: 2097152 op, 678867400.00 ns, 323.7092 ns/op
WorkloadActual  28: 2097152 op, 685539800.00 ns, 326.8909 ns/op
WorkloadActual  29: 2097152 op, 687640300.00 ns, 327.8924 ns/op
WorkloadActual  30: 2097152 op, 680664500.00 ns, 324.5661 ns/op
WorkloadActual  31: 2097152 op, 683510400.00 ns, 325.9232 ns/op
WorkloadActual  32: 2097152 op, 681232600.00 ns, 324.8370 ns/op
WorkloadActual  33: 2097152 op, 683508700.00 ns, 325.9223 ns/op
WorkloadActual  34: 2097152 op, 680391300.00 ns, 324.4359 ns/op
WorkloadActual  35: 2097152 op, 682220200.00 ns, 325.3079 ns/op
WorkloadActual  36: 2097152 op, 680216100.00 ns, 324.3523 ns/op
WorkloadActual  37: 2097152 op, 680917900.00 ns, 324.6870 ns/op
WorkloadActual  38: 2097152 op, 681156700.00 ns, 324.8008 ns/op
WorkloadActual  39: 2097152 op, 684451400.00 ns, 326.3719 ns/op
WorkloadActual  40: 2097152 op, 681109000.00 ns, 324.7781 ns/op
WorkloadActual  41: 2097152 op, 679337200.00 ns, 323.9332 ns/op
WorkloadActual  42: 2097152 op, 689312100.00 ns, 328.6896 ns/op
WorkloadActual  43: 2097152 op, 692384100.00 ns, 330.1545 ns/op
WorkloadActual  44: 2097152 op, 682915800.00 ns, 325.6396 ns/op
WorkloadActual  45: 2097152 op, 684405600.00 ns, 326.3500 ns/op
WorkloadActual  46: 2097152 op, 687233300.00 ns, 327.6984 ns/op
WorkloadActual  47: 2097152 op, 680272900.00 ns, 324.3794 ns/op
WorkloadActual  48: 2097152 op, 684186400.00 ns, 326.2455 ns/op
WorkloadActual  49: 2097152 op, 677990100.00 ns, 323.2909 ns/op
WorkloadActual  50: 2097152 op, 680779300.00 ns, 324.6209 ns/op
WorkloadActual  51: 2097152 op, 682937800.00 ns, 325.6501 ns/op
WorkloadActual  52: 2097152 op, 681300200.00 ns, 324.8693 ns/op
WorkloadActual  53: 2097152 op, 681508100.00 ns, 324.9684 ns/op
WorkloadActual  54: 2097152 op, 682473400.00 ns, 325.4287 ns/op
WorkloadActual  55: 2097152 op, 679494800.00 ns, 324.0084 ns/op
WorkloadActual  56: 2097152 op, 680665600.00 ns, 324.5667 ns/op
WorkloadActual  57: 2097152 op, 683473600.00 ns, 325.9056 ns/op
WorkloadActual  58: 2097152 op, 688146300.00 ns, 328.1337 ns/op
WorkloadActual  59: 2097152 op, 682309800.00 ns, 325.3507 ns/op
WorkloadActual  60: 2097152 op, 683029400.00 ns, 325.6938 ns/op
WorkloadActual  61: 2097152 op, 684220900.00 ns, 326.2619 ns/op
WorkloadActual  62: 2097152 op, 685856300.00 ns, 327.0418 ns/op
WorkloadActual  63: 2097152 op, 683665600.00 ns, 325.9972 ns/op
WorkloadActual  64: 2097152 op, 682468300.00 ns, 325.4262 ns/op
WorkloadActual  65: 2097152 op, 676446100.00 ns, 322.5546 ns/op
WorkloadActual  66: 2097152 op, 679903200.00 ns, 324.2031 ns/op
WorkloadActual  67: 2097152 op, 682947600.00 ns, 325.6548 ns/op
WorkloadActual  68: 2097152 op, 679765000.00 ns, 324.1372 ns/op
WorkloadActual  69: 2097152 op, 681921300.00 ns, 325.1654 ns/op
WorkloadActual  70: 2097152 op, 675693500.00 ns, 322.1958 ns/op
WorkloadActual  71: 2097152 op, 681562500.00 ns, 324.9943 ns/op
WorkloadActual  72: 2097152 op, 684663300.00 ns, 326.4729 ns/op
WorkloadActual  73: 2097152 op, 678874800.00 ns, 323.7127 ns/op
WorkloadActual  74: 2097152 op, 686888700.00 ns, 327.5341 ns/op
WorkloadActual  75: 2097152 op, 681047300.00 ns, 324.7487 ns/op
WorkloadActual  76: 2097152 op, 681999300.00 ns, 325.2026 ns/op
WorkloadActual  77: 2097152 op, 679894700.00 ns, 324.1991 ns/op
WorkloadActual  78: 2097152 op, 678606900.00 ns, 323.5850 ns/op
WorkloadActual  79: 2097152 op, 683172600.00 ns, 325.7621 ns/op
WorkloadActual  80: 2097152 op, 686283900.00 ns, 327.2457 ns/op
WorkloadActual  81: 2097152 op, 683252700.00 ns, 325.8003 ns/op
WorkloadActual  82: 2097152 op, 683121100.00 ns, 325.7375 ns/op
WorkloadActual  83: 2097152 op, 682156400.00 ns, 325.2775 ns/op
WorkloadActual  84: 2097152 op, 681513100.00 ns, 324.9708 ns/op
WorkloadActual  85: 2097152 op, 681954300.00 ns, 325.1812 ns/op
WorkloadActual  86: 2097152 op, 684945500.00 ns, 326.6075 ns/op
WorkloadActual  87: 2097152 op, 682096700.00 ns, 325.2491 ns/op
WorkloadActual  88: 2097152 op, 680664900.00 ns, 324.5663 ns/op
WorkloadActual  89: 2097152 op, 684579200.00 ns, 326.4328 ns/op
WorkloadActual  90: 2097152 op, 682696700.00 ns, 325.5352 ns/op
WorkloadActual  91: 2097152 op, 684798400.00 ns, 326.5373 ns/op
WorkloadActual  92: 2097152 op, 678080600.00 ns, 323.3340 ns/op
WorkloadActual  93: 2097152 op, 677843000.00 ns, 323.2207 ns/op
WorkloadActual  94: 2097152 op, 681701000.00 ns, 325.0604 ns/op
WorkloadActual  95: 2097152 op, 676920300.00 ns, 322.7808 ns/op
WorkloadActual  96: 2097152 op, 679572600.00 ns, 324.0455 ns/op
WorkloadActual  97: 2097152 op, 683319200.00 ns, 325.8320 ns/op
WorkloadActual  98: 2097152 op, 681259000.00 ns, 324.8496 ns/op
WorkloadActual  99: 2097152 op, 680681900.00 ns, 324.5744 ns/op
WorkloadActual  100: 2097152 op, 680284500.00 ns, 324.3849 ns/op

// AfterActualRun
WorkloadResult   1: 2097152 op, 684580800.00 ns, 326.4336 ns/op
WorkloadResult   2: 2097152 op, 676927100.00 ns, 322.7840 ns/op
WorkloadResult   3: 2097152 op, 671628200.00 ns, 320.2573 ns/op
WorkloadResult   4: 2097152 op, 671250200.00 ns, 320.0770 ns/op
WorkloadResult   5: 2097152 op, 674238100.00 ns, 321.5018 ns/op
WorkloadResult   6: 2097152 op, 681594900.00 ns, 325.0098 ns/op
WorkloadResult   7: 2097152 op, 675585200.00 ns, 322.1441 ns/op
WorkloadResult   8: 2097152 op, 679367100.00 ns, 323.9475 ns/op
WorkloadResult   9: 2097152 op, 678221900.00 ns, 323.4014 ns/op
WorkloadResult  10: 2097152 op, 677662200.00 ns, 323.1345 ns/op
WorkloadResult  11: 2097152 op, 677418900.00 ns, 323.0185 ns/op
WorkloadResult  12: 2097152 op, 676620800.00 ns, 322.6379 ns/op
WorkloadResult  13: 2097152 op, 678707000.00 ns, 323.6327 ns/op
WorkloadResult  14: 2097152 op, 673604900.00 ns, 321.1998 ns/op
WorkloadResult  15: 2097152 op, 676210700.00 ns, 322.4424 ns/op
WorkloadResult  16: 2097152 op, 679174900.00 ns, 323.8558 ns/op
WorkloadResult  17: 2097152 op, 677773900.00 ns, 323.1878 ns/op
WorkloadResult  18: 2097152 op, 671041800.00 ns, 319.9777 ns/op
WorkloadResult  19: 2097152 op, 677235600.00 ns, 322.9311 ns/op
WorkloadResult  20: 2097152 op, 672992200.00 ns, 320.9077 ns/op
WorkloadResult  21: 2097152 op, 676953100.00 ns, 322.7964 ns/op
WorkloadResult  22: 2097152 op, 679460500.00 ns, 323.9920 ns/op
WorkloadResult  23: 2097152 op, 679504900.00 ns, 324.0132 ns/op
WorkloadResult  24: 2097152 op, 675832100.00 ns, 322.2619 ns/op
WorkloadResult  25: 2097152 op, 678497900.00 ns, 323.5330 ns/op
WorkloadResult  26: 2097152 op, 678983800.00 ns, 323.7647 ns/op
WorkloadResult  27: 2097152 op, 675970000.00 ns, 322.3276 ns/op
WorkloadResult  28: 2097152 op, 682642400.00 ns, 325.5093 ns/op
WorkloadResult  29: 2097152 op, 684742900.00 ns, 326.5109 ns/op
WorkloadResult  30: 2097152 op, 677767100.00 ns, 323.1845 ns/op
WorkloadResult  31: 2097152 op, 680613000.00 ns, 324.5416 ns/op
WorkloadResult  32: 2097152 op, 678335200.00 ns, 323.4554 ns/op
WorkloadResult  33: 2097152 op, 680611300.00 ns, 324.5408 ns/op
WorkloadResult  34: 2097152 op, 677493900.00 ns, 323.0543 ns/op
WorkloadResult  35: 2097152 op, 679322800.00 ns, 323.9264 ns/op
WorkloadResult  36: 2097152 op, 677318700.00 ns, 322.9707 ns/op
WorkloadResult  37: 2097152 op, 678020500.00 ns, 323.3054 ns/op
WorkloadResult  38: 2097152 op, 678259300.00 ns, 323.4192 ns/op
WorkloadResult  39: 2097152 op, 681554000.00 ns, 324.9903 ns/op
WorkloadResult  40: 2097152 op, 678211600.00 ns, 323.3965 ns/op
WorkloadResult  41: 2097152 op, 676439800.00 ns, 322.5516 ns/op
WorkloadResult  42: 2097152 op, 680018400.00 ns, 324.2580 ns/op
WorkloadResult  43: 2097152 op, 681508200.00 ns, 324.9684 ns/op
WorkloadResult  44: 2097152 op, 684335900.00 ns, 326.3168 ns/op
WorkloadResult  45: 2097152 op, 677375500.00 ns, 322.9978 ns/op
WorkloadResult  46: 2097152 op, 681289000.00 ns, 324.8639 ns/op
WorkloadResult  47: 2097152 op, 675092700.00 ns, 321.9093 ns/op
WorkloadResult  48: 2097152 op, 677881900.00 ns, 323.2393 ns/op
WorkloadResult  49: 2097152 op, 680040400.00 ns, 324.2685 ns/op
WorkloadResult  50: 2097152 op, 678402800.00 ns, 323.4877 ns/op
WorkloadResult  51: 2097152 op, 678610700.00 ns, 323.5868 ns/op
WorkloadResult  52: 2097152 op, 679576000.00 ns, 324.0471 ns/op
WorkloadResult  53: 2097152 op, 676597400.00 ns, 322.6268 ns/op
WorkloadResult  54: 2097152 op, 677768200.00 ns, 323.1851 ns/op
WorkloadResult  55: 2097152 op, 680576200.00 ns, 324.5240 ns/op
WorkloadResult  56: 2097152 op, 685248900.00 ns, 326.7521 ns/op
WorkloadResult  57: 2097152 op, 679412400.00 ns, 323.9691 ns/op
WorkloadResult  58: 2097152 op, 680132000.00 ns, 324.3122 ns/op
WorkloadResult  59: 2097152 op, 681323500.00 ns, 324.8804 ns/op
WorkloadResult  60: 2097152 op, 682958900.00 ns, 325.6602 ns/op
WorkloadResult  61: 2097152 op, 680768200.00 ns, 324.6156 ns/op
WorkloadResult  62: 2097152 op, 679570900.00 ns, 324.0447 ns/op
WorkloadResult  63: 2097152 op, 673548700.00 ns, 321.1730 ns/op
WorkloadResult  64: 2097152 op, 677005800.00 ns, 322.8215 ns/op
WorkloadResult  65: 2097152 op, 680050200.00 ns, 324.2732 ns/op
WorkloadResult  66: 2097152 op, 676867600.00 ns, 322.7556 ns/op
WorkloadResult  67: 2097152 op, 679023900.00 ns, 323.7838 ns/op
WorkloadResult  68: 2097152 op, 672796100.00 ns, 320.8142 ns/op
WorkloadResult  69: 2097152 op, 678665100.00 ns, 323.6127 ns/op
WorkloadResult  70: 2097152 op, 681765900.00 ns, 325.0913 ns/op
WorkloadResult  71: 2097152 op, 675977400.00 ns, 322.3311 ns/op
WorkloadResult  72: 2097152 op, 683991300.00 ns, 326.1525 ns/op
WorkloadResult  73: 2097152 op, 678149900.00 ns, 323.3671 ns/op
WorkloadResult  74: 2097152 op, 679101900.00 ns, 323.8210 ns/op
WorkloadResult  75: 2097152 op, 676997300.00 ns, 322.8175 ns/op
WorkloadResult  76: 2097152 op, 675709500.00 ns, 322.2034 ns/op
WorkloadResult  77: 2097152 op, 680275200.00 ns, 324.3805 ns/op
WorkloadResult  78: 2097152 op, 683386500.00 ns, 325.8641 ns/op
WorkloadResult  79: 2097152 op, 680355300.00 ns, 324.4187 ns/op
WorkloadResult  80: 2097152 op, 680223700.00 ns, 324.3559 ns/op
WorkloadResult  81: 2097152 op, 679259000.00 ns, 323.8959 ns/op
WorkloadResult  82: 2097152 op, 678615700.00 ns, 323.5892 ns/op
WorkloadResult  83: 2097152 op, 679056900.00 ns, 323.7996 ns/op
WorkloadResult  84: 2097152 op, 682048100.00 ns, 325.2259 ns/op
WorkloadResult  85: 2097152 op, 679199300.00 ns, 323.8675 ns/op
WorkloadResult  86: 2097152 op, 677767500.00 ns, 323.1847 ns/op
WorkloadResult  87: 2097152 op, 681681800.00 ns, 325.0512 ns/op
WorkloadResult  88: 2097152 op, 679799300.00 ns, 324.1536 ns/op
WorkloadResult  89: 2097152 op, 681901000.00 ns, 325.1557 ns/op
WorkloadResult  90: 2097152 op, 675183200.00 ns, 321.9524 ns/op
WorkloadResult  91: 2097152 op, 674945600.00 ns, 321.8391 ns/op
WorkloadResult  92: 2097152 op, 678803600.00 ns, 323.6788 ns/op
WorkloadResult  93: 2097152 op, 674022900.00 ns, 321.3992 ns/op
WorkloadResult  94: 2097152 op, 676675200.00 ns, 322.6639 ns/op
WorkloadResult  95: 2097152 op, 680421800.00 ns, 324.4504 ns/op
WorkloadResult  96: 2097152 op, 678361600.00 ns, 323.4680 ns/op
WorkloadResult  97: 2097152 op, 677784500.00 ns, 323.1928 ns/op
WorkloadResult  98: 2097152 op, 677387100.00 ns, 323.0033 ns/op
// GC:  1 0 0 67109600 2097152
// Threading:  0 0 2097152

// AfterAll
// Benchmark Process 2300 has exited with code 0.

Mean = 323.537 ns, StdErr = 0.139 ns (0.04%), N = 98, StdDev = 1.376 ns
Min = 319.978 ns, Q1 = 322.802 ns, Median = 323.560 ns, Q3 = 324.345 ns, Max = 326.752 ns
IQR = 1.543 ns, LowerFence = 320.487 ns, UpperFence = 326.660 ns
ConfidenceInterval = [323.065 ns; 324.009 ns] (CI 99.9%), Margin = 0.472 ns (0.15% of Mean)
Skewness = -0.17, Kurtosis = 3.25, MValue = 2

// ** Remained 24 (80.0 %) benchmark(s) to run. Estimated finish 2026-08-06 18:47 (0h 26m from now) **
Setup power plan (GUID: 8c5e7fda-e8bf-4a96-9a85-a6e23a8c635c FriendlyName: Alto rendimiento)
// **************************
// Benchmark: A_SerializationBenchmarks.EricksonLopezOutbox_Serialize_Allocating: Job-FWMHQE(Toolchain=InProcessEmitToolchain) [PayloadSize=10240]
// *** Execute ***
// Launch: 1 / 1

// Benchmark Process Environment Information:
// BenchmarkDotNet v0.13.12
// Runtime=.NET 10.0.10 (10.0.1026.32716), X64 RyuJIT AVX-512F+CD+BW+DQ+VL+VBMI
// GC=Concurrent Workstation
// HardwareIntrinsics=AVX-512F+CD+BW+DQ+VL+VBMI,AES,BMI1,BMI2,FMA,LZCNT,PCLMUL,POPCNT,AvxVnni VectorSize=256
// Job: Job-FWMHQE(Toolchain=InProcessEmitToolchain)

OverheadJitting  1: 1 op, 161300.00 ns, 161.3000 us/op
WorkloadJitting  1: 1 op, 169700.00 ns, 169.7000 us/op

OverheadJitting  2: 16 op, 203400.00 ns, 12.7125 us/op
WorkloadJitting  2: 16 op, 197600.00 ns, 12.3500 us/op

WorkloadPilot    1: 16 op, 18000.00 ns, 1.1250 us/op
WorkloadPilot    2: 32 op, 34900.00 ns, 1.0906 us/op
WorkloadPilot    3: 64 op, 55100.00 ns, 860.9375 ns/op
WorkloadPilot    4: 128 op, 104900.00 ns, 819.5312 ns/op
WorkloadPilot    5: 256 op, 212800.00 ns, 831.2500 ns/op
WorkloadPilot    6: 512 op, 570700.00 ns, 1.1146 us/op
WorkloadPilot    7: 1024 op, 1667800.00 ns, 1.6287 us/op
WorkloadPilot    8: 2048 op, 3070300.00 ns, 1.4992 us/op
WorkloadPilot    9: 4096 op, 3897000.00 ns, 951.4160 ns/op
WorkloadPilot   10: 8192 op, 6402400.00 ns, 781.5430 ns/op
WorkloadPilot   11: 16384 op, 9998000.00 ns, 610.2295 ns/op
WorkloadPilot   12: 32768 op, 19077500.00 ns, 582.1991 ns/op
WorkloadPilot   13: 65536 op, 36800800.00 ns, 561.5356 ns/op
WorkloadPilot   14: 131072 op, 72338600.00 ns, 551.8997 ns/op
WorkloadPilot   15: 262144 op, 142113300.00 ns, 542.1192 ns/op
WorkloadPilot   16: 524288 op, 315792200.00 ns, 602.3258 ns/op
WorkloadPilot   17: 1048576 op, 613597200.00 ns, 585.1719 ns/op

OverheadWarmup   1: 1048576 op, 1637900.00 ns, 1.5620 ns/op
OverheadWarmup   2: 1048576 op, 1643300.00 ns, 1.5672 ns/op
OverheadWarmup   3: 1048576 op, 1629000.00 ns, 1.5535 ns/op
OverheadWarmup   4: 1048576 op, 1609600.00 ns, 1.5350 ns/op
OverheadWarmup   5: 1048576 op, 1657300.00 ns, 1.5805 ns/op
OverheadWarmup   6: 1048576 op, 1632700.00 ns, 1.5571 ns/op

OverheadActual   1: 1048576 op, 1612200.00 ns, 1.5375 ns/op
OverheadActual   2: 1048576 op, 1621700.00 ns, 1.5466 ns/op
OverheadActual   3: 1048576 op, 1609900.00 ns, 1.5353 ns/op
OverheadActual   4: 1048576 op, 1614300.00 ns, 1.5395 ns/op
OverheadActual   5: 1048576 op, 1610400.00 ns, 1.5358 ns/op
OverheadActual   6: 1048576 op, 1609800.00 ns, 1.5352 ns/op
OverheadActual   7: 1048576 op, 1672900.00 ns, 1.5954 ns/op
OverheadActual   8: 1048576 op, 1610800.00 ns, 1.5362 ns/op
OverheadActual   9: 1048576 op, 1618600.00 ns, 1.5436 ns/op
OverheadActual  10: 1048576 op, 1611000.00 ns, 1.5364 ns/op
OverheadActual  11: 1048576 op, 1633300.00 ns, 1.5576 ns/op
OverheadActual  12: 1048576 op, 1628500.00 ns, 1.5531 ns/op
OverheadActual  13: 1048576 op, 1622400.00 ns, 1.5472 ns/op
OverheadActual  14: 1048576 op, 1621500.00 ns, 1.5464 ns/op
OverheadActual  15: 1048576 op, 1618400.00 ns, 1.5434 ns/op

WorkloadWarmup   1: 1048576 op, 615561400.00 ns, 587.0451 ns/op
WorkloadWarmup   2: 1048576 op, 593392300.00 ns, 565.9030 ns/op
WorkloadWarmup   3: 1048576 op, 624575400.00 ns, 595.6415 ns/op
WorkloadWarmup   4: 1048576 op, 601348700.00 ns, 573.4908 ns/op
WorkloadWarmup   5: 1048576 op, 649316000.00 ns, 619.2360 ns/op
WorkloadWarmup   6: 1048576 op, 580368800.00 ns, 553.4828 ns/op

WorkloadActual   1: 1048576 op, 611499700.00 ns, 583.1716 ns/op
WorkloadActual   2: 1048576 op, 626099500.00 ns, 597.0950 ns/op
WorkloadActual   3: 1048576 op, 603449400.00 ns, 575.4942 ns/op
WorkloadActual   4: 1048576 op, 612275600.00 ns, 583.9115 ns/op
WorkloadActual   5: 1048576 op, 620525000.00 ns, 591.7788 ns/op
WorkloadActual   6: 1048576 op, 580664800.00 ns, 553.7651 ns/op
WorkloadActual   7: 1048576 op, 628954400.00 ns, 599.8177 ns/op
WorkloadActual   8: 1048576 op, 631403000.00 ns, 602.1528 ns/op
WorkloadActual   9: 1048576 op, 596500500.00 ns, 568.8672 ns/op
WorkloadActual  10: 1048576 op, 607301200.00 ns, 579.1676 ns/op
WorkloadActual  11: 1048576 op, 591514900.00 ns, 564.1126 ns/op
WorkloadActual  12: 1048576 op, 576339800.00 ns, 549.6405 ns/op
WorkloadActual  13: 1048576 op, 602747700.00 ns, 574.8250 ns/op
WorkloadActual  14: 1048576 op, 603038400.00 ns, 575.1022 ns/op
WorkloadActual  15: 1048576 op, 673482800.00 ns, 642.2832 ns/op
WorkloadActual  16: 1048576 op, 690966200.00 ns, 658.9567 ns/op
WorkloadActual  17: 1048576 op, 640263600.00 ns, 610.6030 ns/op
WorkloadActual  18: 1048576 op, 638913100.00 ns, 609.3150 ns/op
WorkloadActual  19: 1048576 op, 666918400.00 ns, 636.0229 ns/op
WorkloadActual  20: 1048576 op, 650546000.00 ns, 620.4090 ns/op
WorkloadActual  21: 1048576 op, 628804800.00 ns, 599.6750 ns/op
WorkloadActual  22: 1048576 op, 683187900.00 ns, 651.5388 ns/op
WorkloadActual  23: 1048576 op, 625780600.00 ns, 596.7909 ns/op
WorkloadActual  24: 1048576 op, 639601700.00 ns, 609.9717 ns/op
WorkloadActual  25: 1048576 op, 692952100.00 ns, 660.8506 ns/op
WorkloadActual  26: 1048576 op, 603407900.00 ns, 575.4546 ns/op
WorkloadActual  27: 1048576 op, 630803500.00 ns, 601.5811 ns/op
WorkloadActual  28: 1048576 op, 666886500.00 ns, 635.9925 ns/op
WorkloadActual  29: 1048576 op, 704699600.00 ns, 672.0539 ns/op
WorkloadActual  30: 1048576 op, 654438500.00 ns, 624.1212 ns/op
WorkloadActual  31: 1048576 op, 693750700.00 ns, 661.6122 ns/op
WorkloadActual  32: 1048576 op, 632015800.00 ns, 602.7372 ns/op
WorkloadActual  33: 1048576 op, 615599600.00 ns, 587.0815 ns/op
WorkloadActual  34: 1048576 op, 619326000.00 ns, 590.6353 ns/op
WorkloadActual  35: 1048576 op, 665580000.00 ns, 634.7466 ns/op
WorkloadActual  36: 1048576 op, 637604800.00 ns, 608.0673 ns/op
WorkloadActual  37: 1048576 op, 654331800.00 ns, 624.0194 ns/op
WorkloadActual  38: 1048576 op, 682703500.00 ns, 651.0768 ns/op
WorkloadActual  39: 1048576 op, 649156800.00 ns, 619.0842 ns/op
WorkloadActual  40: 1048576 op, 620114300.00 ns, 591.3871 ns/op
WorkloadActual  41: 1048576 op, 628165700.00 ns, 599.0655 ns/op
WorkloadActual  42: 1048576 op, 600033200.00 ns, 572.2363 ns/op
WorkloadActual  43: 1048576 op, 618639900.00 ns, 589.9810 ns/op
WorkloadActual  44: 1048576 op, 586952300.00 ns, 559.7613 ns/op
WorkloadActual  45: 1048576 op, 612031800.00 ns, 583.6790 ns/op
WorkloadActual  46: 1048576 op, 596756600.00 ns, 569.1114 ns/op
WorkloadActual  47: 1048576 op, 587598900.00 ns, 560.3780 ns/op
WorkloadActual  48: 1048576 op, 604152400.00 ns, 576.1646 ns/op
WorkloadActual  49: 1048576 op, 620331700.00 ns, 591.5944 ns/op
WorkloadActual  50: 1048576 op, 638630900.00 ns, 609.0459 ns/op
WorkloadActual  51: 1048576 op, 625631000.00 ns, 596.6482 ns/op
WorkloadActual  52: 1048576 op, 606496600.00 ns, 578.4002 ns/op
WorkloadActual  53: 1048576 op, 604710000.00 ns, 576.6964 ns/op
WorkloadActual  54: 1048576 op, 621451900.00 ns, 592.6627 ns/op
WorkloadActual  55: 1048576 op, 618251100.00 ns, 589.6102 ns/op
WorkloadActual  56: 1048576 op, 613144200.00 ns, 584.7399 ns/op
WorkloadActual  57: 1048576 op, 614903300.00 ns, 586.4175 ns/op
WorkloadActual  58: 1048576 op, 611994200.00 ns, 583.6432 ns/op

WorkloadResult   1: 1048576 op, 609881300.00 ns, 581.6281 ns/op
WorkloadResult   2: 1048576 op, 624481100.00 ns, 595.5516 ns/op
WorkloadResult   3: 1048576 op, 601831000.00 ns, 573.9508 ns/op
WorkloadResult   4: 1048576 op, 610657200.00 ns, 582.3681 ns/op
WorkloadResult   5: 1048576 op, 618906600.00 ns, 590.2353 ns/op
WorkloadResult   6: 1048576 op, 579046400.00 ns, 552.2217 ns/op
WorkloadResult   7: 1048576 op, 627336000.00 ns, 598.2742 ns/op
WorkloadResult   8: 1048576 op, 629784600.00 ns, 600.6094 ns/op
WorkloadResult   9: 1048576 op, 594882100.00 ns, 567.3238 ns/op
WorkloadResult  10: 1048576 op, 605682800.00 ns, 577.6241 ns/op
WorkloadResult  11: 1048576 op, 589896500.00 ns, 562.5691 ns/op
WorkloadResult  12: 1048576 op, 574721400.00 ns, 548.0970 ns/op
WorkloadResult  13: 1048576 op, 601129300.00 ns, 573.2816 ns/op
WorkloadResult  14: 1048576 op, 601420000.00 ns, 573.5588 ns/op
WorkloadResult  15: 1048576 op, 671864400.00 ns, 640.7398 ns/op
WorkloadResult  16: 1048576 op, 638645200.00 ns, 609.0595 ns/op
WorkloadResult  17: 1048576 op, 637294700.00 ns, 607.7716 ns/op
WorkloadResult  18: 1048576 op, 665300000.00 ns, 634.4795 ns/op
WorkloadResult  19: 1048576 op, 648927600.00 ns, 618.8656 ns/op
WorkloadResult  20: 1048576 op, 627186400.00 ns, 598.1316 ns/op
WorkloadResult  21: 1048576 op, 681569500.00 ns, 649.9953 ns/op
WorkloadResult  22: 1048576 op, 624162200.00 ns, 595.2475 ns/op
WorkloadResult  23: 1048576 op, 637983300.00 ns, 608.4283 ns/op
WorkloadResult  24: 1048576 op, 601789500.00 ns, 573.9112 ns/op
WorkloadResult  25: 1048576 op, 629185100.00 ns, 600.0377 ns/op
WorkloadResult  26: 1048576 op, 665268100.00 ns, 634.4491 ns/op
WorkloadResult  27: 1048576 op, 652820100.00 ns, 622.5778 ns/op
WorkloadResult  28: 1048576 op, 630397400.00 ns, 601.1938 ns/op
WorkloadResult  29: 1048576 op, 613981200.00 ns, 585.5381 ns/op
WorkloadResult  30: 1048576 op, 617707600.00 ns, 589.0919 ns/op
WorkloadResult  31: 1048576 op, 663961600.00 ns, 633.2031 ns/op
WorkloadResult  32: 1048576 op, 635986400.00 ns, 606.5239 ns/op
WorkloadResult  33: 1048576 op, 652713400.00 ns, 622.4760 ns/op
WorkloadResult  34: 1048576 op, 681085100.00 ns, 649.5334 ns/op
WorkloadResult  35: 1048576 op, 647538400.00 ns, 617.5407 ns/op
WorkloadResult  36: 1048576 op, 618495900.00 ns, 589.8437 ns/op
WorkloadResult  37: 1048576 op, 626547300.00 ns, 597.5221 ns/op
WorkloadResult  38: 1048576 op, 598414800.00 ns, 570.6928 ns/op
WorkloadResult  39: 1048576 op, 617021500.00 ns, 588.4376 ns/op
WorkloadResult  40: 1048576 op, 585333900.00 ns, 558.2179 ns/op
WorkloadResult  41: 1048576 op, 610413400.00 ns, 582.1356 ns/op
WorkloadResult  42: 1048576 op, 595138200.00 ns, 567.5680 ns/op
WorkloadResult  43: 1048576 op, 585980500.00 ns, 558.8346 ns/op
WorkloadResult  44: 1048576 op, 602534000.00 ns, 574.6212 ns/op
WorkloadResult  45: 1048576 op, 618713300.00 ns, 590.0510 ns/op
WorkloadResult  46: 1048576 op, 637012500.00 ns, 607.5025 ns/op
WorkloadResult  47: 1048576 op, 624012600.00 ns, 595.1048 ns/op
WorkloadResult  48: 1048576 op, 604878200.00 ns, 576.8568 ns/op
WorkloadResult  49: 1048576 op, 603091600.00 ns, 575.1530 ns/op
WorkloadResult  50: 1048576 op, 619833500.00 ns, 591.1193 ns/op
WorkloadResult  51: 1048576 op, 616632700.00 ns, 588.0668 ns/op
WorkloadResult  52: 1048576 op, 611525800.00 ns, 583.1964 ns/op
WorkloadResult  53: 1048576 op, 613284900.00 ns, 584.8741 ns/op
WorkloadResult  54: 1048576 op, 610375800.00 ns, 582.0997 ns/op
// GC:  215 8 0 10821310048 1048576
// Threading:  0 0 1048576


Mean = 593.296 ns, StdErr = 3.258 ns (0.55%), N = 54, StdDev = 23.942 ns
Min = 548.097 ns, Q1 = 575.579 ns, Median = 589.947 ns, Q3 = 607.258 ns, Max = 649.995 ns
IQR = 31.679 ns, LowerFence = 528.061 ns, UpperFence = 654.776 ns
ConfidenceInterval = [581.945 ns; 604.647 ns] (CI 99.9%), Margin = 11.351 ns (1.91% of Mean)
Skewness = 0.52, Kurtosis = 2.77, MValue = 2

// ** Remained 23 (76.7 %) benchmark(s) to run. Estimated finish 2026-08-06 18:46 (0h 24m from now) **
Setup power plan (GUID: 8c5e7fda-e8bf-4a96-9a85-a6e23a8c635c FriendlyName: Alto rendimiento)
// **************************
// Benchmark: A_SerializationBenchmarks.EricksonLopezOutbox_Serialize_BufferWriter: Job-FWMHQE(Toolchain=InProcessEmitToolchain) [PayloadSize=10240]
// *** Execute ***
// Launch: 1 / 1

// Benchmark Process Environment Information:
// BenchmarkDotNet v0.13.12
// Runtime=.NET 10.0.10 (10.0.1026.32716), X64 RyuJIT AVX-512F+CD+BW+DQ+VL+VBMI
// GC=Concurrent Workstation
// HardwareIntrinsics=AVX-512F+CD+BW+DQ+VL+VBMI,AES,BMI1,BMI2,FMA,LZCNT,PCLMUL,POPCNT,AvxVnni VectorSize=256
// Job: Job-FWMHQE(Toolchain=InProcessEmitToolchain)

OverheadJitting  1: 1 op, 135100.00 ns, 135.1000 us/op
WorkloadJitting  1: 1 op, 110800.00 ns, 110.8000 us/op

OverheadJitting  2: 16 op, 147700.00 ns, 9.2312 us/op
WorkloadJitting  2: 16 op, 181200.00 ns, 11.3250 us/op

WorkloadPilot    1: 16 op, 9500.00 ns, 593.7500 ns/op
WorkloadPilot    2: 32 op, 13800.00 ns, 431.2500 ns/op
WorkloadPilot    3: 64 op, 22700.00 ns, 354.6875 ns/op
WorkloadPilot    4: 128 op, 45300.00 ns, 353.9062 ns/op
WorkloadPilot    5: 256 op, 87700.00 ns, 342.5781 ns/op
WorkloadPilot    6: 512 op, 173200.00 ns, 338.2812 ns/op
WorkloadPilot    7: 1024 op, 343000.00 ns, 334.9609 ns/op
WorkloadPilot    8: 2048 op, 681300.00 ns, 332.6660 ns/op
WorkloadPilot    9: 4096 op, 1355900.00 ns, 331.0303 ns/op
WorkloadPilot   10: 8192 op, 2789800.00 ns, 340.5518 ns/op
WorkloadPilot   11: 16384 op, 5639200.00 ns, 344.1895 ns/op
WorkloadPilot   12: 32768 op, 11168700.00 ns, 340.8417 ns/op
WorkloadPilot   13: 65536 op, 22330600.00 ns, 340.7379 ns/op
WorkloadPilot   14: 131072 op, 44958700.00 ns, 343.0077 ns/op
WorkloadPilot   15: 262144 op, 89269600.00 ns, 340.5365 ns/op
WorkloadPilot   16: 524288 op, 186549800.00 ns, 355.8155 ns/op
WorkloadPilot   17: 1048576 op, 357194700.00 ns, 340.6474 ns/op
WorkloadPilot   18: 2097152 op, 714493700.00 ns, 340.6971 ns/op

OverheadWarmup   1: 2097152 op, 3232400.00 ns, 1.5413 ns/op
OverheadWarmup   2: 2097152 op, 3215600.00 ns, 1.5333 ns/op
OverheadWarmup   3: 2097152 op, 3274400.00 ns, 1.5614 ns/op
OverheadWarmup   4: 2097152 op, 3213800.00 ns, 1.5325 ns/op
OverheadWarmup   5: 2097152 op, 3214600.00 ns, 1.5328 ns/op
OverheadWarmup   6: 2097152 op, 3214800.00 ns, 1.5329 ns/op
OverheadWarmup   7: 2097152 op, 3242200.00 ns, 1.5460 ns/op
OverheadWarmup   8: 2097152 op, 3224900.00 ns, 1.5378 ns/op

OverheadActual   1: 2097152 op, 3216100.00 ns, 1.5336 ns/op
OverheadActual   2: 2097152 op, 3234200.00 ns, 1.5422 ns/op
OverheadActual   3: 2097152 op, 3217700.00 ns, 1.5343 ns/op
OverheadActual   4: 2097152 op, 3231400.00 ns, 1.5409 ns/op
OverheadActual   5: 2097152 op, 3246700.00 ns, 1.5481 ns/op
OverheadActual   6: 2097152 op, 3254000.00 ns, 1.5516 ns/op
OverheadActual   7: 2097152 op, 3218800.00 ns, 1.5348 ns/op
OverheadActual   8: 2097152 op, 3227400.00 ns, 1.5389 ns/op
OverheadActual   9: 2097152 op, 3272100.00 ns, 1.5603 ns/op
OverheadActual  10: 2097152 op, 3219900.00 ns, 1.5354 ns/op
OverheadActual  11: 2097152 op, 3213200.00 ns, 1.5322 ns/op
OverheadActual  12: 2097152 op, 3240700.00 ns, 1.5453 ns/op
OverheadActual  13: 2097152 op, 3237900.00 ns, 1.5440 ns/op
OverheadActual  14: 2097152 op, 3215300.00 ns, 1.5332 ns/op
OverheadActual  15: 2097152 op, 3333800.00 ns, 1.5897 ns/op

WorkloadWarmup   1: 2097152 op, 708961400.00 ns, 338.0591 ns/op
WorkloadWarmup   2: 2097152 op, 705969300.00 ns, 336.6324 ns/op
WorkloadWarmup   3: 2097152 op, 712814400.00 ns, 339.8964 ns/op
WorkloadWarmup   4: 2097152 op, 704576100.00 ns, 335.9681 ns/op
WorkloadWarmup   5: 2097152 op, 702462500.00 ns, 334.9602 ns/op
WorkloadWarmup   6: 2097152 op, 699345300.00 ns, 333.4738 ns/op
WorkloadWarmup   7: 2097152 op, 710124500.00 ns, 338.6137 ns/op
WorkloadWarmup   8: 2097152 op, 706041800.00 ns, 336.6670 ns/op

WorkloadActual   1: 2097152 op, 706134000.00 ns, 336.7109 ns/op
WorkloadActual   2: 2097152 op, 703071300.00 ns, 335.2505 ns/op
WorkloadActual   3: 2097152 op, 700720400.00 ns, 334.1295 ns/op
WorkloadActual   4: 2097152 op, 713049700.00 ns, 340.0086 ns/op
WorkloadActual   5: 2097152 op, 710105500.00 ns, 338.6047 ns/op
WorkloadActual   6: 2097152 op, 709372200.00 ns, 338.2550 ns/op
WorkloadActual   7: 2097152 op, 712497800.00 ns, 339.7454 ns/op
WorkloadActual   8: 2097152 op, 711109500.00 ns, 339.0834 ns/op
WorkloadActual   9: 2097152 op, 712199100.00 ns, 339.6030 ns/op
WorkloadActual  10: 2097152 op, 713252000.00 ns, 340.1051 ns/op
WorkloadActual  11: 2097152 op, 711957800.00 ns, 339.4879 ns/op
WorkloadActual  12: 2097152 op, 709990400.00 ns, 338.5498 ns/op
WorkloadActual  13: 2097152 op, 712810100.00 ns, 339.8943 ns/op
WorkloadActual  14: 2097152 op, 706018400.00 ns, 336.6558 ns/op
WorkloadActual  15: 2097152 op, 709585600.00 ns, 338.3568 ns/op

WorkloadResult   1: 2097152 op, 702902600.00 ns, 335.1701 ns/op
WorkloadResult   2: 2097152 op, 699839900.00 ns, 333.7097 ns/op
WorkloadResult   3: 2097152 op, 697489000.00 ns, 332.5887 ns/op
WorkloadResult   4: 2097152 op, 709818300.00 ns, 338.4677 ns/op
WorkloadResult   5: 2097152 op, 706874100.00 ns, 337.0638 ns/op
WorkloadResult   6: 2097152 op, 706140800.00 ns, 336.7142 ns/op
WorkloadResult   7: 2097152 op, 709266400.00 ns, 338.2046 ns/op
WorkloadResult   8: 2097152 op, 707878100.00 ns, 337.5426 ns/op
WorkloadResult   9: 2097152 op, 708967700.00 ns, 338.0621 ns/op
WorkloadResult  10: 2097152 op, 710020600.00 ns, 338.5642 ns/op
WorkloadResult  11: 2097152 op, 708726400.00 ns, 337.9471 ns/op
WorkloadResult  12: 2097152 op, 706759000.00 ns, 337.0090 ns/op
WorkloadResult  13: 2097152 op, 709578700.00 ns, 338.3535 ns/op
WorkloadResult  14: 2097152 op, 702787000.00 ns, 335.1150 ns/op
WorkloadResult  15: 2097152 op, 706354200.00 ns, 336.8159 ns/op
// GC:  1 0 0 67114592 2097152
// Threading:  0 0 2097152


Mean = 336.755 ns, StdErr = 0.471 ns (0.14%), N = 15, StdDev = 1.825 ns
Min = 332.589 ns, Q1 = 335.942 ns, Median = 337.064 ns, Q3 = 338.133 ns, Max = 338.564 ns
IQR = 2.191 ns, LowerFence = 332.655 ns, UpperFence = 341.420 ns
ConfidenceInterval = [334.805 ns; 338.706 ns] (CI 99.9%), Margin = 1.951 ns (0.58% of Mean)
Skewness = -0.95, Kurtosis = 2.63, MValue = 2

// ** Remained 22 (73.3 %) benchmark(s) to run. Estimated finish 2026-08-06 18:43 (0h 21m from now) **
Setup power plan (GUID: 8c5e7fda-e8bf-4a96-9a85-a6e23a8c635c FriendlyName: Alto rendimiento)
// **************************
// Benchmark: A_SerializationBenchmarks.EricksonLopezOutbox_Serialize_Allocating: Job-OUHNJV(IterationCount=100, WarmupCount=20) [PayloadSize=102400]
// *** Execute ***
// Launch: 1 / 1
// Execute: dotnet 7284c0d0-c932-4332-801f-2c62674b8ef9.dll --anonymousPipes 1148 1152 --benchmarkName "EricksonLopez.Outbox.Benchmarks.A_SerializationBenchmarks.EricksonLopezOutbox_Serialize_Allocating(PayloadSize: 102400)" --job "IterationCount=100, WarmupCount=20" --benchmarkId 4 in D:\DevData\ericksonlopez.dev\dotnet-outbox\benchmarks\EricksonLopez.Outbox.Benchmarks\bin\Release\net10.0\7284c0d0-c932-4332-801f-2c62674b8ef9\bin\Release\net10.0
// BeforeAnythingElse

// Benchmark Process Environment Information:
// BenchmarkDotNet v0.13.12
// Runtime=.NET 10.0.10 (10.0.1026.32716), X64 RyuJIT AVX-512F+CD+BW+DQ+VL+VBMI
// GC=Concurrent Workstation
// HardwareIntrinsics=AVX-512F+CD+BW+DQ+VL+VBMI,AES,BMI1,BMI2,FMA,LZCNT,PCLMUL,POPCNT,AvxVnni VectorSize=256
// Job: Job-EAOFUO(IterationCount=100, WarmupCount=20)

OverheadJitting  1: 1 op, 218800.00 ns, 218.8000 us/op
WorkloadJitting  1: 1 op, 12090000.00 ns, 12.0900 ms/op

OverheadJitting  2: 16 op, 203900.00 ns, 12.7438 us/op
WorkloadJitting  2: 16 op, 1894100.00 ns, 118.3812 us/op

WorkloadPilot    1: 16 op, 679600.00 ns, 42.4750 us/op
WorkloadPilot    2: 32 op, 1364900.00 ns, 42.6531 us/op
WorkloadPilot    3: 64 op, 1958900.00 ns, 30.6078 us/op
WorkloadPilot    4: 128 op, 3107400.00 ns, 24.2766 us/op
WorkloadPilot    5: 256 op, 5490600.00 ns, 21.4477 us/op
WorkloadPilot    6: 512 op, 10071700.00 ns, 19.6713 us/op
WorkloadPilot    7: 1024 op, 19260600.00 ns, 18.8092 us/op
WorkloadPilot    8: 2048 op, 40279700.00 ns, 19.6678 us/op
WorkloadPilot    9: 4096 op, 75330900.00 ns, 18.3913 us/op
WorkloadPilot   10: 8192 op, 101916100.00 ns, 12.4409 us/op
WorkloadPilot   11: 16384 op, 99578900.00 ns, 6.0778 us/op
WorkloadPilot   12: 32768 op, 200768700.00 ns, 6.1270 us/op
WorkloadPilot   13: 65536 op, 400005700.00 ns, 6.1036 us/op
WorkloadPilot   14: 131072 op, 771340200.00 ns, 5.8849 us/op

OverheadWarmup   1: 131072 op, 190200.00 ns, 1.4511 ns/op
OverheadWarmup   2: 131072 op, 187300.00 ns, 1.4290 ns/op
OverheadWarmup   3: 131072 op, 190800.00 ns, 1.4557 ns/op
OverheadWarmup   4: 131072 op, 187000.00 ns, 1.4267 ns/op
OverheadWarmup   5: 131072 op, 189400.00 ns, 1.4450 ns/op
OverheadWarmup   6: 131072 op, 186800.00 ns, 1.4252 ns/op

OverheadActual   1: 131072 op, 186700.00 ns, 1.4244 ns/op
OverheadActual   2: 131072 op, 190500.00 ns, 1.4534 ns/op
OverheadActual   3: 131072 op, 190300.00 ns, 1.4519 ns/op
OverheadActual   4: 131072 op, 187400.00 ns, 1.4297 ns/op
OverheadActual   5: 131072 op, 186100.00 ns, 1.4198 ns/op
OverheadActual   6: 131072 op, 186700.00 ns, 1.4244 ns/op
OverheadActual   7: 131072 op, 188000.00 ns, 1.4343 ns/op
OverheadActual   8: 131072 op, 191800.00 ns, 1.4633 ns/op
OverheadActual   9: 131072 op, 191100.00 ns, 1.4580 ns/op
OverheadActual  10: 131072 op, 213600.00 ns, 1.6296 ns/op
OverheadActual  11: 131072 op, 186300.00 ns, 1.4214 ns/op
OverheadActual  12: 131072 op, 202300.00 ns, 1.5434 ns/op
OverheadActual  13: 131072 op, 193100.00 ns, 1.4732 ns/op
OverheadActual  14: 131072 op, 185600.00 ns, 1.4160 ns/op
OverheadActual  15: 131072 op, 186400.00 ns, 1.4221 ns/op

WorkloadWarmup   1: 131072 op, 810340300.00 ns, 6.1824 us/op
WorkloadWarmup   2: 131072 op, 798066600.00 ns, 6.0888 us/op
WorkloadWarmup   3: 131072 op, 823780500.00 ns, 6.2849 us/op
WorkloadWarmup   4: 131072 op, 803510700.00 ns, 6.1303 us/op
WorkloadWarmup   5: 131072 op, 820953400.00 ns, 6.2634 us/op
WorkloadWarmup   6: 131072 op, 799919900.00 ns, 6.1029 us/op
WorkloadWarmup   7: 131072 op, 815813300.00 ns, 6.2242 us/op
WorkloadWarmup   8: 131072 op, 816709300.00 ns, 6.2310 us/op
WorkloadWarmup   9: 131072 op, 790270400.00 ns, 6.0293 us/op
WorkloadWarmup  10: 131072 op, 808308100.00 ns, 6.1669 us/op
WorkloadWarmup  11: 131072 op, 784876400.00 ns, 5.9881 us/op
WorkloadWarmup  12: 131072 op, 781141300.00 ns, 5.9596 us/op
WorkloadWarmup  13: 131072 op, 774220200.00 ns, 5.9068 us/op
WorkloadWarmup  14: 131072 op, 787704900.00 ns, 6.0097 us/op
WorkloadWarmup  15: 131072 op, 790653700.00 ns, 6.0322 us/op
WorkloadWarmup  16: 131072 op, 784304700.00 ns, 5.9838 us/op
WorkloadWarmup  17: 131072 op, 799027900.00 ns, 6.0961 us/op
WorkloadWarmup  18: 131072 op, 784875100.00 ns, 5.9881 us/op
WorkloadWarmup  19: 131072 op, 783421000.00 ns, 5.9770 us/op
WorkloadWarmup  20: 131072 op, 783940400.00 ns, 5.9810 us/op

// BeforeActualRun
WorkloadActual   1: 131072 op, 804554400.00 ns, 6.1383 us/op
WorkloadActual   2: 131072 op, 794871000.00 ns, 6.0644 us/op
WorkloadActual   3: 131072 op, 786785900.00 ns, 6.0027 us/op
WorkloadActual   4: 131072 op, 778937600.00 ns, 5.9428 us/op
WorkloadActual   5: 131072 op, 804427700.00 ns, 6.1373 us/op
WorkloadActual   6: 131072 op, 783478500.00 ns, 5.9775 us/op
WorkloadActual   7: 131072 op, 781487100.00 ns, 5.9623 us/op
WorkloadActual   8: 131072 op, 784046600.00 ns, 5.9818 us/op
WorkloadActual   9: 131072 op, 775751700.00 ns, 5.9185 us/op
WorkloadActual  10: 131072 op, 779711800.00 ns, 5.9487 us/op
WorkloadActual  11: 131072 op, 775068700.00 ns, 5.9133 us/op
WorkloadActual  12: 131072 op, 777295300.00 ns, 5.9303 us/op
WorkloadActual  13: 131072 op, 793176400.00 ns, 6.0515 us/op
WorkloadActual  14: 131072 op, 799029000.00 ns, 6.0961 us/op
WorkloadActual  15: 131072 op, 817050200.00 ns, 6.2336 us/op
WorkloadActual  16: 131072 op, 797216300.00 ns, 6.0823 us/op
WorkloadActual  17: 131072 op, 777789300.00 ns, 5.9341 us/op
WorkloadActual  18: 131072 op, 781538600.00 ns, 5.9627 us/op
WorkloadActual  19: 131072 op, 788043900.00 ns, 6.0123 us/op
WorkloadActual  20: 131072 op, 789431400.00 ns, 6.0229 us/op
WorkloadActual  21: 131072 op, 774017700.00 ns, 5.9053 us/op
WorkloadActual  22: 131072 op, 787711800.00 ns, 6.0098 us/op
WorkloadActual  23: 131072 op, 786522000.00 ns, 6.0007 us/op
WorkloadActual  24: 131072 op, 800130000.00 ns, 6.1045 us/op
WorkloadActual  25: 131072 op, 779721900.00 ns, 5.9488 us/op
WorkloadActual  26: 131072 op, 783970500.00 ns, 5.9812 us/op
WorkloadActual  27: 131072 op, 790000300.00 ns, 6.0272 us/op
WorkloadActual  28: 131072 op, 774714100.00 ns, 5.9106 us/op
WorkloadActual  29: 131072 op, 782260000.00 ns, 5.9682 us/op
WorkloadActual  30: 131072 op, 794212800.00 ns, 6.0594 us/op
WorkloadActual  31: 131072 op, 779453600.00 ns, 5.9468 us/op
WorkloadActual  32: 131072 op, 781764600.00 ns, 5.9644 us/op
WorkloadActual  33: 131072 op, 790021600.00 ns, 6.0274 us/op
WorkloadActual  34: 131072 op, 800925800.00 ns, 6.1106 us/op
WorkloadActual  35: 131072 op, 797361400.00 ns, 6.0834 us/op
WorkloadActual  36: 131072 op, 790371000.00 ns, 6.0301 us/op
WorkloadActual  37: 131072 op, 793932700.00 ns, 6.0572 us/op
WorkloadActual  38: 131072 op, 826813100.00 ns, 6.3081 us/op
WorkloadActual  39: 131072 op, 801747900.00 ns, 6.1169 us/op
WorkloadActual  40: 131072 op, 805499600.00 ns, 6.1455 us/op
WorkloadActual  41: 131072 op, 806174500.00 ns, 6.1506 us/op
WorkloadActual  42: 131072 op, 825757600.00 ns, 6.3000 us/op
WorkloadActual  43: 131072 op, 797085800.00 ns, 6.0813 us/op
WorkloadActual  44: 131072 op, 814288600.00 ns, 6.2125 us/op
WorkloadActual  45: 131072 op, 805508800.00 ns, 6.1455 us/op
WorkloadActual  46: 131072 op, 795214900.00 ns, 6.0670 us/op
WorkloadActual  47: 131072 op, 790200600.00 ns, 6.0288 us/op
WorkloadActual  48: 131072 op, 776588000.00 ns, 5.9249 us/op
WorkloadActual  49: 131072 op, 788478200.00 ns, 6.0156 us/op
WorkloadActual  50: 131072 op, 808570200.00 ns, 6.1689 us/op
WorkloadActual  51: 131072 op, 800618700.00 ns, 6.1082 us/op
WorkloadActual  52: 131072 op, 811190200.00 ns, 6.1889 us/op
WorkloadActual  53: 131072 op, 799842200.00 ns, 6.1023 us/op
WorkloadActual  54: 131072 op, 804910200.00 ns, 6.1410 us/op
WorkloadActual  55: 131072 op, 793506800.00 ns, 6.0540 us/op
WorkloadActual  56: 131072 op, 791866900.00 ns, 6.0415 us/op
WorkloadActual  57: 131072 op, 779673000.00 ns, 5.9484 us/op
WorkloadActual  58: 131072 op, 793093000.00 ns, 6.0508 us/op
WorkloadActual  59: 131072 op, 802860600.00 ns, 6.1253 us/op
WorkloadActual  60: 131072 op, 812770700.00 ns, 6.2009 us/op
WorkloadActual  61: 131072 op, 798818400.00 ns, 6.0945 us/op
WorkloadActual  62: 131072 op, 788736300.00 ns, 6.0176 us/op
WorkloadActual  63: 131072 op, 809420600.00 ns, 6.1754 us/op
WorkloadActual  64: 131072 op, 796702500.00 ns, 6.0784 us/op
WorkloadActual  65: 131072 op, 806686600.00 ns, 6.1545 us/op
WorkloadActual  66: 131072 op, 802422700.00 ns, 6.1220 us/op
WorkloadActual  67: 131072 op, 803164000.00 ns, 6.1277 us/op
WorkloadActual  68: 131072 op, 795774900.00 ns, 6.0713 us/op
WorkloadActual  69: 131072 op, 805624100.00 ns, 6.1464 us/op
WorkloadActual  70: 131072 op, 793482800.00 ns, 6.0538 us/op
WorkloadActual  71: 131072 op, 791869900.00 ns, 6.0415 us/op
WorkloadActual  72: 131072 op, 790231900.00 ns, 6.0290 us/op
WorkloadActual  73: 131072 op, 767435300.00 ns, 5.8551 us/op
WorkloadActual  74: 131072 op, 765619600.00 ns, 5.8412 us/op
WorkloadActual  75: 131072 op, 771951200.00 ns, 5.8895 us/op
WorkloadActual  76: 131072 op, 771514100.00 ns, 5.8862 us/op
WorkloadActual  77: 131072 op, 783624400.00 ns, 5.9786 us/op
WorkloadActual  78: 131072 op, 780454700.00 ns, 5.9544 us/op
WorkloadActual  79: 131072 op, 766761200.00 ns, 5.8499 us/op
WorkloadActual  80: 131072 op, 777112600.00 ns, 5.9289 us/op
WorkloadActual  81: 131072 op, 778542400.00 ns, 5.9398 us/op
WorkloadActual  82: 131072 op, 775728500.00 ns, 5.9183 us/op
WorkloadActual  83: 131072 op, 780913800.00 ns, 5.9579 us/op
WorkloadActual  84: 131072 op, 772747600.00 ns, 5.8956 us/op
WorkloadActual  85: 131072 op, 772405500.00 ns, 5.8930 us/op
WorkloadActual  86: 131072 op, 772870000.00 ns, 5.8965 us/op
WorkloadActual  87: 131072 op, 777587400.00 ns, 5.9325 us/op
WorkloadActual  88: 131072 op, 770909100.00 ns, 5.8816 us/op
WorkloadActual  89: 131072 op, 774515600.00 ns, 5.9091 us/op
WorkloadActual  90: 131072 op, 779426500.00 ns, 5.9466 us/op
WorkloadActual  91: 131072 op, 777780700.00 ns, 5.9340 us/op
WorkloadActual  92: 131072 op, 768964900.00 ns, 5.8667 us/op
WorkloadActual  93: 131072 op, 766377900.00 ns, 5.8470 us/op
WorkloadActual  94: 131072 op, 769457300.00 ns, 5.8705 us/op
WorkloadActual  95: 131072 op, 766939100.00 ns, 5.8513 us/op
WorkloadActual  96: 131072 op, 777845700.00 ns, 5.9345 us/op
WorkloadActual  97: 131072 op, 766810800.00 ns, 5.8503 us/op
WorkloadActual  98: 131072 op, 772329000.00 ns, 5.8924 us/op
WorkloadActual  99: 131072 op, 777545700.00 ns, 5.9322 us/op
WorkloadActual  100: 131072 op, 777280000.00 ns, 5.9302 us/op

// AfterActualRun
WorkloadResult   1: 131072 op, 804366400.00 ns, 6.1368 us/op
WorkloadResult   2: 131072 op, 794683000.00 ns, 6.0630 us/op
WorkloadResult   3: 131072 op, 786597900.00 ns, 6.0013 us/op
WorkloadResult   4: 131072 op, 778749600.00 ns, 5.9414 us/op
WorkloadResult   5: 131072 op, 804239700.00 ns, 6.1359 us/op
WorkloadResult   6: 131072 op, 783290500.00 ns, 5.9760 us/op
WorkloadResult   7: 131072 op, 781299100.00 ns, 5.9608 us/op
WorkloadResult   8: 131072 op, 783858600.00 ns, 5.9804 us/op
WorkloadResult   9: 131072 op, 775563700.00 ns, 5.9171 us/op
WorkloadResult  10: 131072 op, 779523800.00 ns, 5.9473 us/op
WorkloadResult  11: 131072 op, 774880700.00 ns, 5.9119 us/op
WorkloadResult  12: 131072 op, 777107300.00 ns, 5.9289 us/op
WorkloadResult  13: 131072 op, 792988400.00 ns, 6.0500 us/op
WorkloadResult  14: 131072 op, 798841000.00 ns, 6.0947 us/op
WorkloadResult  15: 131072 op, 816862200.00 ns, 6.2322 us/op
WorkloadResult  16: 131072 op, 797028300.00 ns, 6.0808 us/op
WorkloadResult  17: 131072 op, 777601300.00 ns, 5.9326 us/op
WorkloadResult  18: 131072 op, 781350600.00 ns, 5.9612 us/op
WorkloadResult  19: 131072 op, 787855900.00 ns, 6.0109 us/op
WorkloadResult  20: 131072 op, 789243400.00 ns, 6.0214 us/op
WorkloadResult  21: 131072 op, 773829700.00 ns, 5.9039 us/op
WorkloadResult  22: 131072 op, 787523800.00 ns, 6.0083 us/op
WorkloadResult  23: 131072 op, 786334000.00 ns, 5.9993 us/op
WorkloadResult  24: 131072 op, 799942000.00 ns, 6.1031 us/op
WorkloadResult  25: 131072 op, 779533900.00 ns, 5.9474 us/op
WorkloadResult  26: 131072 op, 783782500.00 ns, 5.9798 us/op
WorkloadResult  27: 131072 op, 789812300.00 ns, 6.0258 us/op
WorkloadResult  28: 131072 op, 774526100.00 ns, 5.9092 us/op
WorkloadResult  29: 131072 op, 782072000.00 ns, 5.9667 us/op
WorkloadResult  30: 131072 op, 794024800.00 ns, 6.0579 us/op
WorkloadResult  31: 131072 op, 779265600.00 ns, 5.9453 us/op
WorkloadResult  32: 131072 op, 781576600.00 ns, 5.9630 us/op
WorkloadResult  33: 131072 op, 789833600.00 ns, 6.0260 us/op
WorkloadResult  34: 131072 op, 800737800.00 ns, 6.1091 us/op
WorkloadResult  35: 131072 op, 797173400.00 ns, 6.0820 us/op
WorkloadResult  36: 131072 op, 790183000.00 ns, 6.0286 us/op
WorkloadResult  37: 131072 op, 793744700.00 ns, 6.0558 us/op
WorkloadResult  38: 131072 op, 826625100.00 ns, 6.3066 us/op
WorkloadResult  39: 131072 op, 801559900.00 ns, 6.1154 us/op
WorkloadResult  40: 131072 op, 805311600.00 ns, 6.1440 us/op
WorkloadResult  41: 131072 op, 805986500.00 ns, 6.1492 us/op
WorkloadResult  42: 131072 op, 825569600.00 ns, 6.2986 us/op
WorkloadResult  43: 131072 op, 796897800.00 ns, 6.0798 us/op
WorkloadResult  44: 131072 op, 814100600.00 ns, 6.2111 us/op
WorkloadResult  45: 131072 op, 805320800.00 ns, 6.1441 us/op
WorkloadResult  46: 131072 op, 795026900.00 ns, 6.0656 us/op
WorkloadResult  47: 131072 op, 790012600.00 ns, 6.0273 us/op
WorkloadResult  48: 131072 op, 776400000.00 ns, 5.9235 us/op
WorkloadResult  49: 131072 op, 788290200.00 ns, 6.0142 us/op
WorkloadResult  50: 131072 op, 808382200.00 ns, 6.1675 us/op
WorkloadResult  51: 131072 op, 800430700.00 ns, 6.1068 us/op
WorkloadResult  52: 131072 op, 811002200.00 ns, 6.1875 us/op
WorkloadResult  53: 131072 op, 799654200.00 ns, 6.1009 us/op
WorkloadResult  54: 131072 op, 804722200.00 ns, 6.1395 us/op
WorkloadResult  55: 131072 op, 793318800.00 ns, 6.0525 us/op
WorkloadResult  56: 131072 op, 791678900.00 ns, 6.0400 us/op
WorkloadResult  57: 131072 op, 779485000.00 ns, 5.9470 us/op
WorkloadResult  58: 131072 op, 792905000.00 ns, 6.0494 us/op
WorkloadResult  59: 131072 op, 802672600.00 ns, 6.1239 us/op
WorkloadResult  60: 131072 op, 812582700.00 ns, 6.1995 us/op
WorkloadResult  61: 131072 op, 798630400.00 ns, 6.0931 us/op
WorkloadResult  62: 131072 op, 788548300.00 ns, 6.0161 us/op
WorkloadResult  63: 131072 op, 809232600.00 ns, 6.1740 us/op
WorkloadResult  64: 131072 op, 796514500.00 ns, 6.0769 us/op
WorkloadResult  65: 131072 op, 806498600.00 ns, 6.1531 us/op
WorkloadResult  66: 131072 op, 802234700.00 ns, 6.1206 us/op
WorkloadResult  67: 131072 op, 802976000.00 ns, 6.1262 us/op
WorkloadResult  68: 131072 op, 795586900.00 ns, 6.0698 us/op
WorkloadResult  69: 131072 op, 805436100.00 ns, 6.1450 us/op
WorkloadResult  70: 131072 op, 793294800.00 ns, 6.0524 us/op
WorkloadResult  71: 131072 op, 791681900.00 ns, 6.0401 us/op
WorkloadResult  72: 131072 op, 790043900.00 ns, 6.0276 us/op
WorkloadResult  73: 131072 op, 767247300.00 ns, 5.8536 us/op
WorkloadResult  74: 131072 op, 765431600.00 ns, 5.8398 us/op
WorkloadResult  75: 131072 op, 771763200.00 ns, 5.8881 us/op
WorkloadResult  76: 131072 op, 771326100.00 ns, 5.8848 us/op
WorkloadResult  77: 131072 op, 783436400.00 ns, 5.9771 us/op
WorkloadResult  78: 131072 op, 780266700.00 ns, 5.9530 us/op
WorkloadResult  79: 131072 op, 766573200.00 ns, 5.8485 us/op
WorkloadResult  80: 131072 op, 776924600.00 ns, 5.9275 us/op
WorkloadResult  81: 131072 op, 778354400.00 ns, 5.9384 us/op
WorkloadResult  82: 131072 op, 775540500.00 ns, 5.9169 us/op
WorkloadResult  83: 131072 op, 780725800.00 ns, 5.9565 us/op
WorkloadResult  84: 131072 op, 772559600.00 ns, 5.8942 us/op
WorkloadResult  85: 131072 op, 772217500.00 ns, 5.8916 us/op
WorkloadResult  86: 131072 op, 772682000.00 ns, 5.8951 us/op
WorkloadResult  87: 131072 op, 777399400.00 ns, 5.9311 us/op
WorkloadResult  88: 131072 op, 770721100.00 ns, 5.8801 us/op
WorkloadResult  89: 131072 op, 774327600.00 ns, 5.9077 us/op
WorkloadResult  90: 131072 op, 779238500.00 ns, 5.9451 us/op
WorkloadResult  91: 131072 op, 777592700.00 ns, 5.9326 us/op
WorkloadResult  92: 131072 op, 768776900.00 ns, 5.8653 us/op
WorkloadResult  93: 131072 op, 766189900.00 ns, 5.8456 us/op
WorkloadResult  94: 131072 op, 769269300.00 ns, 5.8691 us/op
WorkloadResult  95: 131072 op, 766751100.00 ns, 5.8498 us/op
WorkloadResult  96: 131072 op, 777657700.00 ns, 5.9331 us/op
WorkloadResult  97: 131072 op, 766622800.00 ns, 5.8489 us/op
WorkloadResult  98: 131072 op, 772141000.00 ns, 5.8910 us/op
WorkloadResult  99: 131072 op, 777357700.00 ns, 5.9308 us/op
WorkloadResult  100: 131072 op, 777092000.00 ns, 5.9287 us/op
// GC:  4228 4228 4228 13436521120 131072
// Threading:  0 0 131072

// AfterAll
// Benchmark Process 128788 has exited with code 0.

Mean = 6.013 μs, StdErr = 0.011 μs (0.18%), N = 100, StdDev = 0.107 μs
Min = 5.840 μs, Q1 = 5.930 μs, Median = 6.010 μs, Q3 = 6.093 μs, Max = 6.307 μs
IQR = 0.163 μs, LowerFence = 5.686 μs, UpperFence = 6.338 μs
ConfidenceInterval = [5.977 μs; 6.049 μs] (CI 99.9%), Margin = 0.036 μs (0.60% of Mean)
Skewness = 0.44, Kurtosis = 2.52, MValue = 2

// ** Remained 21 (70.0 %) benchmark(s) to run. Estimated finish 2026-08-06 18:45 (0h 21m from now) **
Setup power plan (GUID: 8c5e7fda-e8bf-4a96-9a85-a6e23a8c635c FriendlyName: Alto rendimiento)
// **************************
// Benchmark: A_SerializationBenchmarks.EricksonLopezOutbox_Serialize_BufferWriter: Job-OUHNJV(IterationCount=100, WarmupCount=20) [PayloadSize=102400]
// *** Execute ***
// Launch: 1 / 1
// Execute: dotnet 7284c0d0-c932-4332-801f-2c62674b8ef9.dll --anonymousPipes 1556 3668 --benchmarkName "EricksonLopez.Outbox.Benchmarks.A_SerializationBenchmarks.EricksonLopezOutbox_Serialize_BufferWriter(PayloadSize: 102400)" --job "IterationCount=100, WarmupCount=20" --benchmarkId 5 in D:\DevData\ericksonlopez.dev\dotnet-outbox\benchmarks\EricksonLopez.Outbox.Benchmarks\bin\Release\net10.0\7284c0d0-c932-4332-801f-2c62674b8ef9\bin\Release\net10.0
// BeforeAnythingElse

// Benchmark Process Environment Information:
// BenchmarkDotNet v0.13.12
// Runtime=.NET 10.0.10 (10.0.1026.32716), X64 RyuJIT AVX-512F+CD+BW+DQ+VL+VBMI
// GC=Concurrent Workstation
// HardwareIntrinsics=AVX-512F+CD+BW+DQ+VL+VBMI,AES,BMI1,BMI2,FMA,LZCNT,PCLMUL,POPCNT,AvxVnni VectorSize=256
// Job: Job-RCOLST(IterationCount=100, WarmupCount=20)

OverheadJitting  1: 1 op, 165900.00 ns, 165.9000 us/op
WorkloadJitting  1: 1 op, 9680500.00 ns, 9.6805 ms/op

OverheadJitting  2: 16 op, 144800.00 ns, 9.0500 us/op
WorkloadJitting  2: 16 op, 1426000.00 ns, 89.1250 us/op

WorkloadPilot    1: 16 op, 277900.00 ns, 17.3687 us/op
WorkloadPilot    2: 32 op, 523600.00 ns, 16.3625 us/op
WorkloadPilot    3: 64 op, 1021900.00 ns, 15.9672 us/op
WorkloadPilot    4: 128 op, 1985000.00 ns, 15.5078 us/op
WorkloadPilot    5: 256 op, 4048900.00 ns, 15.8160 us/op
WorkloadPilot    6: 512 op, 8081800.00 ns, 15.7848 us/op
WorkloadPilot    7: 1024 op, 15709800.00 ns, 15.3416 us/op
WorkloadPilot    8: 2048 op, 31696300.00 ns, 15.4767 us/op
WorkloadPilot    9: 4096 op, 63203600.00 ns, 15.4306 us/op
WorkloadPilot   10: 8192 op, 99400400.00 ns, 12.1338 us/op
WorkloadPilot   11: 16384 op, 63001200.00 ns, 3.8453 us/op
WorkloadPilot   12: 32768 op, 111827100.00 ns, 3.4127 us/op
WorkloadPilot   13: 65536 op, 225230600.00 ns, 3.4367 us/op
WorkloadPilot   14: 131072 op, 452339500.00 ns, 3.4511 us/op
WorkloadPilot   15: 262144 op, 905436900.00 ns, 3.4540 us/op

OverheadWarmup   1: 262144 op, 364200.00 ns, 1.3893 ns/op
OverheadWarmup   2: 262144 op, 362200.00 ns, 1.3817 ns/op
OverheadWarmup   3: 262144 op, 363000.00 ns, 1.3847 ns/op
OverheadWarmup   4: 262144 op, 362000.00 ns, 1.3809 ns/op
OverheadWarmup   5: 262144 op, 362400.00 ns, 1.3824 ns/op
OverheadWarmup   6: 262144 op, 364500.00 ns, 1.3905 ns/op
OverheadWarmup   7: 262144 op, 362900.00 ns, 1.3844 ns/op

OverheadActual   1: 262144 op, 362600.00 ns, 1.3832 ns/op
OverheadActual   2: 262144 op, 386600.00 ns, 1.4748 ns/op
OverheadActual   3: 262144 op, 362400.00 ns, 1.3824 ns/op
OverheadActual   4: 262144 op, 362300.00 ns, 1.3821 ns/op
OverheadActual   5: 262144 op, 360500.00 ns, 1.3752 ns/op
OverheadActual   6: 262144 op, 360900.00 ns, 1.3767 ns/op
OverheadActual   7: 262144 op, 369300.00 ns, 1.4088 ns/op
OverheadActual   8: 262144 op, 368900.00 ns, 1.4072 ns/op
OverheadActual   9: 262144 op, 358900.00 ns, 1.3691 ns/op
OverheadActual  10: 262144 op, 358600.00 ns, 1.3680 ns/op
OverheadActual  11: 262144 op, 373100.00 ns, 1.4233 ns/op
OverheadActual  12: 262144 op, 358500.00 ns, 1.3676 ns/op
OverheadActual  13: 262144 op, 357900.00 ns, 1.3653 ns/op
OverheadActual  14: 262144 op, 359000.00 ns, 1.3695 ns/op
OverheadActual  15: 262144 op, 359200.00 ns, 1.3702 ns/op

WorkloadWarmup   1: 262144 op, 903233000.00 ns, 3.4456 us/op
WorkloadWarmup   2: 262144 op, 892512700.00 ns, 3.4047 us/op
WorkloadWarmup   3: 262144 op, 892934000.00 ns, 3.4063 us/op
WorkloadWarmup   4: 262144 op, 891475000.00 ns, 3.4007 us/op
WorkloadWarmup   5: 262144 op, 893017000.00 ns, 3.4066 us/op
WorkloadWarmup   6: 262144 op, 899541900.00 ns, 3.4315 us/op
WorkloadWarmup   7: 262144 op, 893836600.00 ns, 3.4097 us/op
WorkloadWarmup   8: 262144 op, 891715800.00 ns, 3.4016 us/op
WorkloadWarmup   9: 262144 op, 896214200.00 ns, 3.4188 us/op
WorkloadWarmup  10: 262144 op, 896325400.00 ns, 3.4192 us/op
WorkloadWarmup  11: 262144 op, 901174600.00 ns, 3.4377 us/op
WorkloadWarmup  12: 262144 op, 896226900.00 ns, 3.4188 us/op
WorkloadWarmup  13: 262144 op, 894388300.00 ns, 3.4118 us/op
WorkloadWarmup  14: 262144 op, 892496200.00 ns, 3.4046 us/op
WorkloadWarmup  15: 262144 op, 893965100.00 ns, 3.4102 us/op
WorkloadWarmup  16: 262144 op, 899405100.00 ns, 3.4310 us/op
WorkloadWarmup  17: 262144 op, 891187700.00 ns, 3.3996 us/op
WorkloadWarmup  18: 262144 op, 896073700.00 ns, 3.4182 us/op
WorkloadWarmup  19: 262144 op, 893573500.00 ns, 3.4087 us/op
WorkloadWarmup  20: 262144 op, 896250200.00 ns, 3.4189 us/op

// BeforeActualRun
WorkloadActual   1: 262144 op, 896586200.00 ns, 3.4202 us/op
WorkloadActual   2: 262144 op, 896768300.00 ns, 3.4209 us/op
WorkloadActual   3: 262144 op, 895958100.00 ns, 3.4178 us/op
WorkloadActual   4: 262144 op, 889931500.00 ns, 3.3948 us/op
WorkloadActual   5: 262144 op, 896854300.00 ns, 3.4212 us/op
WorkloadActual   6: 262144 op, 897603500.00 ns, 3.4241 us/op
WorkloadActual   7: 262144 op, 897262300.00 ns, 3.4228 us/op
WorkloadActual   8: 262144 op, 895692100.00 ns, 3.4168 us/op
WorkloadActual   9: 262144 op, 897602400.00 ns, 3.4241 us/op
WorkloadActual  10: 262144 op, 893688900.00 ns, 3.4092 us/op
WorkloadActual  11: 262144 op, 896775300.00 ns, 3.4209 us/op
WorkloadActual  12: 262144 op, 894350900.00 ns, 3.4117 us/op
WorkloadActual  13: 262144 op, 896721400.00 ns, 3.4207 us/op
WorkloadActual  14: 262144 op, 899731700.00 ns, 3.4322 us/op
WorkloadActual  15: 262144 op, 892577700.00 ns, 3.4049 us/op
WorkloadActual  16: 262144 op, 896534700.00 ns, 3.4200 us/op
WorkloadActual  17: 262144 op, 894235400.00 ns, 3.4112 us/op
WorkloadActual  18: 262144 op, 893617000.00 ns, 3.4089 us/op
WorkloadActual  19: 262144 op, 893306900.00 ns, 3.4077 us/op
WorkloadActual  20: 262144 op, 895069000.00 ns, 3.4144 us/op
WorkloadActual  21: 262144 op, 888281000.00 ns, 3.3885 us/op
WorkloadActual  22: 262144 op, 891183700.00 ns, 3.3996 us/op
WorkloadActual  23: 262144 op, 894766000.00 ns, 3.4133 us/op
WorkloadActual  24: 262144 op, 897028300.00 ns, 3.4219 us/op
WorkloadActual  25: 262144 op, 896762100.00 ns, 3.4209 us/op
WorkloadActual  26: 262144 op, 891954000.00 ns, 3.4025 us/op
WorkloadActual  27: 262144 op, 902258200.00 ns, 3.4418 us/op
WorkloadActual  28: 262144 op, 899944400.00 ns, 3.4330 us/op
WorkloadActual  29: 262144 op, 894885300.00 ns, 3.4137 us/op
WorkloadActual  30: 262144 op, 898348100.00 ns, 3.4269 us/op
WorkloadActual  31: 262144 op, 894348400.00 ns, 3.4117 us/op
WorkloadActual  32: 262144 op, 893122800.00 ns, 3.4070 us/op
WorkloadActual  33: 262144 op, 898095600.00 ns, 3.4260 us/op
WorkloadActual  34: 262144 op, 896330500.00 ns, 3.4192 us/op
WorkloadActual  35: 262144 op, 910111200.00 ns, 3.4718 us/op
WorkloadActual  36: 262144 op, 902160100.00 ns, 3.4415 us/op
WorkloadActual  37: 262144 op, 897743700.00 ns, 3.4246 us/op
WorkloadActual  38: 262144 op, 899007000.00 ns, 3.4294 us/op
WorkloadActual  39: 262144 op, 902247500.00 ns, 3.4418 us/op
WorkloadActual  40: 262144 op, 908707800.00 ns, 3.4664 us/op
WorkloadActual  41: 262144 op, 909307100.00 ns, 3.4687 us/op
WorkloadActual  42: 262144 op, 916354100.00 ns, 3.4956 us/op
WorkloadActual  43: 262144 op, 905768700.00 ns, 3.4552 us/op
WorkloadActual  44: 262144 op, 898088600.00 ns, 3.4259 us/op
WorkloadActual  45: 262144 op, 905994800.00 ns, 3.4561 us/op
WorkloadActual  46: 262144 op, 903278700.00 ns, 3.4457 us/op
WorkloadActual  47: 262144 op, 904099700.00 ns, 3.4489 us/op
WorkloadActual  48: 262144 op, 900879800.00 ns, 3.4366 us/op
WorkloadActual  49: 262144 op, 902157900.00 ns, 3.4415 us/op
WorkloadActual  50: 262144 op, 902632600.00 ns, 3.4433 us/op
WorkloadActual  51: 262144 op, 900101900.00 ns, 3.4336 us/op
WorkloadActual  52: 262144 op, 903359800.00 ns, 3.4460 us/op
WorkloadActual  53: 262144 op, 902921400.00 ns, 3.4444 us/op
WorkloadActual  54: 262144 op, 903670000.00 ns, 3.4472 us/op
WorkloadActual  55: 262144 op, 899925700.00 ns, 3.4329 us/op
WorkloadActual  56: 262144 op, 901823500.00 ns, 3.4402 us/op
WorkloadActual  57: 262144 op, 903473600.00 ns, 3.4465 us/op
WorkloadActual  58: 262144 op, 902560700.00 ns, 3.4430 us/op
WorkloadActual  59: 262144 op, 898322800.00 ns, 3.4268 us/op
WorkloadActual  60: 262144 op, 901263300.00 ns, 3.4380 us/op
WorkloadActual  61: 262144 op, 904103100.00 ns, 3.4489 us/op
WorkloadActual  62: 262144 op, 901100100.00 ns, 3.4374 us/op
WorkloadActual  63: 262144 op, 897714400.00 ns, 3.4245 us/op
WorkloadActual  64: 262144 op, 893829500.00 ns, 3.4097 us/op
WorkloadActual  65: 262144 op, 896551800.00 ns, 3.4201 us/op
WorkloadActual  66: 262144 op, 894384400.00 ns, 3.4118 us/op
WorkloadActual  67: 262144 op, 893152300.00 ns, 3.4071 us/op
WorkloadActual  68: 262144 op, 893626700.00 ns, 3.4089 us/op
WorkloadActual  69: 262144 op, 894669100.00 ns, 3.4129 us/op
WorkloadActual  70: 262144 op, 893411800.00 ns, 3.4081 us/op
WorkloadActual  71: 262144 op, 891796700.00 ns, 3.4019 us/op
WorkloadActual  72: 262144 op, 894924000.00 ns, 3.4139 us/op
WorkloadActual  73: 262144 op, 889094400.00 ns, 3.3916 us/op
WorkloadActual  74: 262144 op, 890953300.00 ns, 3.3987 us/op
WorkloadActual  75: 262144 op, 893321500.00 ns, 3.4078 us/op
WorkloadActual  76: 262144 op, 891557000.00 ns, 3.4010 us/op
WorkloadActual  77: 262144 op, 891590100.00 ns, 3.4011 us/op
WorkloadActual  78: 262144 op, 891464000.00 ns, 3.4007 us/op
WorkloadActual  79: 262144 op, 892816300.00 ns, 3.4058 us/op
WorkloadActual  80: 262144 op, 898352700.00 ns, 3.4269 us/op
WorkloadActual  81: 262144 op, 890926700.00 ns, 3.3986 us/op
WorkloadActual  82: 262144 op, 890614900.00 ns, 3.3974 us/op
WorkloadActual  83: 262144 op, 893496800.00 ns, 3.4084 us/op
WorkloadActual  84: 262144 op, 895204000.00 ns, 3.4149 us/op
WorkloadActual  85: 262144 op, 897367700.00 ns, 3.4232 us/op
WorkloadActual  86: 262144 op, 891303800.00 ns, 3.4001 us/op
WorkloadActual  87: 262144 op, 892170700.00 ns, 3.4034 us/op
WorkloadActual  88: 262144 op, 893659800.00 ns, 3.4090 us/op
WorkloadActual  89: 262144 op, 892217400.00 ns, 3.4035 us/op
WorkloadActual  90: 262144 op, 893529100.00 ns, 3.4085 us/op
WorkloadActual  91: 262144 op, 896705900.00 ns, 3.4207 us/op
WorkloadActual  92: 262144 op, 891004500.00 ns, 3.3989 us/op
WorkloadActual  93: 262144 op, 894583400.00 ns, 3.4126 us/op
WorkloadActual  94: 262144 op, 902287200.00 ns, 3.4420 us/op
WorkloadActual  95: 262144 op, 894151800.00 ns, 3.4109 us/op
WorkloadActual  96: 262144 op, 896541800.00 ns, 3.4200 us/op
WorkloadActual  97: 262144 op, 891628300.00 ns, 3.4013 us/op
WorkloadActual  98: 262144 op, 893728700.00 ns, 3.4093 us/op
WorkloadActual  99: 262144 op, 891929900.00 ns, 3.4024 us/op
WorkloadActual  100: 262144 op, 891727100.00 ns, 3.4017 us/op

// AfterActualRun
WorkloadResult   1: 262144 op, 896225300.00 ns, 3.4188 us/op
WorkloadResult   2: 262144 op, 896407400.00 ns, 3.4195 us/op
WorkloadResult   3: 262144 op, 895597200.00 ns, 3.4164 us/op
WorkloadResult   4: 262144 op, 889570600.00 ns, 3.3934 us/op
WorkloadResult   5: 262144 op, 896493400.00 ns, 3.4199 us/op
WorkloadResult   6: 262144 op, 897242600.00 ns, 3.4227 us/op
WorkloadResult   7: 262144 op, 896901400.00 ns, 3.4214 us/op
WorkloadResult   8: 262144 op, 895331200.00 ns, 3.4154 us/op
WorkloadResult   9: 262144 op, 897241500.00 ns, 3.4227 us/op
WorkloadResult  10: 262144 op, 893328000.00 ns, 3.4078 us/op
WorkloadResult  11: 262144 op, 896414400.00 ns, 3.4195 us/op
WorkloadResult  12: 262144 op, 893990000.00 ns, 3.4103 us/op
WorkloadResult  13: 262144 op, 896360500.00 ns, 3.4193 us/op
WorkloadResult  14: 262144 op, 899370800.00 ns, 3.4308 us/op
WorkloadResult  15: 262144 op, 892216800.00 ns, 3.4035 us/op
WorkloadResult  16: 262144 op, 896173800.00 ns, 3.4186 us/op
WorkloadResult  17: 262144 op, 893874500.00 ns, 3.4099 us/op
WorkloadResult  18: 262144 op, 893256100.00 ns, 3.4075 us/op
WorkloadResult  19: 262144 op, 892946000.00 ns, 3.4063 us/op
WorkloadResult  20: 262144 op, 894708100.00 ns, 3.4130 us/op
WorkloadResult  21: 262144 op, 887920100.00 ns, 3.3871 us/op
WorkloadResult  22: 262144 op, 890822800.00 ns, 3.3982 us/op
WorkloadResult  23: 262144 op, 894405100.00 ns, 3.4119 us/op
WorkloadResult  24: 262144 op, 896667400.00 ns, 3.4205 us/op
WorkloadResult  25: 262144 op, 896401200.00 ns, 3.4195 us/op
WorkloadResult  26: 262144 op, 891593100.00 ns, 3.4012 us/op
WorkloadResult  27: 262144 op, 901897300.00 ns, 3.4405 us/op
WorkloadResult  28: 262144 op, 899583500.00 ns, 3.4316 us/op
WorkloadResult  29: 262144 op, 894524400.00 ns, 3.4123 us/op
WorkloadResult  30: 262144 op, 897987200.00 ns, 3.4255 us/op
WorkloadResult  31: 262144 op, 893987500.00 ns, 3.4103 us/op
WorkloadResult  32: 262144 op, 892761900.00 ns, 3.4056 us/op
WorkloadResult  33: 262144 op, 897734700.00 ns, 3.4246 us/op
WorkloadResult  34: 262144 op, 895969600.00 ns, 3.4179 us/op
WorkloadResult  35: 262144 op, 901799200.00 ns, 3.4401 us/op
WorkloadResult  36: 262144 op, 897382800.00 ns, 3.4232 us/op
WorkloadResult  37: 262144 op, 898646100.00 ns, 3.4281 us/op
WorkloadResult  38: 262144 op, 901886600.00 ns, 3.4404 us/op
WorkloadResult  39: 262144 op, 908346900.00 ns, 3.4651 us/op
WorkloadResult  40: 262144 op, 908946200.00 ns, 3.4674 us/op
WorkloadResult  41: 262144 op, 905407800.00 ns, 3.4539 us/op
WorkloadResult  42: 262144 op, 897727700.00 ns, 3.4246 us/op
WorkloadResult  43: 262144 op, 905633900.00 ns, 3.4547 us/op
WorkloadResult  44: 262144 op, 902917800.00 ns, 3.4444 us/op
WorkloadResult  45: 262144 op, 903738800.00 ns, 3.4475 us/op
WorkloadResult  46: 262144 op, 900518900.00 ns, 3.4352 us/op
WorkloadResult  47: 262144 op, 901797000.00 ns, 3.4401 us/op
WorkloadResult  48: 262144 op, 902271700.00 ns, 3.4419 us/op
WorkloadResult  49: 262144 op, 899741000.00 ns, 3.4322 us/op
WorkloadResult  50: 262144 op, 902998900.00 ns, 3.4447 us/op
WorkloadResult  51: 262144 op, 902560500.00 ns, 3.4430 us/op
WorkloadResult  52: 262144 op, 903309100.00 ns, 3.4459 us/op
WorkloadResult  53: 262144 op, 899564800.00 ns, 3.4316 us/op
WorkloadResult  54: 262144 op, 901462600.00 ns, 3.4388 us/op
WorkloadResult  55: 262144 op, 903112700.00 ns, 3.4451 us/op
WorkloadResult  56: 262144 op, 902199800.00 ns, 3.4416 us/op
WorkloadResult  57: 262144 op, 897961900.00 ns, 3.4255 us/op
WorkloadResult  58: 262144 op, 900902400.00 ns, 3.4367 us/op
WorkloadResult  59: 262144 op, 903742200.00 ns, 3.4475 us/op
WorkloadResult  60: 262144 op, 900739200.00 ns, 3.4360 us/op
WorkloadResult  61: 262144 op, 897353500.00 ns, 3.4231 us/op
WorkloadResult  62: 262144 op, 893468600.00 ns, 3.4083 us/op
WorkloadResult  63: 262144 op, 896190900.00 ns, 3.4187 us/op
WorkloadResult  64: 262144 op, 894023500.00 ns, 3.4104 us/op
WorkloadResult  65: 262144 op, 892791400.00 ns, 3.4057 us/op
WorkloadResult  66: 262144 op, 893265800.00 ns, 3.4075 us/op
WorkloadResult  67: 262144 op, 894308200.00 ns, 3.4115 us/op
WorkloadResult  68: 262144 op, 893050900.00 ns, 3.4067 us/op
WorkloadResult  69: 262144 op, 891435800.00 ns, 3.4006 us/op
WorkloadResult  70: 262144 op, 894563100.00 ns, 3.4125 us/op
WorkloadResult  71: 262144 op, 888733500.00 ns, 3.3902 us/op
WorkloadResult  72: 262144 op, 890592400.00 ns, 3.3973 us/op
WorkloadResult  73: 262144 op, 892960600.00 ns, 3.4064 us/op
WorkloadResult  74: 262144 op, 891196100.00 ns, 3.3996 us/op
WorkloadResult  75: 262144 op, 891229200.00 ns, 3.3998 us/op
WorkloadResult  76: 262144 op, 891103100.00 ns, 3.3993 us/op
WorkloadResult  77: 262144 op, 892455400.00 ns, 3.4044 us/op
WorkloadResult  78: 262144 op, 897991800.00 ns, 3.4256 us/op
WorkloadResult  79: 262144 op, 890565800.00 ns, 3.3972 us/op
WorkloadResult  80: 262144 op, 890254000.00 ns, 3.3960 us/op
WorkloadResult  81: 262144 op, 893135900.00 ns, 3.4070 us/op
WorkloadResult  82: 262144 op, 894843100.00 ns, 3.4136 us/op
WorkloadResult  83: 262144 op, 897006800.00 ns, 3.4218 us/op
WorkloadResult  84: 262144 op, 890942900.00 ns, 3.3987 us/op
WorkloadResult  85: 262144 op, 891809800.00 ns, 3.4020 us/op
WorkloadResult  86: 262144 op, 893298900.00 ns, 3.4077 us/op
WorkloadResult  87: 262144 op, 891856500.00 ns, 3.4022 us/op
WorkloadResult  88: 262144 op, 893168200.00 ns, 3.4072 us/op
WorkloadResult  89: 262144 op, 896345000.00 ns, 3.4193 us/op
WorkloadResult  90: 262144 op, 890643600.00 ns, 3.3975 us/op
WorkloadResult  91: 262144 op, 894222500.00 ns, 3.4112 us/op
WorkloadResult  92: 262144 op, 901926300.00 ns, 3.4406 us/op
WorkloadResult  93: 262144 op, 893790900.00 ns, 3.4095 us/op
WorkloadResult  94: 262144 op, 896180900.00 ns, 3.4187 us/op
WorkloadResult  95: 262144 op, 891267400.00 ns, 3.3999 us/op
WorkloadResult  96: 262144 op, 893367800.00 ns, 3.4079 us/op
WorkloadResult  97: 262144 op, 891569000.00 ns, 3.4011 us/op
WorkloadResult  98: 262144 op, 891366200.00 ns, 3.4003 us/op
// GC:  0 0 0 8389344 262144
// Threading:  0 0 262144

// AfterAll
// Benchmark Process 120040 has exited with code 0.

Mean = 3.419 μs, StdErr = 0.002 μs (0.05%), N = 98, StdDev = 0.017 μs
Min = 3.387 μs, Q1 = 3.406 μs, Median = 3.418 μs, Q3 = 3.431 μs, Max = 3.467 μs
IQR = 0.025 μs, LowerFence = 3.369 μs, UpperFence = 3.469 μs
ConfidenceInterval = [3.413 μs; 3.425 μs] (CI 99.9%), Margin = 0.006 μs (0.17% of Mean)
Skewness = 0.59, Kurtosis = 2.67, MValue = 2

// ** Remained 20 (66.7 %) benchmark(s) to run. Estimated finish 2026-08-06 18:48 (0h 22m from now) **
Setup power plan (GUID: 8c5e7fda-e8bf-4a96-9a85-a6e23a8c635c FriendlyName: Alto rendimiento)
// **************************
// Benchmark: A_SerializationBenchmarks.EricksonLopezOutbox_Serialize_Allocating: Job-FWMHQE(Toolchain=InProcessEmitToolchain) [PayloadSize=102400]
// *** Execute ***
// Launch: 1 / 1

// Benchmark Process Environment Information:
// BenchmarkDotNet v0.13.12
// Runtime=.NET 10.0.10 (10.0.1026.32716), X64 RyuJIT AVX-512F+CD+BW+DQ+VL+VBMI
// GC=Concurrent Workstation
// HardwareIntrinsics=AVX-512F+CD+BW+DQ+VL+VBMI,AES,BMI1,BMI2,FMA,LZCNT,PCLMUL,POPCNT,AvxVnni VectorSize=256
// Job: Job-FWMHQE(Toolchain=InProcessEmitToolchain)

OverheadJitting  1: 1 op, 175300.00 ns, 175.3000 us/op
WorkloadJitting  1: 1 op, 254500.00 ns, 254.5000 us/op

OverheadJitting  2: 16 op, 199400.00 ns, 12.4625 us/op
WorkloadJitting  2: 16 op, 578000.00 ns, 36.1250 us/op

WorkloadPilot    1: 16 op, 437900.00 ns, 27.3687 us/op
WorkloadPilot    2: 32 op, 829500.00 ns, 25.9219 us/op
WorkloadPilot    3: 64 op, 1426200.00 ns, 22.2844 us/op
WorkloadPilot    4: 128 op, 1894700.00 ns, 14.8023 us/op
WorkloadPilot    5: 256 op, 3222800.00 ns, 12.5891 us/op
WorkloadPilot    6: 512 op, 5395600.00 ns, 10.5383 us/op
WorkloadPilot    7: 1024 op, 8985700.00 ns, 8.7751 us/op
WorkloadPilot    8: 2048 op, 19430500.00 ns, 9.4875 us/op
WorkloadPilot    9: 4096 op, 36208100.00 ns, 8.8399 us/op
WorkloadPilot   10: 8192 op, 68898500.00 ns, 8.4105 us/op
WorkloadPilot   11: 16384 op, 134537600.00 ns, 8.2115 us/op
WorkloadPilot   12: 32768 op, 280229400.00 ns, 8.5519 us/op
WorkloadPilot   13: 65536 op, 528890300.00 ns, 8.0702 us/op

OverheadWarmup   1: 65536 op, 103600.00 ns, 1.5808 ns/op
OverheadWarmup   2: 65536 op, 101400.00 ns, 1.5472 ns/op
OverheadWarmup   3: 65536 op, 101500.00 ns, 1.5488 ns/op
OverheadWarmup   4: 65536 op, 101400.00 ns, 1.5472 ns/op
OverheadWarmup   5: 65536 op, 101200.00 ns, 1.5442 ns/op
OverheadWarmup   6: 65536 op, 101100.00 ns, 1.5427 ns/op
OverheadWarmup   7: 65536 op, 101200.00 ns, 1.5442 ns/op
OverheadWarmup   8: 65536 op, 100700.00 ns, 1.5366 ns/op

OverheadActual   1: 65536 op, 110900.00 ns, 1.6922 ns/op
OverheadActual   2: 65536 op, 100700.00 ns, 1.5366 ns/op
OverheadActual   3: 65536 op, 100700.00 ns, 1.5366 ns/op
OverheadActual   4: 65536 op, 100800.00 ns, 1.5381 ns/op
OverheadActual   5: 65536 op, 100900.00 ns, 1.5396 ns/op
OverheadActual   6: 65536 op, 100800.00 ns, 1.5381 ns/op
OverheadActual   7: 65536 op, 103100.00 ns, 1.5732 ns/op
OverheadActual   8: 65536 op, 100700.00 ns, 1.5366 ns/op
OverheadActual   9: 65536 op, 100300.00 ns, 1.5305 ns/op
OverheadActual  10: 65536 op, 100700.00 ns, 1.5366 ns/op
OverheadActual  11: 65536 op, 100500.00 ns, 1.5335 ns/op
OverheadActual  12: 65536 op, 100700.00 ns, 1.5366 ns/op
OverheadActual  13: 65536 op, 100300.00 ns, 1.5305 ns/op
OverheadActual  14: 65536 op, 100600.00 ns, 1.5350 ns/op
OverheadActual  15: 65536 op, 100800.00 ns, 1.5381 ns/op

WorkloadWarmup   1: 65536 op, 533145500.00 ns, 8.1352 us/op
WorkloadWarmup   2: 65536 op, 509032600.00 ns, 7.7672 us/op
WorkloadWarmup   3: 65536 op, 510227100.00 ns, 7.7854 us/op
WorkloadWarmup   4: 65536 op, 506107200.00 ns, 7.7226 us/op
WorkloadWarmup   5: 65536 op, 514640600.00 ns, 7.8528 us/op
WorkloadWarmup   6: 65536 op, 510046900.00 ns, 7.7827 us/op

WorkloadActual   1: 65536 op, 517222700.00 ns, 7.8922 us/op
WorkloadActual   2: 65536 op, 510761900.00 ns, 7.7936 us/op
WorkloadActual   3: 65536 op, 510246400.00 ns, 7.7857 us/op
WorkloadActual   4: 65536 op, 511120300.00 ns, 7.7991 us/op
WorkloadActual   5: 65536 op, 510077000.00 ns, 7.7832 us/op
WorkloadActual   6: 65536 op, 508090200.00 ns, 7.7528 us/op
WorkloadActual   7: 65536 op, 508511500.00 ns, 7.7593 us/op
WorkloadActual   8: 65536 op, 506858100.00 ns, 7.7340 us/op
WorkloadActual   9: 65536 op, 510204000.00 ns, 7.7851 us/op
WorkloadActual  10: 65536 op, 505427000.00 ns, 7.7122 us/op
WorkloadActual  11: 65536 op, 508798900.00 ns, 7.7637 us/op
WorkloadActual  12: 65536 op, 567746300.00 ns, 8.6631 us/op
WorkloadActual  13: 65536 op, 555740800.00 ns, 8.4799 us/op
WorkloadActual  14: 65536 op, 511482000.00 ns, 7.8046 us/op
WorkloadActual  15: 65536 op, 507528300.00 ns, 7.7443 us/op

WorkloadResult   1: 65536 op, 510661200.00 ns, 7.7921 us/op
WorkloadResult   2: 65536 op, 510145700.00 ns, 7.7842 us/op
WorkloadResult   3: 65536 op, 511019600.00 ns, 7.7975 us/op
WorkloadResult   4: 65536 op, 509976300.00 ns, 7.7816 us/op
WorkloadResult   5: 65536 op, 507989500.00 ns, 7.7513 us/op
WorkloadResult   6: 65536 op, 508410800.00 ns, 7.7577 us/op
WorkloadResult   7: 65536 op, 506757400.00 ns, 7.7325 us/op
WorkloadResult   8: 65536 op, 510103300.00 ns, 7.7836 us/op
WorkloadResult   9: 65536 op, 505326300.00 ns, 7.7107 us/op
WorkloadResult  10: 65536 op, 508698200.00 ns, 7.7621 us/op
WorkloadResult  11: 65536 op, 511381300.00 ns, 7.8031 us/op
WorkloadResult  12: 65536 op, 507427600.00 ns, 7.7427 us/op
// GC:  1163 1163 1163 6722204296 65536
// Threading:  0 0 65536


Mean = 7.767 μs, StdErr = 0.008 μs (0.11%), N = 12, StdDev = 0.029 μs
Min = 7.711 μs, Q1 = 7.749 μs, Median = 7.772 μs, Q3 = 7.786 μs, Max = 7.803 μs
IQR = 0.037 μs, LowerFence = 7.694 μs, UpperFence = 7.842 μs
ConfidenceInterval = [7.730 μs; 7.803 μs] (CI 99.9%), Margin = 0.037 μs (0.47% of Mean)
Skewness = -0.45, Kurtosis = 1.87, MValue = 2

// ** Remained 19 (63.3 %) benchmark(s) to run. Estimated finish 2026-08-06 18:45 (0h 19m from now) **
Setup power plan (GUID: 8c5e7fda-e8bf-4a96-9a85-a6e23a8c635c FriendlyName: Alto rendimiento)
// **************************
// Benchmark: A_SerializationBenchmarks.EricksonLopezOutbox_Serialize_BufferWriter: Job-FWMHQE(Toolchain=InProcessEmitToolchain) [PayloadSize=102400]
// *** Execute ***
// Launch: 1 / 1

// Benchmark Process Environment Information:
// BenchmarkDotNet v0.13.12
// Runtime=.NET 10.0.10 (10.0.1026.32716), X64 RyuJIT AVX-512F+CD+BW+DQ+VL+VBMI
// GC=Concurrent Workstation
// HardwareIntrinsics=AVX-512F+CD+BW+DQ+VL+VBMI,AES,BMI1,BMI2,FMA,LZCNT,PCLMUL,POPCNT,AvxVnni VectorSize=256
// Job: Job-FWMHQE(Toolchain=InProcessEmitToolchain)

OverheadJitting  1: 1 op, 137200.00 ns, 137.2000 us/op
WorkloadJitting  1: 1 op, 163900.00 ns, 163.9000 us/op

OverheadJitting  2: 16 op, 141300.00 ns, 8.8313 us/op
WorkloadJitting  2: 16 op, 194900.00 ns, 12.1813 us/op

WorkloadPilot    1: 16 op, 59500.00 ns, 3.7188 us/op
WorkloadPilot    2: 32 op, 109300.00 ns, 3.4156 us/op
WorkloadPilot    3: 64 op, 214800.00 ns, 3.3563 us/op
WorkloadPilot    4: 128 op, 430600.00 ns, 3.3641 us/op
WorkloadPilot    5: 256 op, 862600.00 ns, 3.3695 us/op
WorkloadPilot    6: 512 op, 1749500.00 ns, 3.4170 us/op
WorkloadPilot    7: 1024 op, 3487100.00 ns, 3.4054 us/op
WorkloadPilot    8: 2048 op, 6903500.00 ns, 3.3708 us/op
WorkloadPilot    9: 4096 op, 14129500.00 ns, 3.4496 us/op
WorkloadPilot   10: 8192 op, 27801300.00 ns, 3.3937 us/op
WorkloadPilot   11: 16384 op, 54954400.00 ns, 3.3542 us/op
WorkloadPilot   12: 32768 op, 110808000.00 ns, 3.3816 us/op
WorkloadPilot   13: 65536 op, 222388100.00 ns, 3.3934 us/op
WorkloadPilot   14: 131072 op, 443909100.00 ns, 3.3868 us/op
WorkloadPilot   15: 262144 op, 890561500.00 ns, 3.3972 us/op

OverheadWarmup   1: 262144 op, 410100.00 ns, 1.5644 ns/op
OverheadWarmup   2: 262144 op, 408300.00 ns, 1.5575 ns/op
OverheadWarmup   3: 262144 op, 407800.00 ns, 1.5556 ns/op
OverheadWarmup   4: 262144 op, 413800.00 ns, 1.5785 ns/op
OverheadWarmup   5: 262144 op, 405800.00 ns, 1.5480 ns/op
OverheadWarmup   6: 262144 op, 405800.00 ns, 1.5480 ns/op
OverheadWarmup   7: 262144 op, 405500.00 ns, 1.5469 ns/op

OverheadActual   1: 262144 op, 417700.00 ns, 1.5934 ns/op
OverheadActual   2: 262144 op, 413300.00 ns, 1.5766 ns/op
OverheadActual   3: 262144 op, 413500.00 ns, 1.5774 ns/op
OverheadActual   4: 262144 op, 411900.00 ns, 1.5713 ns/op
OverheadActual   5: 262144 op, 407700.00 ns, 1.5553 ns/op
OverheadActual   6: 262144 op, 407800.00 ns, 1.5556 ns/op
OverheadActual   7: 262144 op, 406800.00 ns, 1.5518 ns/op
OverheadActual   8: 262144 op, 414400.00 ns, 1.5808 ns/op
OverheadActual   9: 262144 op, 405000.00 ns, 1.5450 ns/op
OverheadActual  10: 262144 op, 402700.00 ns, 1.5362 ns/op
OverheadActual  11: 262144 op, 414300.00 ns, 1.5804 ns/op
OverheadActual  12: 262144 op, 497200.00 ns, 1.8967 ns/op
OverheadActual  13: 262144 op, 403100.00 ns, 1.5377 ns/op
OverheadActual  14: 262144 op, 403900.00 ns, 1.5408 ns/op
OverheadActual  15: 262144 op, 402900.00 ns, 1.5369 ns/op

WorkloadWarmup   1: 262144 op, 886456300.00 ns, 3.3816 us/op
WorkloadWarmup   2: 262144 op, 888882300.00 ns, 3.3908 us/op
WorkloadWarmup   3: 262144 op, 885529500.00 ns, 3.3780 us/op
WorkloadWarmup   4: 262144 op, 886062400.00 ns, 3.3801 us/op
WorkloadWarmup   5: 262144 op, 887824500.00 ns, 3.3868 us/op
WorkloadWarmup   6: 262144 op, 889575800.00 ns, 3.3935 us/op
WorkloadWarmup   7: 262144 op, 888855900.00 ns, 3.3907 us/op

WorkloadActual   1: 262144 op, 889450900.00 ns, 3.3930 us/op
WorkloadActual   2: 262144 op, 884740500.00 ns, 3.3750 us/op
WorkloadActual   3: 262144 op, 887732200.00 ns, 3.3864 us/op
WorkloadActual   4: 262144 op, 884719200.00 ns, 3.3749 us/op
WorkloadActual   5: 262144 op, 893414200.00 ns, 3.4081 us/op
WorkloadActual   6: 262144 op, 890109600.00 ns, 3.3955 us/op
WorkloadActual   7: 262144 op, 884336500.00 ns, 3.3735 us/op
WorkloadActual   8: 262144 op, 883274900.00 ns, 3.3694 us/op
WorkloadActual   9: 262144 op, 884481700.00 ns, 3.3740 us/op
WorkloadActual  10: 262144 op, 885897200.00 ns, 3.3794 us/op
WorkloadActual  11: 262144 op, 885945200.00 ns, 3.3796 us/op
WorkloadActual  12: 262144 op, 888161200.00 ns, 3.3881 us/op
WorkloadActual  13: 262144 op, 886874000.00 ns, 3.3832 us/op
WorkloadActual  14: 262144 op, 886332000.00 ns, 3.3811 us/op
WorkloadActual  15: 262144 op, 886843000.00 ns, 3.3830 us/op

WorkloadResult   1: 262144 op, 889043100.00 ns, 3.3914 us/op
WorkloadResult   2: 262144 op, 884332700.00 ns, 3.3735 us/op
WorkloadResult   3: 262144 op, 887324400.00 ns, 3.3849 us/op
WorkloadResult   4: 262144 op, 884311400.00 ns, 3.3734 us/op
WorkloadResult   5: 262144 op, 889701800.00 ns, 3.3939 us/op
WorkloadResult   6: 262144 op, 883928700.00 ns, 3.3719 us/op
WorkloadResult   7: 262144 op, 882867100.00 ns, 3.3679 us/op
WorkloadResult   8: 262144 op, 884073900.00 ns, 3.3725 us/op
WorkloadResult   9: 262144 op, 885489400.00 ns, 3.3779 us/op
WorkloadResult  10: 262144 op, 885537400.00 ns, 3.3781 us/op
WorkloadResult  11: 262144 op, 887753400.00 ns, 3.3865 us/op
WorkloadResult  12: 262144 op, 886466200.00 ns, 3.3816 us/op
WorkloadResult  13: 262144 op, 885924200.00 ns, 3.3795 us/op
WorkloadResult  14: 262144 op, 886435200.00 ns, 3.3815 us/op
// GC:  0 0 0 8394336 262144
// Threading:  0 0 262144


Mean = 3.380 μs, StdErr = 0.002 μs (0.06%), N = 14, StdDev = 0.008 μs
Min = 3.368 μs, Q1 = 3.373 μs, Median = 3.379 μs, Q3 = 3.384 μs, Max = 3.394 μs
IQR = 0.011 μs, LowerFence = 3.357 μs, UpperFence = 3.400 μs
ConfidenceInterval = [3.371 μs; 3.388 μs] (CI 99.9%), Margin = 0.009 μs (0.25% of Mean)
Skewness = 0.35, Kurtosis = 1.95, MValue = 2

// ** Remained 18 (60.0 %) benchmark(s) to run. Estimated finish 2026-08-06 18:44 (0h 17m from now) **
Successfully reverted power plan (GUID: 8c5e7fda-e8bf-4a96-9a85-a6e23a8c635c FriendlyName: Alto rendimiento)
// ***** BenchmarkRunner: Finish  *****

// * Export *
  D:\DevData\ericksonlopez.dev\dotnet-outbox\benchmarks\results\results\EricksonLopez.Outbox.Benchmarks.A_SerializationBenchmarks-report.csv
  D:\DevData\ericksonlopez.dev\dotnet-outbox\benchmarks\results\results\EricksonLopez.Outbox.Benchmarks.A_SerializationBenchmarks-report-github.md
  D:\DevData\ericksonlopez.dev\dotnet-outbox\benchmarks\results\results\EricksonLopez.Outbox.Benchmarks.A_SerializationBenchmarks-report.html

// * Detailed results *
A_SerializationBenchmarks.EricksonLopezOutbox_Serialize_Allocating: Job-OUHNJV(IterationCount=100, WarmupCount=20) [PayloadSize=512]
Runtime = .NET 10.0.10 (10.0.1026.32716), X64 RyuJIT AVX-512F+CD+BW+DQ+VL+VBMI; GC = Concurrent Workstation
Mean = 78.924 ns, StdErr = 0.197 ns (0.25%), N = 97, StdDev = 1.942 ns
Min = 73.383 ns, Q1 = 77.775 ns, Median = 78.615 ns, Q3 = 79.730 ns, Max = 83.148 ns
IQR = 1.956 ns, LowerFence = 74.841 ns, UpperFence = 82.664 ns
ConfidenceInterval = [78.254 ns; 79.593 ns] (CI 99.9%), Margin = 0.669 ns (0.85% of Mean)
Skewness = 0.12, Kurtosis = 3.54, MValue = 2
-------------------- Histogram --------------------
[72.995 ns ; 74.714 ns) | @@@
[74.714 ns ; 77.356 ns) | @@@@@@@@@@@
[77.356 ns ; 80.418 ns) | @@@@@@@@@@@@@@@@@@@@@@@@@@@@@@@@@@@@@@@@@@@@@@@@@@@@@@@@@@@@@@@@
[80.418 ns ; 83.523 ns) | @@@@@@@@@@@@@@@@@@@
---------------------------------------------------

A_SerializationBenchmarks.EricksonLopezOutbox_Serialize_BufferWriter: Job-OUHNJV(IterationCount=100, WarmupCount=20) [PayloadSize=512]
Runtime = .NET 10.0.10 (10.0.1026.32716), X64 RyuJIT AVX-512F+CD+BW+DQ+VL+VBMI; GC = Concurrent Workstation
Mean = 53.832 ns, StdErr = 0.040 ns (0.07%), N = 97, StdDev = 0.397 ns
Min = 52.758 ns, Q1 = 53.705 ns, Median = 53.909 ns, Q3 = 54.047 ns, Max = 54.506 ns
IQR = 0.343 ns, LowerFence = 53.191 ns, UpperFence = 54.561 ns
ConfidenceInterval = [53.695 ns; 53.969 ns] (CI 99.9%), Margin = 0.137 ns (0.25% of Mean)
Skewness = -1.03, Kurtosis = 3.91, MValue = 2
-------------------- Histogram --------------------
[52.644 ns ; 54.620 ns) | @@@@@@@@@@@@@@@@@@@@@@@@@@@@@@@@@@@@@@@@@@@@@@@@@@@@@@@@@@@@@@@@@@@@@@@@@@@@@@@@@@@@@@@@@@@@@@@@@
---------------------------------------------------

A_SerializationBenchmarks.EricksonLopezOutbox_Serialize_Allocating: Job-FWMHQE(Toolchain=InProcessEmitToolchain) [PayloadSize=512]
Runtime = ; GC = 
Mean = 89.428 ns, StdErr = 0.302 ns (0.34%), N = 15, StdDev = 1.170 ns
Min = 87.810 ns, Q1 = 88.621 ns, Median = 88.967 ns, Q3 = 90.243 ns, Max = 91.815 ns
IQR = 1.622 ns, LowerFence = 86.187 ns, UpperFence = 92.676 ns
ConfidenceInterval = [88.178 ns; 90.679 ns] (CI 99.9%), Margin = 1.251 ns (1.40% of Mean)
Skewness = 0.71, Kurtosis = 2.24, MValue = 2
-------------------- Histogram --------------------
[87.188 ns ; 89.932 ns) | @@@@@@@@@@
[89.932 ns ; 92.438 ns) | @@@@@
---------------------------------------------------

A_SerializationBenchmarks.EricksonLopezOutbox_Serialize_BufferWriter: Job-FWMHQE(Toolchain=InProcessEmitToolchain) [PayloadSize=512]
Runtime = ; GC = 
Mean = 65.838 ns, StdErr = 0.076 ns (0.12%), N = 13, StdDev = 0.274 ns
Min = 65.597 ns, Q1 = 65.672 ns, Median = 65.723 ns, Q3 = 65.880 ns, Max = 66.586 ns
IQR = 0.208 ns, LowerFence = 65.360 ns, UpperFence = 66.191 ns
ConfidenceInterval = [65.510 ns; 66.166 ns] (CI 99.9%), Margin = 0.328 ns (0.50% of Mean)
Skewness = 1.55, Kurtosis = 4.53, MValue = 2
-------------------- Histogram --------------------
[65.444 ns ; 66.739 ns) | @@@@@@@@@@@@@
---------------------------------------------------

A_SerializationBenchmarks.EricksonLopezOutbox_Serialize_Allocating: Job-OUHNJV(IterationCount=100, WarmupCount=20) [PayloadSize=10240]
Runtime = .NET 10.0.10 (10.0.1026.32716), X64 RyuJIT AVX-512F+CD+BW+DQ+VL+VBMI; GC = Concurrent Workstation
Mean = 576.700 ns, StdErr = 3.200 ns (0.55%), N = 100, StdDev = 31.999 ns
Min = 520.188 ns, Q1 = 549.109 ns, Median = 572.393 ns, Q3 = 604.117 ns, Max = 662.822 ns
IQR = 55.007 ns, LowerFence = 466.598 ns, UpperFence = 686.628 ns
ConfidenceInterval = [565.848 ns; 587.553 ns] (CI 99.9%), Margin = 10.852 ns (1.88% of Mean)
Skewness = 0.31, Kurtosis = 2.06, MValue = 2.08
-------------------- Histogram --------------------
[517.285 ns ; 534.009 ns) | @@@@
[534.009 ns ; 552.106 ns) | @@@@@@@@@@@@@@@@@@@@@@@@@@
[552.106 ns ; 573.678 ns) | @@@@@@@@@@@@@@@@@@@@@
[573.678 ns ; 596.810 ns) | @@@@@@@@@@@@@@@@@@
[596.810 ns ; 614.907 ns) | @@@@@@@@@@@@@@@@@@@
[614.907 ns ; 633.325 ns) | @@@@@@@@@@
[633.325 ns ; 652.874 ns) | @
[652.874 ns ; 671.870 ns) | @
---------------------------------------------------

A_SerializationBenchmarks.EricksonLopezOutbox_Serialize_BufferWriter: Job-OUHNJV(IterationCount=100, WarmupCount=20) [PayloadSize=10240]
Runtime = .NET 10.0.10 (10.0.1026.32716), X64 RyuJIT AVX-512F+CD+BW+DQ+VL+VBMI; GC = Concurrent Workstation
Mean = 323.537 ns, StdErr = 0.139 ns (0.04%), N = 98, StdDev = 1.376 ns
Min = 319.978 ns, Q1 = 322.802 ns, Median = 323.560 ns, Q3 = 324.345 ns, Max = 326.752 ns
IQR = 1.543 ns, LowerFence = 320.487 ns, UpperFence = 326.660 ns
ConfidenceInterval = [323.065 ns; 324.009 ns] (CI 99.9%), Margin = 0.472 ns (0.15% of Mean)
Skewness = -0.17, Kurtosis = 3.25, MValue = 2
-------------------- Histogram --------------------
[319.586 ns ; 326.802 ns) | @@@@@@@@@@@@@@@@@@@@@@@@@@@@@@@@@@@@@@@@@@@@@@@@@@@@@@@@@@@@@@@@@@@@@@@@@@@@@@@@@@@@@@@@@@@@@@@@@@
---------------------------------------------------

A_SerializationBenchmarks.EricksonLopezOutbox_Serialize_Allocating: Job-FWMHQE(Toolchain=InProcessEmitToolchain) [PayloadSize=10240]
Runtime = ; GC = 
Mean = 593.296 ns, StdErr = 3.258 ns (0.55%), N = 54, StdDev = 23.942 ns
Min = 548.097 ns, Q1 = 575.579 ns, Median = 589.947 ns, Q3 = 607.258 ns, Max = 649.995 ns
IQR = 31.679 ns, LowerFence = 528.061 ns, UpperFence = 654.776 ns
ConfidenceInterval = [581.945 ns; 604.647 ns] (CI 99.9%), Margin = 11.351 ns (1.91% of Mean)
Skewness = 0.52, Kurtosis = 2.77, MValue = 2
-------------------- Histogram --------------------
[547.019 ns ; 566.162 ns) | @@@@@
[566.162 ns ; 581.873 ns) | @@@@@@@@@@@@
[581.873 ns ; 606.237 ns) | @@@@@@@@@@@@@@@@@@@@@@
[606.237 ns ; 622.865 ns) | @@@@@@@@@
[622.865 ns ; 650.536 ns) | @@@@@@
---------------------------------------------------

A_SerializationBenchmarks.EricksonLopezOutbox_Serialize_BufferWriter: Job-FWMHQE(Toolchain=InProcessEmitToolchain) [PayloadSize=10240]
Runtime = ; GC = 
Mean = 336.755 ns, StdErr = 0.471 ns (0.14%), N = 15, StdDev = 1.825 ns
Min = 332.589 ns, Q1 = 335.942 ns, Median = 337.064 ns, Q3 = 338.133 ns, Max = 338.564 ns
IQR = 2.191 ns, LowerFence = 332.655 ns, UpperFence = 341.420 ns
ConfidenceInterval = [334.805 ns; 338.706 ns] (CI 99.9%), Margin = 1.951 ns (0.58% of Mean)
Skewness = -0.95, Kurtosis = 2.63, MValue = 2
-------------------- Histogram --------------------
[331.618 ns ; 339.535 ns) | @@@@@@@@@@@@@@@
---------------------------------------------------

A_SerializationBenchmarks.EricksonLopezOutbox_Serialize_Allocating: Job-OUHNJV(IterationCount=100, WarmupCount=20) [PayloadSize=102400]
Runtime = .NET 10.0.10 (10.0.1026.32716), X64 RyuJIT AVX-512F+CD+BW+DQ+VL+VBMI; GC = Concurrent Workstation
Mean = 6.013 μs, StdErr = 0.011 μs (0.18%), N = 100, StdDev = 0.107 μs
Min = 5.840 μs, Q1 = 5.930 μs, Median = 6.010 μs, Q3 = 6.093 μs, Max = 6.307 μs
IQR = 0.163 μs, LowerFence = 5.686 μs, UpperFence = 6.338 μs
ConfidenceInterval = [5.977 μs; 6.049 μs] (CI 99.9%), Margin = 0.036 μs (0.60% of Mean)
Skewness = 0.44, Kurtosis = 2.52, MValue = 2
-------------------- Histogram --------------------
[5.810 μs ; 5.997 μs) | @@@@@@@@@@@@@@@@@@@@@@@@@@@@@@@@@@@@@@@@@@@@@@@
[5.997 μs ; 6.206 μs) | @@@@@@@@@@@@@@@@@@@@@@@@@@@@@@@@@@@@@@@@@@@@@@@@@
[6.206 μs ; 6.337 μs) | @@@@
---------------------------------------------------

A_SerializationBenchmarks.EricksonLopezOutbox_Serialize_BufferWriter: Job-OUHNJV(IterationCount=100, WarmupCount=20) [PayloadSize=102400]
Runtime = .NET 10.0.10 (10.0.1026.32716), X64 RyuJIT AVX-512F+CD+BW+DQ+VL+VBMI; GC = Concurrent Workstation
Mean = 3.419 μs, StdErr = 0.002 μs (0.05%), N = 98, StdDev = 0.017 μs
Min = 3.387 μs, Q1 = 3.406 μs, Median = 3.418 μs, Q3 = 3.431 μs, Max = 3.467 μs
IQR = 0.025 μs, LowerFence = 3.369 μs, UpperFence = 3.469 μs
ConfidenceInterval = [3.413 μs; 3.425 μs] (CI 99.9%), Margin = 0.006 μs (0.17% of Mean)
Skewness = 0.59, Kurtosis = 2.67, MValue = 2
-------------------- Histogram --------------------
[3.382 μs ; 3.472 μs) | @@@@@@@@@@@@@@@@@@@@@@@@@@@@@@@@@@@@@@@@@@@@@@@@@@@@@@@@@@@@@@@@@@@@@@@@@@@@@@@@@@@@@@@@@@@@@@@@@@
---------------------------------------------------

A_SerializationBenchmarks.EricksonLopezOutbox_Serialize_Allocating: Job-FWMHQE(Toolchain=InProcessEmitToolchain) [PayloadSize=102400]
Runtime = ; GC = 
Mean = 7.767 μs, StdErr = 0.008 μs (0.11%), N = 12, StdDev = 0.029 μs
Min = 7.711 μs, Q1 = 7.749 μs, Median = 7.772 μs, Q3 = 7.786 μs, Max = 7.803 μs
IQR = 0.037 μs, LowerFence = 7.694 μs, UpperFence = 7.842 μs
ConfidenceInterval = [7.730 μs; 7.803 μs] (CI 99.9%), Margin = 0.037 μs (0.47% of Mean)
Skewness = -0.45, Kurtosis = 1.87, MValue = 2
-------------------- Histogram --------------------
[7.694 μs ; 7.819 μs) | @@@@@@@@@@@@
---------------------------------------------------

A_SerializationBenchmarks.EricksonLopezOutbox_Serialize_BufferWriter: Job-FWMHQE(Toolchain=InProcessEmitToolchain) [PayloadSize=102400]
Runtime = ; GC = 
Mean = 3.380 μs, StdErr = 0.002 μs (0.06%), N = 14, StdDev = 0.008 μs
Min = 3.368 μs, Q1 = 3.373 μs, Median = 3.379 μs, Q3 = 3.384 μs, Max = 3.394 μs
IQR = 0.011 μs, LowerFence = 3.357 μs, UpperFence = 3.400 μs
ConfidenceInterval = [3.371 μs; 3.388 μs] (CI 99.9%), Margin = 0.009 μs (0.25% of Mean)
Skewness = 0.35, Kurtosis = 1.95, MValue = 2
-------------------- Histogram --------------------
[3.364 μs ; 3.398 μs) | @@@@@@@@@@@@@@
---------------------------------------------------

// * Summary *

BenchmarkDotNet v0.13.12, Windows 11 (10.0.26200.8875)
Unknown processor
.NET SDK 10.0.302
  [Host]     : .NET 10.0.10 (10.0.1026.32716), X64 RyuJIT AVX-512F+CD+BW+DQ+VL+VBMI
  Job-OUHNJV : .NET 10.0.10 (10.0.1026.32716), X64 RyuJIT AVX-512F+CD+BW+DQ+VL+VBMI


| Method                                     | Job        | Toolchain              | IterationCount | WarmupCount | PayloadSize | Mean        | Min         | Max         | P50         | P95         | Op/s         | Ratio | Gen0    | Gen1    | Gen2    | Allocated | Alloc Ratio |
|------------------------------------------- |----------- |----------------------- |--------------- |------------ |------------ |------------:|------------:|------------:|------------:|------------:|-------------:|------:|--------:|--------:|--------:|----------:|------------:|
| EricksonLopezOutbox_Serialize_Allocating   | Job-OUHNJV | Default                | 100            | 20          | 512         |    78.92 ns |    73.38 ns |    83.15 ns |    78.62 ns |    82.68 ns | 12,670,438.9 |  1.00 |  0.0117 |       - |       - |     592 B |        1.00 |
| EricksonLopezOutbox_Serialize_BufferWriter | Job-OUHNJV | Default                | 100            | 20          | 512         |    53.83 ns |    52.76 ns |    54.51 ns |    53.91 ns |    54.40 ns | 18,576,315.0 |  0.68 |  0.0006 |       - |       - |      32 B |        0.05 |
|                                            |            |                        |                |             |             |             |             |             |             |             |              |       |         |         |         |           |             |
| EricksonLopezOutbox_Serialize_Allocating   | Job-FWMHQE | InProcessEmitToolchain | Default        | Default     | 512         |    89.43 ns |    87.81 ns |    91.82 ns |    88.97 ns |    91.61 ns | 11,182,124.8 |  1.00 |  0.0117 |       - |       - |     592 B |        1.00 |
| EricksonLopezOutbox_Serialize_BufferWriter | Job-FWMHQE | InProcessEmitToolchain | Default        | Default     | 512         |    65.84 ns |    65.60 ns |    66.59 ns |    65.72 ns |    66.33 ns | 15,188,834.5 |  0.74 |  0.0006 |       - |       - |      32 B |        0.05 |
|                                            |            |                        |                |             |             |             |             |             |             |             |              |       |         |         |         |           |             |
| EricksonLopezOutbox_Serialize_Allocating   | Job-OUHNJV | Default                | 100            | 20          | 10240       |   576.70 ns |   520.19 ns |   662.82 ns |   572.39 ns |   626.21 ns |  1,734,003.0 |  1.00 |  0.2050 |  0.0076 |       - |   10320 B |       1.000 |
| EricksonLopezOutbox_Serialize_BufferWriter | Job-OUHNJV | Default                | 100            | 20          | 10240       |   323.54 ns |   319.98 ns |   326.75 ns |   323.56 ns |   325.91 ns |  3,090,834.2 |  0.56 |  0.0005 |       - |       - |      32 B |       0.003 |
|                                            |            |                        |                |             |             |             |             |             |             |             |              |       |         |         |         |           |             |
| EricksonLopezOutbox_Serialize_Allocating   | Job-FWMHQE | InProcessEmitToolchain | Default        | Default     | 10240       |   593.30 ns |   548.10 ns |   650.00 ns |   589.95 ns |   636.67 ns |  1,685,499.2 |  1.00 |  0.2050 |  0.0076 |       - |   10320 B |       1.000 |
| EricksonLopezOutbox_Serialize_BufferWriter | Job-FWMHQE | InProcessEmitToolchain | Default        | Default     | 10240       |   336.76 ns |   332.59 ns |   338.56 ns |   337.06 ns |   338.50 ns |  2,969,516.1 |  0.58 |  0.0005 |       - |       - |      32 B |       0.003 |
|                                            |            |                        |                |             |             |             |             |             |             |             |              |       |         |         |         |           |             |
| EricksonLopezOutbox_Serialize_Allocating   | Job-OUHNJV | Default                | 100            | 20          | 102400      | 6,013.08 ns | 5,839.78 ns | 6,306.65 ns | 6,009.60 ns | 6,188.06 ns |    166,304.2 |  1.00 | 32.2571 | 32.2571 | 32.2571 |  102513 B |       1.000 |
| EricksonLopezOutbox_Serialize_BufferWriter | Job-OUHNJV | Default                | 100            | 20          | 102400      | 3,419.04 ns | 3,387.15 ns | 3,467.35 ns | 3,418.24 ns | 3,447.49 ns |    292,479.8 |  0.57 |       - |       - |       - |      32 B |       0.000 |
|                                            |            |                        |                |             |             |             |             |             |             |             |              |       |         |         |         |           |             |
| EricksonLopezOutbox_Serialize_Allocating   | Job-FWMHQE | InProcessEmitToolchain | Default        | Default     | 102400      | 7,766.59 ns | 7,710.67 ns | 7,803.06 ns | 7,771.87 ns | 7,800.02 ns |    128,756.6 |  1.00 | 17.7460 | 17.7460 | 17.7460 |  102573 B |       1.000 |
| EricksonLopezOutbox_Serialize_BufferWriter | Job-FWMHQE | InProcessEmitToolchain | Default        | Default     | 102400      | 3,379.60 ns | 3,367.87 ns | 3,393.94 ns | 3,378.79 ns | 3,392.31 ns |    295,892.9 |  0.44 |       - |       - |       - |      32 B |       0.000 |

// * Hints *
Outliers
  A_SerializationBenchmarks.EricksonLopezOutbox_Serialize_Allocating: IterationCount=100, WarmupCount=20   -> 3 outliers were removed, 6 outliers were detected (74.74 ns..75.44 ns, 85.50 ns..85.87 ns)
  A_SerializationBenchmarks.EricksonLopezOutbox_Serialize_BufferWriter: IterationCount=100, WarmupCount=20 -> 3 outliers were removed, 13 outliers were detected (54.09 ns..54.45 ns, 56.04 ns..56.24 ns)
  A_SerializationBenchmarks.EricksonLopezOutbox_Serialize_BufferWriter: Toolchain=InProcessEmitToolchain   -> 2 outliers were removed (71.05 ns, 72.11 ns)
  A_SerializationBenchmarks.EricksonLopezOutbox_Serialize_BufferWriter: IterationCount=100, WarmupCount=20 -> 2 outliers were removed, 5 outliers were detected (321.36 ns..321.64 ns, 328.69 ns, 330.15 ns)
  A_SerializationBenchmarks.EricksonLopezOutbox_Serialize_Allocating: Toolchain=InProcessEmitToolchain     -> 4 outliers were removed (658.96 ns..672.05 ns)
  A_SerializationBenchmarks.EricksonLopezOutbox_Serialize_BufferWriter: Toolchain=InProcessEmitToolchain   -> 1 outlier  was  detected (334.13 ns)
  A_SerializationBenchmarks.EricksonLopezOutbox_Serialize_BufferWriter: IterationCount=100, WarmupCount=20 -> 2 outliers were removed (3.47 μs, 3.50 μs)
  A_SerializationBenchmarks.EricksonLopezOutbox_Serialize_Allocating: Toolchain=InProcessEmitToolchain     -> 3 outliers were removed (7.89 μs..8.66 μs)
  A_SerializationBenchmarks.EricksonLopezOutbox_Serialize_BufferWriter: Toolchain=InProcessEmitToolchain   -> 1 outlier  was  removed (3.41 μs)
HideColumnsAnalyser
  Summary -> Hidden columns: Error, StdDev, RatioSD
// * Config Issues *

// * Warnings *
Configuration
  Summary -> The exporter MarkdownExporter-github is already present in configuration. There may be unexpected results.

// * Legends *
  PayloadSize : Value of the 'PayloadSize' parameter
  Mean        : Arithmetic mean of all measurements
  Min         : Minimum
  Max         : Maximum
  P50         : Percentile 50
  P95         : Percentile 95
  Op/s        : Operation per second
  Ratio       : Mean of the ratio distribution ([Current]/[Baseline])
  Gen0        : GC Generation 0 collects per 1000 operations
  Gen1        : GC Generation 1 collects per 1000 operations
  Gen2        : GC Generation 2 collects per 1000 operations
  Allocated   : Allocated memory per single operation (managed only, inclusive, 1KB = 1024B)
  Alloc Ratio : Allocated memory ratio distribution ([Current]/[Baseline])
  1 ns        : 1 Nanosecond (0.000000001 sec)

// * Diagnostic Output - MemoryDiagnoser *


// ***** BenchmarkRunner: End *****
Run time: 00:11:46 (706.5 sec), executed benchmarks: 12

// Found 4 benchmarks:
//   B_MessageConstructionBenchmarks.EricksonLopezOutbox_CreateOutboxMessage: Job-BVYALF(IterationCount=200, WarmupCount=20)
//   B_MessageConstructionBenchmarks.EricksonLopezOutbox_CreateMessageMetadata: Job-BVYALF(IterationCount=200, WarmupCount=20)
//   B_MessageConstructionBenchmarks.EricksonLopezOutbox_CreateOutboxMessage: Job-FWMHQE(Toolchain=InProcessEmitToolchain)
//   B_MessageConstructionBenchmarks.EricksonLopezOutbox_CreateMessageMetadata: Job-FWMHQE(Toolchain=InProcessEmitToolchain)

Setup power plan (GUID: 8c5e7fda-e8bf-4a96-9a85-a6e23a8c635c FriendlyName: Alto rendimiento)
// **************************
// Benchmark: B_MessageConstructionBenchmarks.EricksonLopezOutbox_CreateOutboxMessage: Job-BVYALF(IterationCount=200, WarmupCount=20)
// *** Execute ***
// Launch: 1 / 1
// Execute: dotnet 7284c0d0-c932-4332-801f-2c62674b8ef9.dll --anonymousPipes 3800 2476 --benchmarkName EricksonLopez.Outbox.Benchmarks.B_MessageConstructionBenchmarks.EricksonLopezOutbox_CreateOutboxMessage --job "IterationCount=200, WarmupCount=20" --benchmarkId 6 in D:\DevData\ericksonlopez.dev\dotnet-outbox\benchmarks\EricksonLopez.Outbox.Benchmarks\bin\Release\net10.0\7284c0d0-c932-4332-801f-2c62674b8ef9\bin\Release\net10.0
// BeforeAnythingElse

// Benchmark Process Environment Information:
// BenchmarkDotNet v0.13.12
// Runtime=.NET 10.0.10 (10.0.1026.32716), X64 RyuJIT AVX-512F+CD+BW+DQ+VL+VBMI
// GC=Concurrent Workstation
// HardwareIntrinsics=AVX-512F+CD+BW+DQ+VL+VBMI,AES,BMI1,BMI2,FMA,LZCNT,PCLMUL,POPCNT,AvxVnni VectorSize=256
// Job: Job-QDJKML(IterationCount=200, WarmupCount=20)

OverheadJitting  1: 1 op, 223500.00 ns, 223.5000 us/op
WorkloadJitting  1: 1 op, 611400.00 ns, 611.4000 us/op

OverheadJitting  2: 16 op, 333400.00 ns, 20.8375 us/op
WorkloadJitting  2: 16 op, 294000.00 ns, 18.3750 us/op

WorkloadPilot    1: 16 op, 4800.00 ns, 300.0000 ns/op
WorkloadPilot    2: 32 op, 9500.00 ns, 296.8750 ns/op
WorkloadPilot    3: 64 op, 12900.00 ns, 201.5625 ns/op
WorkloadPilot    4: 128 op, 30500.00 ns, 238.2812 ns/op
WorkloadPilot    5: 256 op, 38100.00 ns, 148.8281 ns/op
WorkloadPilot    6: 512 op, 80100.00 ns, 156.4453 ns/op
WorkloadPilot    7: 1024 op, 149900.00 ns, 146.3867 ns/op
WorkloadPilot    8: 2048 op, 220300.00 ns, 107.5684 ns/op
WorkloadPilot    9: 4096 op, 494100.00 ns, 120.6299 ns/op
WorkloadPilot   10: 8192 op, 985500.00 ns, 120.3003 ns/op
WorkloadPilot   11: 16384 op, 1970200.00 ns, 120.2515 ns/op
WorkloadPilot   12: 32768 op, 3932200.00 ns, 120.0012 ns/op
WorkloadPilot   13: 65536 op, 7764900.00 ns, 118.4830 ns/op
WorkloadPilot   14: 131072 op, 14326600.00 ns, 109.3033 ns/op
WorkloadPilot   15: 262144 op, 26955500.00 ns, 102.8271 ns/op
WorkloadPilot   16: 524288 op, 44534500.00 ns, 84.9428 ns/op
WorkloadPilot   17: 1048576 op, 79618200.00 ns, 75.9298 ns/op
WorkloadPilot   18: 2097152 op, 146048000.00 ns, 69.6411 ns/op
WorkloadPilot   19: 4194304 op, 292763100.00 ns, 69.8002 ns/op
WorkloadPilot   20: 8388608 op, 599345000.00 ns, 71.4475 ns/op

OverheadWarmup   1: 8388608 op, 16144800.00 ns, 1.9246 ns/op
OverheadWarmup   2: 8388608 op, 16216700.00 ns, 1.9332 ns/op
OverheadWarmup   3: 8388608 op, 16247400.00 ns, 1.9368 ns/op
OverheadWarmup   4: 8388608 op, 16400200.00 ns, 1.9551 ns/op
OverheadWarmup   5: 8388608 op, 16259800.00 ns, 1.9383 ns/op
OverheadWarmup   6: 8388608 op, 16224300.00 ns, 1.9341 ns/op
OverheadWarmup   7: 8388608 op, 16245200.00 ns, 1.9366 ns/op
OverheadWarmup   8: 8388608 op, 16419300.00 ns, 1.9573 ns/op
OverheadWarmup   9: 8388608 op, 16261500.00 ns, 1.9385 ns/op

OverheadActual   1: 8388608 op, 16342300.00 ns, 1.9482 ns/op
OverheadActual   2: 8388608 op, 16314300.00 ns, 1.9448 ns/op
OverheadActual   3: 8388608 op, 16211700.00 ns, 1.9326 ns/op
OverheadActual   4: 8388608 op, 16340400.00 ns, 1.9479 ns/op
OverheadActual   5: 8388608 op, 16293200.00 ns, 1.9423 ns/op
OverheadActual   6: 8388608 op, 16319700.00 ns, 1.9455 ns/op
OverheadActual   7: 8388608 op, 16318000.00 ns, 1.9453 ns/op
OverheadActual   8: 8388608 op, 16339700.00 ns, 1.9478 ns/op
OverheadActual   9: 8388608 op, 16432100.00 ns, 1.9589 ns/op
OverheadActual  10: 8388608 op, 16350000.00 ns, 1.9491 ns/op
OverheadActual  11: 8388608 op, 16271300.00 ns, 1.9397 ns/op
OverheadActual  12: 8388608 op, 16358900.00 ns, 1.9501 ns/op
OverheadActual  13: 8388608 op, 16292000.00 ns, 1.9422 ns/op
OverheadActual  14: 8388608 op, 16172200.00 ns, 1.9279 ns/op
OverheadActual  15: 8388608 op, 16221600.00 ns, 1.9338 ns/op

WorkloadWarmup   1: 8388608 op, 603563800.00 ns, 71.9504 ns/op
WorkloadWarmup   2: 8388608 op, 591442800.00 ns, 70.5055 ns/op
WorkloadWarmup   3: 8388608 op, 586719000.00 ns, 69.9424 ns/op
WorkloadWarmup   4: 8388608 op, 588279300.00 ns, 70.1284 ns/op
WorkloadWarmup   5: 8388608 op, 593909800.00 ns, 70.7996 ns/op
WorkloadWarmup   6: 8388608 op, 588583600.00 ns, 70.1646 ns/op
WorkloadWarmup   7: 8388608 op, 592189300.00 ns, 70.5945 ns/op
WorkloadWarmup   8: 8388608 op, 590499900.00 ns, 70.3931 ns/op
WorkloadWarmup   9: 8388608 op, 609627200.00 ns, 72.6732 ns/op
WorkloadWarmup  10: 8388608 op, 589649900.00 ns, 70.2917 ns/op
WorkloadWarmup  11: 8388608 op, 585942000.00 ns, 69.8497 ns/op
WorkloadWarmup  12: 8388608 op, 588268400.00 ns, 70.1271 ns/op
WorkloadWarmup  13: 8388608 op, 595388900.00 ns, 70.9759 ns/op
WorkloadWarmup  14: 8388608 op, 593817200.00 ns, 70.7885 ns/op
WorkloadWarmup  15: 8388608 op, 594306700.00 ns, 70.8469 ns/op
WorkloadWarmup  16: 8388608 op, 587187100.00 ns, 69.9982 ns/op
WorkloadWarmup  17: 8388608 op, 592207600.00 ns, 70.5966 ns/op
WorkloadWarmup  18: 8388608 op, 589903200.00 ns, 70.3219 ns/op
WorkloadWarmup  19: 8388608 op, 589841800.00 ns, 70.3146 ns/op
WorkloadWarmup  20: 8388608 op, 591708000.00 ns, 70.5371 ns/op

// BeforeActualRun
WorkloadActual   1: 8388608 op, 594945000.00 ns, 70.9230 ns/op
WorkloadActual   2: 8388608 op, 597199500.00 ns, 71.1917 ns/op
WorkloadActual   3: 8388608 op, 586206700.00 ns, 69.8813 ns/op
WorkloadActual   4: 8388608 op, 590260900.00 ns, 70.3646 ns/op
WorkloadActual   5: 8388608 op, 593401500.00 ns, 70.7390 ns/op
WorkloadActual   6: 8388608 op, 590359900.00 ns, 70.3764 ns/op
WorkloadActual   7: 8388608 op, 592742800.00 ns, 70.6604 ns/op
WorkloadActual   8: 8388608 op, 589028600.00 ns, 70.2177 ns/op
WorkloadActual   9: 8388608 op, 592426100.00 ns, 70.6227 ns/op
WorkloadActual  10: 8388608 op, 591148000.00 ns, 70.4703 ns/op
WorkloadActual  11: 8388608 op, 596133300.00 ns, 71.0646 ns/op
WorkloadActual  12: 8388608 op, 585260000.00 ns, 69.7684 ns/op
WorkloadActual  13: 8388608 op, 589638600.00 ns, 70.2904 ns/op
WorkloadActual  14: 8388608 op, 598178100.00 ns, 71.3084 ns/op
WorkloadActual  15: 8388608 op, 590388500.00 ns, 70.3798 ns/op
WorkloadActual  16: 8388608 op, 585398400.00 ns, 69.7849 ns/op
WorkloadActual  17: 8388608 op, 589438400.00 ns, 70.2665 ns/op
WorkloadActual  18: 8388608 op, 593007600.00 ns, 70.6920 ns/op
WorkloadActual  19: 8388608 op, 588335600.00 ns, 70.1351 ns/op
WorkloadActual  20: 8388608 op, 586310100.00 ns, 69.8936 ns/op
WorkloadActual  21: 8388608 op, 591095400.00 ns, 70.4641 ns/op
WorkloadActual  22: 8388608 op, 588977500.00 ns, 70.2116 ns/op
WorkloadActual  23: 8388608 op, 585895400.00 ns, 69.8442 ns/op
WorkloadActual  24: 8388608 op, 581802300.00 ns, 69.3562 ns/op
WorkloadActual  25: 8388608 op, 591481600.00 ns, 70.5101 ns/op
WorkloadActual  26: 8388608 op, 594781500.00 ns, 70.9035 ns/op
WorkloadActual  27: 8388608 op, 592326500.00 ns, 70.6108 ns/op
WorkloadActual  28: 8388608 op, 589689000.00 ns, 70.2964 ns/op
WorkloadActual  29: 8388608 op, 589542100.00 ns, 70.2789 ns/op
WorkloadActual  30: 8388608 op, 585988500.00 ns, 69.8553 ns/op
WorkloadActual  31: 8388608 op, 586813900.00 ns, 69.9537 ns/op
WorkloadActual  32: 8388608 op, 588316700.00 ns, 70.1328 ns/op
WorkloadActual  33: 8388608 op, 583553000.00 ns, 69.5649 ns/op
WorkloadActual  34: 8388608 op, 592131100.00 ns, 70.5875 ns/op
WorkloadActual  35: 8388608 op, 589929100.00 ns, 70.3250 ns/op
WorkloadActual  36: 8388608 op, 596785200.00 ns, 71.1423 ns/op
WorkloadActual  37: 8388608 op, 591836500.00 ns, 70.5524 ns/op
WorkloadActual  38: 8388608 op, 593690300.00 ns, 70.7734 ns/op
WorkloadActual  39: 8388608 op, 595387800.00 ns, 70.9758 ns/op
WorkloadActual  40: 8388608 op, 591888200.00 ns, 70.5586 ns/op
WorkloadActual  41: 8388608 op, 600047600.00 ns, 71.5312 ns/op
WorkloadActual  42: 8388608 op, 586272900.00 ns, 69.8892 ns/op
WorkloadActual  43: 8388608 op, 586800700.00 ns, 69.9521 ns/op
WorkloadActual  44: 8388608 op, 588315800.00 ns, 70.1327 ns/op
WorkloadActual  45: 8388608 op, 588649900.00 ns, 70.1725 ns/op
WorkloadActual  46: 8388608 op, 587506700.00 ns, 70.0363 ns/op
WorkloadActual  47: 8388608 op, 589192100.00 ns, 70.2372 ns/op
WorkloadActual  48: 8388608 op, 585205300.00 ns, 69.7619 ns/op
WorkloadActual  49: 8388608 op, 587259100.00 ns, 70.0067 ns/op
WorkloadActual  50: 8388608 op, 586090700.00 ns, 69.8675 ns/op
WorkloadActual  51: 8388608 op, 588953400.00 ns, 70.2087 ns/op
WorkloadActual  52: 8388608 op, 588243000.00 ns, 70.1240 ns/op
WorkloadActual  53: 8388608 op, 596799300.00 ns, 71.1440 ns/op
WorkloadActual  54: 8388608 op, 590879000.00 ns, 70.4383 ns/op
WorkloadActual  55: 8388608 op, 588973200.00 ns, 70.2111 ns/op
WorkloadActual  56: 8388608 op, 586590500.00 ns, 69.9270 ns/op
WorkloadActual  57: 8388608 op, 583420300.00 ns, 69.5491 ns/op
WorkloadActual  58: 8388608 op, 583526100.00 ns, 69.5617 ns/op
WorkloadActual  59: 8388608 op, 589034600.00 ns, 70.2184 ns/op
WorkloadActual  60: 8388608 op, 589195800.00 ns, 70.2376 ns/op
WorkloadActual  61: 8388608 op, 585966500.00 ns, 69.8527 ns/op
WorkloadActual  62: 8388608 op, 596328800.00 ns, 71.0879 ns/op
WorkloadActual  63: 8388608 op, 591016500.00 ns, 70.4547 ns/op
WorkloadActual  64: 8388608 op, 587247800.00 ns, 70.0054 ns/op
WorkloadActual  65: 8388608 op, 592464300.00 ns, 70.6272 ns/op
WorkloadActual  66: 8388608 op, 589562300.00 ns, 70.2813 ns/op
WorkloadActual  67: 8388608 op, 584779800.00 ns, 69.7112 ns/op
WorkloadActual  68: 8388608 op, 588699900.00 ns, 70.1785 ns/op
WorkloadActual  69: 8388608 op, 588376700.00 ns, 70.1400 ns/op
WorkloadActual  70: 8388608 op, 590503600.00 ns, 70.3935 ns/op
WorkloadActual  71: 8388608 op, 585127400.00 ns, 69.7526 ns/op
WorkloadActual  72: 8388608 op, 584709400.00 ns, 69.7028 ns/op
WorkloadActual  73: 8388608 op, 587552200.00 ns, 70.0417 ns/op
WorkloadActual  74: 8388608 op, 582609900.00 ns, 69.4525 ns/op
WorkloadActual  75: 8388608 op, 582971200.00 ns, 69.4956 ns/op
WorkloadActual  76: 8388608 op, 585513400.00 ns, 69.7986 ns/op
WorkloadActual  77: 8388608 op, 589538000.00 ns, 70.2784 ns/op
WorkloadActual  78: 8388608 op, 586859900.00 ns, 69.9592 ns/op
WorkloadActual  79: 8388608 op, 583935700.00 ns, 69.6106 ns/op
WorkloadActual  80: 8388608 op, 587715700.00 ns, 70.0612 ns/op
WorkloadActual  81: 8388608 op, 587859000.00 ns, 70.0783 ns/op
WorkloadActual  82: 8388608 op, 585546800.00 ns, 69.8026 ns/op
WorkloadActual  83: 8388608 op, 585229400.00 ns, 69.7648 ns/op
WorkloadActual  84: 8388608 op, 589178400.00 ns, 70.2355 ns/op
WorkloadActual  85: 8388608 op, 582950600.00 ns, 69.4931 ns/op
WorkloadActual  86: 8388608 op, 585895300.00 ns, 69.8442 ns/op
WorkloadActual  87: 8388608 op, 589303200.00 ns, 70.2504 ns/op
WorkloadActual  88: 8388608 op, 582761600.00 ns, 69.4706 ns/op
WorkloadActual  89: 8388608 op, 593466600.00 ns, 70.7467 ns/op
WorkloadActual  90: 8388608 op, 585805100.00 ns, 69.8334 ns/op
WorkloadActual  91: 8388608 op, 584145200.00 ns, 69.6355 ns/op
WorkloadActual  92: 8388608 op, 589247700.00 ns, 70.2438 ns/op
WorkloadActual  93: 8388608 op, 589299500.00 ns, 70.2500 ns/op
WorkloadActual  94: 8388608 op, 582805100.00 ns, 69.4758 ns/op
WorkloadActual  95: 8388608 op, 584867700.00 ns, 69.7217 ns/op
WorkloadActual  96: 8388608 op, 583857300.00 ns, 69.6012 ns/op
WorkloadActual  97: 8388608 op, 585539700.00 ns, 69.8018 ns/op
WorkloadActual  98: 8388608 op, 584255400.00 ns, 69.6487 ns/op
WorkloadActual  99: 8388608 op, 589027400.00 ns, 70.2175 ns/op
WorkloadActual  100: 8388608 op, 585512600.00 ns, 69.7985 ns/op
WorkloadActual  101: 8388608 op, 591919100.00 ns, 70.5623 ns/op
WorkloadActual  102: 8388608 op, 591876400.00 ns, 70.5572 ns/op
WorkloadActual  103: 8388608 op, 582133700.00 ns, 69.3957 ns/op
WorkloadActual  104: 8388608 op, 595294800.00 ns, 70.9647 ns/op
WorkloadActual  105: 8388608 op, 587224900.00 ns, 70.0027 ns/op
WorkloadActual  106: 8388608 op, 592552900.00 ns, 70.6378 ns/op
WorkloadActual  107: 8388608 op, 587297500.00 ns, 70.0113 ns/op
WorkloadActual  108: 8388608 op, 586282200.00 ns, 69.8903 ns/op
WorkloadActual  109: 8388608 op, 587997600.00 ns, 70.0948 ns/op
WorkloadActual  110: 8388608 op, 589962000.00 ns, 70.3290 ns/op
WorkloadActual  111: 8388608 op, 586130000.00 ns, 69.8721 ns/op
WorkloadActual  112: 8388608 op, 589014600.00 ns, 70.2160 ns/op
WorkloadActual  113: 8388608 op, 587217900.00 ns, 70.0018 ns/op
WorkloadActual  114: 8388608 op, 583800300.00 ns, 69.5944 ns/op
WorkloadActual  115: 8388608 op, 588960400.00 ns, 70.2096 ns/op
WorkloadActual  116: 8388608 op, 585271000.00 ns, 69.7697 ns/op
WorkloadActual  117: 8388608 op, 584792000.00 ns, 69.7126 ns/op
WorkloadActual  118: 8388608 op, 590916400.00 ns, 70.4427 ns/op
WorkloadActual  119: 8388608 op, 596320700.00 ns, 71.0870 ns/op
WorkloadActual  120: 8388608 op, 595105600.00 ns, 70.9421 ns/op
WorkloadActual  121: 8388608 op, 599279400.00 ns, 71.4397 ns/op
WorkloadActual  122: 8388608 op, 586086300.00 ns, 69.8669 ns/op
WorkloadActual  123: 8388608 op, 587620000.00 ns, 70.0498 ns/op
WorkloadActual  124: 8388608 op, 592584100.00 ns, 70.6415 ns/op
WorkloadActual  125: 8388608 op, 588787500.00 ns, 70.1889 ns/op
WorkloadActual  126: 8388608 op, 587541000.00 ns, 70.0403 ns/op
WorkloadActual  127: 8388608 op, 588163800.00 ns, 70.1146 ns/op
WorkloadActual  128: 8388608 op, 586575000.00 ns, 69.9252 ns/op
WorkloadActual  129: 8388608 op, 586507000.00 ns, 69.9171 ns/op
WorkloadActual  130: 8388608 op, 588583800.00 ns, 70.1647 ns/op
WorkloadActual  131: 8388608 op, 586355400.00 ns, 69.8990 ns/op
WorkloadActual  132: 8388608 op, 584410300.00 ns, 69.6671 ns/op
WorkloadActual  133: 8388608 op, 586590700.00 ns, 69.9271 ns/op
WorkloadActual  134: 8388608 op, 589570400.00 ns, 70.2823 ns/op
WorkloadActual  135: 8388608 op, 585445000.00 ns, 69.7905 ns/op
WorkloadActual  136: 8388608 op, 596803500.00 ns, 71.1445 ns/op
WorkloadActual  137: 8388608 op, 597725600.00 ns, 71.2544 ns/op
WorkloadActual  138: 8388608 op, 595485800.00 ns, 70.9874 ns/op
WorkloadActual  139: 8388608 op, 589664600.00 ns, 70.2935 ns/op
WorkloadActual  140: 8388608 op, 584565000.00 ns, 69.6856 ns/op
WorkloadActual  141: 8388608 op, 586324100.00 ns, 69.8953 ns/op
WorkloadActual  142: 8388608 op, 585323200.00 ns, 69.7760 ns/op
WorkloadActual  143: 8388608 op, 586564100.00 ns, 69.9239 ns/op
WorkloadActual  144: 8388608 op, 583636700.00 ns, 69.5749 ns/op
WorkloadActual  145: 8388608 op, 586822900.00 ns, 69.9547 ns/op
WorkloadActual  146: 8388608 op, 586790300.00 ns, 69.9509 ns/op
WorkloadActual  147: 8388608 op, 583538700.00 ns, 69.5632 ns/op
WorkloadActual  148: 8388608 op, 582777700.00 ns, 69.4725 ns/op
WorkloadActual  149: 8388608 op, 588966600.00 ns, 70.2103 ns/op
WorkloadActual  150: 8388608 op, 586763100.00 ns, 69.9476 ns/op
WorkloadActual  151: 8388608 op, 586045800.00 ns, 69.8621 ns/op
WorkloadActual  152: 8388608 op, 586566000.00 ns, 69.9241 ns/op
WorkloadActual  153: 8388608 op, 588231600.00 ns, 70.1227 ns/op
WorkloadActual  154: 8388608 op, 591152200.00 ns, 70.4708 ns/op
WorkloadActual  155: 8388608 op, 590442100.00 ns, 70.3862 ns/op
WorkloadActual  156: 8388608 op, 585093000.00 ns, 69.7485 ns/op
WorkloadActual  157: 8388608 op, 583774300.00 ns, 69.5913 ns/op
WorkloadActual  158: 8388608 op, 584884100.00 ns, 69.7236 ns/op
WorkloadActual  159: 8388608 op, 582172100.00 ns, 69.4003 ns/op
WorkloadActual  160: 8388608 op, 580064600.00 ns, 69.1491 ns/op
WorkloadActual  161: 8388608 op, 581054500.00 ns, 69.2671 ns/op
WorkloadActual  162: 8388608 op, 581072200.00 ns, 69.2692 ns/op
WorkloadActual  163: 8388608 op, 578952200.00 ns, 69.0165 ns/op
WorkloadActual  164: 8388608 op, 590008800.00 ns, 70.3345 ns/op
WorkloadActual  165: 8388608 op, 580424900.00 ns, 69.1920 ns/op
WorkloadActual  166: 8388608 op, 589464400.00 ns, 70.2696 ns/op
WorkloadActual  167: 8388608 op, 586937300.00 ns, 69.9684 ns/op
WorkloadActual  168: 8388608 op, 593581300.00 ns, 70.7604 ns/op
WorkloadActual  169: 8388608 op, 581281700.00 ns, 69.2942 ns/op
WorkloadActual  170: 8388608 op, 584293200.00 ns, 69.6532 ns/op
WorkloadActual  171: 8388608 op, 583507400.00 ns, 69.5595 ns/op
WorkloadActual  172: 8388608 op, 586271700.00 ns, 69.8890 ns/op
WorkloadActual  173: 8388608 op, 583360200.00 ns, 69.5420 ns/op
WorkloadActual  174: 8388608 op, 582654800.00 ns, 69.4579 ns/op
WorkloadActual  175: 8388608 op, 587341600.00 ns, 70.0166 ns/op
WorkloadActual  176: 8388608 op, 588963700.00 ns, 70.2099 ns/op
WorkloadActual  177: 8388608 op, 585366200.00 ns, 69.7811 ns/op
WorkloadActual  178: 8388608 op, 584543600.00 ns, 69.6830 ns/op
WorkloadActual  179: 8388608 op, 583481500.00 ns, 69.5564 ns/op
WorkloadActual  180: 8388608 op, 583248600.00 ns, 69.5287 ns/op
WorkloadActual  181: 8388608 op, 577106600.00 ns, 68.7965 ns/op
WorkloadActual  182: 8388608 op, 582750300.00 ns, 69.4692 ns/op
WorkloadActual  183: 8388608 op, 580679100.00 ns, 69.2223 ns/op
WorkloadActual  184: 8388608 op, 580918000.00 ns, 69.2508 ns/op
WorkloadActual  185: 8388608 op, 583619900.00 ns, 69.5729 ns/op
WorkloadActual  186: 8388608 op, 584477000.00 ns, 69.6751 ns/op
WorkloadActual  187: 8388608 op, 585525800.00 ns, 69.8001 ns/op
WorkloadActual  188: 8388608 op, 580453800.00 ns, 69.1955 ns/op
WorkloadActual  189: 8388608 op, 585745600.00 ns, 69.8263 ns/op
WorkloadActual  190: 8388608 op, 593329700.00 ns, 70.7304 ns/op
WorkloadActual  191: 8388608 op, 584955500.00 ns, 69.7321 ns/op
WorkloadActual  192: 8388608 op, 588330500.00 ns, 70.1345 ns/op
WorkloadActual  193: 8388608 op, 586809900.00 ns, 69.9532 ns/op
WorkloadActual  194: 8388608 op, 588462800.00 ns, 70.1502 ns/op
WorkloadActual  195: 8388608 op, 584369300.00 ns, 69.6622 ns/op
WorkloadActual  196: 8388608 op, 589582100.00 ns, 70.2837 ns/op
WorkloadActual  197: 8388608 op, 590789200.00 ns, 70.4276 ns/op
WorkloadActual  198: 8388608 op, 590955400.00 ns, 70.4474 ns/op
WorkloadActual  199: 8388608 op, 589705500.00 ns, 70.2984 ns/op
WorkloadActual  200: 8388608 op, 586803300.00 ns, 69.9524 ns/op

// AfterActualRun
WorkloadResult   1: 8388608 op, 578627000.00 ns, 68.9777 ns/op
WorkloadResult   2: 8388608 op, 569888700.00 ns, 67.9360 ns/op
WorkloadResult   3: 8388608 op, 573942900.00 ns, 68.4193 ns/op
WorkloadResult   4: 8388608 op, 577083500.00 ns, 68.7937 ns/op
WorkloadResult   5: 8388608 op, 574041900.00 ns, 68.4311 ns/op
WorkloadResult   6: 8388608 op, 576424800.00 ns, 68.7152 ns/op
WorkloadResult   7: 8388608 op, 572710600.00 ns, 68.2724 ns/op
WorkloadResult   8: 8388608 op, 576108100.00 ns, 68.6774 ns/op
WorkloadResult   9: 8388608 op, 574830000.00 ns, 68.5251 ns/op
WorkloadResult  10: 8388608 op, 579815300.00 ns, 69.1194 ns/op
WorkloadResult  11: 8388608 op, 568942000.00 ns, 67.8232 ns/op
WorkloadResult  12: 8388608 op, 573320600.00 ns, 68.3451 ns/op
WorkloadResult  13: 8388608 op, 574070500.00 ns, 68.4345 ns/op
WorkloadResult  14: 8388608 op, 569080400.00 ns, 67.8397 ns/op
WorkloadResult  15: 8388608 op, 573120400.00 ns, 68.3213 ns/op
WorkloadResult  16: 8388608 op, 576689600.00 ns, 68.7468 ns/op
WorkloadResult  17: 8388608 op, 572017600.00 ns, 68.1898 ns/op
WorkloadResult  18: 8388608 op, 569992100.00 ns, 67.9484 ns/op
WorkloadResult  19: 8388608 op, 574777400.00 ns, 68.5188 ns/op
WorkloadResult  20: 8388608 op, 572659500.00 ns, 68.2663 ns/op
WorkloadResult  21: 8388608 op, 569577400.00 ns, 67.8989 ns/op
WorkloadResult  22: 8388608 op, 565484300.00 ns, 67.4110 ns/op
WorkloadResult  23: 8388608 op, 575163600.00 ns, 68.5648 ns/op
WorkloadResult  24: 8388608 op, 578463500.00 ns, 68.9582 ns/op
WorkloadResult  25: 8388608 op, 576008500.00 ns, 68.6656 ns/op
WorkloadResult  26: 8388608 op, 573371000.00 ns, 68.3511 ns/op
WorkloadResult  27: 8388608 op, 573224100.00 ns, 68.3336 ns/op
WorkloadResult  28: 8388608 op, 569670500.00 ns, 67.9100 ns/op
WorkloadResult  29: 8388608 op, 570495900.00 ns, 68.0084 ns/op
WorkloadResult  30: 8388608 op, 571998700.00 ns, 68.1876 ns/op
WorkloadResult  31: 8388608 op, 567235000.00 ns, 67.6197 ns/op
WorkloadResult  32: 8388608 op, 575813100.00 ns, 68.6423 ns/op
WorkloadResult  33: 8388608 op, 573611100.00 ns, 68.3798 ns/op
WorkloadResult  34: 8388608 op, 580467200.00 ns, 69.1971 ns/op
WorkloadResult  35: 8388608 op, 575518500.00 ns, 68.6072 ns/op
WorkloadResult  36: 8388608 op, 577372300.00 ns, 68.8281 ns/op
WorkloadResult  37: 8388608 op, 579069800.00 ns, 69.0305 ns/op
WorkloadResult  38: 8388608 op, 575570200.00 ns, 68.6133 ns/op
WorkloadResult  39: 8388608 op, 569954900.00 ns, 67.9439 ns/op
WorkloadResult  40: 8388608 op, 570482700.00 ns, 68.0068 ns/op
WorkloadResult  41: 8388608 op, 571997800.00 ns, 68.1875 ns/op
WorkloadResult  42: 8388608 op, 572331900.00 ns, 68.2273 ns/op
WorkloadResult  43: 8388608 op, 571188700.00 ns, 68.0910 ns/op
WorkloadResult  44: 8388608 op, 572874100.00 ns, 68.2919 ns/op
WorkloadResult  45: 8388608 op, 568887300.00 ns, 67.8167 ns/op
WorkloadResult  46: 8388608 op, 570941100.00 ns, 68.0615 ns/op
WorkloadResult  47: 8388608 op, 569772700.00 ns, 67.9222 ns/op
WorkloadResult  48: 8388608 op, 572635400.00 ns, 68.2635 ns/op
WorkloadResult  49: 8388608 op, 571925000.00 ns, 68.1788 ns/op
WorkloadResult  50: 8388608 op, 580481300.00 ns, 69.1988 ns/op
WorkloadResult  51: 8388608 op, 574561000.00 ns, 68.4930 ns/op
WorkloadResult  52: 8388608 op, 572655200.00 ns, 68.2658 ns/op
WorkloadResult  53: 8388608 op, 570272500.00 ns, 67.9818 ns/op
WorkloadResult  54: 8388608 op, 567102300.00 ns, 67.6039 ns/op
WorkloadResult  55: 8388608 op, 567208100.00 ns, 67.6165 ns/op
WorkloadResult  56: 8388608 op, 572716600.00 ns, 68.2731 ns/op
WorkloadResult  57: 8388608 op, 572877800.00 ns, 68.2924 ns/op
WorkloadResult  58: 8388608 op, 569648500.00 ns, 67.9074 ns/op
WorkloadResult  59: 8388608 op, 580010800.00 ns, 69.1427 ns/op
WorkloadResult  60: 8388608 op, 574698500.00 ns, 68.5094 ns/op
WorkloadResult  61: 8388608 op, 570929800.00 ns, 68.0601 ns/op
WorkloadResult  62: 8388608 op, 576146300.00 ns, 68.6820 ns/op
WorkloadResult  63: 8388608 op, 573244300.00 ns, 68.3360 ns/op
WorkloadResult  64: 8388608 op, 568461800.00 ns, 67.7659 ns/op
WorkloadResult  65: 8388608 op, 572381900.00 ns, 68.2332 ns/op
WorkloadResult  66: 8388608 op, 572058700.00 ns, 68.1947 ns/op
WorkloadResult  67: 8388608 op, 574185600.00 ns, 68.4483 ns/op
WorkloadResult  68: 8388608 op, 568809400.00 ns, 67.8074 ns/op
WorkloadResult  69: 8388608 op, 568391400.00 ns, 67.7575 ns/op
WorkloadResult  70: 8388608 op, 571234200.00 ns, 68.0964 ns/op
WorkloadResult  71: 8388608 op, 566291900.00 ns, 67.5073 ns/op
WorkloadResult  72: 8388608 op, 566653200.00 ns, 67.5503 ns/op
WorkloadResult  73: 8388608 op, 569195400.00 ns, 67.8534 ns/op
WorkloadResult  74: 8388608 op, 573220000.00 ns, 68.3331 ns/op
WorkloadResult  75: 8388608 op, 570541900.00 ns, 68.0139 ns/op
WorkloadResult  76: 8388608 op, 567617700.00 ns, 67.6653 ns/op
WorkloadResult  77: 8388608 op, 571397700.00 ns, 68.1159 ns/op
WorkloadResult  78: 8388608 op, 571541000.00 ns, 68.1330 ns/op
WorkloadResult  79: 8388608 op, 569228800.00 ns, 67.8574 ns/op
WorkloadResult  80: 8388608 op, 568911400.00 ns, 67.8195 ns/op
WorkloadResult  81: 8388608 op, 572860400.00 ns, 68.2903 ns/op
WorkloadResult  82: 8388608 op, 566632600.00 ns, 67.5479 ns/op
WorkloadResult  83: 8388608 op, 569577300.00 ns, 67.8989 ns/op
WorkloadResult  84: 8388608 op, 572985200.00 ns, 68.3052 ns/op
WorkloadResult  85: 8388608 op, 566443600.00 ns, 67.5253 ns/op
WorkloadResult  86: 8388608 op, 577148600.00 ns, 68.8015 ns/op
WorkloadResult  87: 8388608 op, 569487100.00 ns, 67.8882 ns/op
WorkloadResult  88: 8388608 op, 567827200.00 ns, 67.6903 ns/op
WorkloadResult  89: 8388608 op, 572929700.00 ns, 68.2985 ns/op
WorkloadResult  90: 8388608 op, 572981500.00 ns, 68.3047 ns/op
WorkloadResult  91: 8388608 op, 566487100.00 ns, 67.5305 ns/op
WorkloadResult  92: 8388608 op, 568549700.00 ns, 67.7764 ns/op
WorkloadResult  93: 8388608 op, 567539300.00 ns, 67.6560 ns/op
WorkloadResult  94: 8388608 op, 569221700.00 ns, 67.8565 ns/op
WorkloadResult  95: 8388608 op, 567937400.00 ns, 67.7034 ns/op
WorkloadResult  96: 8388608 op, 572709400.00 ns, 68.2723 ns/op
WorkloadResult  97: 8388608 op, 569194600.00 ns, 67.8533 ns/op
WorkloadResult  98: 8388608 op, 575601100.00 ns, 68.6170 ns/op
WorkloadResult  99: 8388608 op, 575558400.00 ns, 68.6119 ns/op
WorkloadResult  100: 8388608 op, 565815700.00 ns, 67.4505 ns/op
WorkloadResult  101: 8388608 op, 578976800.00 ns, 69.0194 ns/op
WorkloadResult  102: 8388608 op, 570906900.00 ns, 68.0574 ns/op
WorkloadResult  103: 8388608 op, 576234900.00 ns, 68.6926 ns/op
WorkloadResult  104: 8388608 op, 570979500.00 ns, 68.0661 ns/op
WorkloadResult  105: 8388608 op, 569964200.00 ns, 67.9450 ns/op
WorkloadResult  106: 8388608 op, 571679600.00 ns, 68.1495 ns/op
WorkloadResult  107: 8388608 op, 573644000.00 ns, 68.3837 ns/op
WorkloadResult  108: 8388608 op, 569812000.00 ns, 67.9269 ns/op
WorkloadResult  109: 8388608 op, 572696600.00 ns, 68.2708 ns/op
WorkloadResult  110: 8388608 op, 570899900.00 ns, 68.0566 ns/op
WorkloadResult  111: 8388608 op, 567482300.00 ns, 67.6492 ns/op
WorkloadResult  112: 8388608 op, 572642400.00 ns, 68.2643 ns/op
WorkloadResult  113: 8388608 op, 568953000.00 ns, 67.8245 ns/op
WorkloadResult  114: 8388608 op, 568474000.00 ns, 67.7674 ns/op
WorkloadResult  115: 8388608 op, 574598400.00 ns, 68.4975 ns/op
WorkloadResult  116: 8388608 op, 580002700.00 ns, 69.1417 ns/op
WorkloadResult  117: 8388608 op, 578787600.00 ns, 68.9969 ns/op
WorkloadResult  118: 8388608 op, 569768300.00 ns, 67.9217 ns/op
WorkloadResult  119: 8388608 op, 571302000.00 ns, 68.1045 ns/op
WorkloadResult  120: 8388608 op, 576266100.00 ns, 68.6963 ns/op
WorkloadResult  121: 8388608 op, 572469500.00 ns, 68.2437 ns/op
WorkloadResult  122: 8388608 op, 571223000.00 ns, 68.0951 ns/op
WorkloadResult  123: 8388608 op, 571845800.00 ns, 68.1693 ns/op
WorkloadResult  124: 8388608 op, 570257000.00 ns, 67.9799 ns/op
WorkloadResult  125: 8388608 op, 570189000.00 ns, 67.9718 ns/op
WorkloadResult  126: 8388608 op, 572265800.00 ns, 68.2194 ns/op
WorkloadResult  127: 8388608 op, 570037400.00 ns, 67.9538 ns/op
WorkloadResult  128: 8388608 op, 568092300.00 ns, 67.7219 ns/op
WorkloadResult  129: 8388608 op, 570272700.00 ns, 67.9818 ns/op
WorkloadResult  130: 8388608 op, 573252400.00 ns, 68.3370 ns/op
WorkloadResult  131: 8388608 op, 569127000.00 ns, 67.8452 ns/op
WorkloadResult  132: 8388608 op, 580485500.00 ns, 69.1993 ns/op
WorkloadResult  133: 8388608 op, 579167800.00 ns, 69.0422 ns/op
WorkloadResult  134: 8388608 op, 573346600.00 ns, 68.3482 ns/op
WorkloadResult  135: 8388608 op, 568247000.00 ns, 67.7403 ns/op
WorkloadResult  136: 8388608 op, 570006100.00 ns, 67.9500 ns/op
WorkloadResult  137: 8388608 op, 569005200.00 ns, 67.8307 ns/op
WorkloadResult  138: 8388608 op, 570246100.00 ns, 67.9786 ns/op
WorkloadResult  139: 8388608 op, 567318700.00 ns, 67.6297 ns/op
WorkloadResult  140: 8388608 op, 570504900.00 ns, 68.0095 ns/op
WorkloadResult  141: 8388608 op, 570472300.00 ns, 68.0056 ns/op
WorkloadResult  142: 8388608 op, 567220700.00 ns, 67.6180 ns/op
WorkloadResult  143: 8388608 op, 566459700.00 ns, 67.5273 ns/op
WorkloadResult  144: 8388608 op, 572648600.00 ns, 68.2650 ns/op
WorkloadResult  145: 8388608 op, 570445100.00 ns, 68.0024 ns/op
WorkloadResult  146: 8388608 op, 569727800.00 ns, 67.9168 ns/op
WorkloadResult  147: 8388608 op, 570248000.00 ns, 67.9789 ns/op
WorkloadResult  148: 8388608 op, 571913600.00 ns, 68.1774 ns/op
WorkloadResult  149: 8388608 op, 574834200.00 ns, 68.5256 ns/op
WorkloadResult  150: 8388608 op, 574124100.00 ns, 68.4409 ns/op
WorkloadResult  151: 8388608 op, 568775000.00 ns, 67.8033 ns/op
WorkloadResult  152: 8388608 op, 567456300.00 ns, 67.6461 ns/op
WorkloadResult  153: 8388608 op, 568566100.00 ns, 67.7784 ns/op
WorkloadResult  154: 8388608 op, 565854100.00 ns, 67.4551 ns/op
WorkloadResult  155: 8388608 op, 563746600.00 ns, 67.2038 ns/op
WorkloadResult  156: 8388608 op, 564736500.00 ns, 67.3218 ns/op
WorkloadResult  157: 8388608 op, 564754200.00 ns, 67.3239 ns/op
WorkloadResult  158: 8388608 op, 562634200.00 ns, 67.0712 ns/op
WorkloadResult  159: 8388608 op, 573690800.00 ns, 68.3893 ns/op
WorkloadResult  160: 8388608 op, 564106900.00 ns, 67.2468 ns/op
WorkloadResult  161: 8388608 op, 573146400.00 ns, 68.3244 ns/op
WorkloadResult  162: 8388608 op, 570619300.00 ns, 68.0231 ns/op
WorkloadResult  163: 8388608 op, 577263300.00 ns, 68.8151 ns/op
WorkloadResult  164: 8388608 op, 564963700.00 ns, 67.3489 ns/op
WorkloadResult  165: 8388608 op, 567975200.00 ns, 67.7079 ns/op
WorkloadResult  166: 8388608 op, 567189400.00 ns, 67.6142 ns/op
WorkloadResult  167: 8388608 op, 569953700.00 ns, 67.9438 ns/op
WorkloadResult  168: 8388608 op, 567042200.00 ns, 67.5967 ns/op
WorkloadResult  169: 8388608 op, 566336800.00 ns, 67.5126 ns/op
WorkloadResult  170: 8388608 op, 571023600.00 ns, 68.0713 ns/op
WorkloadResult  171: 8388608 op, 572645700.00 ns, 68.2647 ns/op
WorkloadResult  172: 8388608 op, 569048200.00 ns, 67.8358 ns/op
WorkloadResult  173: 8388608 op, 568225600.00 ns, 67.7378 ns/op
WorkloadResult  174: 8388608 op, 567163500.00 ns, 67.6112 ns/op
WorkloadResult  175: 8388608 op, 566930600.00 ns, 67.5834 ns/op
WorkloadResult  176: 8388608 op, 560788600.00 ns, 66.8512 ns/op
WorkloadResult  177: 8388608 op, 566432300.00 ns, 67.5240 ns/op
WorkloadResult  178: 8388608 op, 564361100.00 ns, 67.2771 ns/op
WorkloadResult  179: 8388608 op, 564600000.00 ns, 67.3056 ns/op
WorkloadResult  180: 8388608 op, 567301900.00 ns, 67.6277 ns/op
WorkloadResult  181: 8388608 op, 568159000.00 ns, 67.7298 ns/op
WorkloadResult  182: 8388608 op, 569207800.00 ns, 67.8549 ns/op
WorkloadResult  183: 8388608 op, 564135800.00 ns, 67.2502 ns/op
WorkloadResult  184: 8388608 op, 569427600.00 ns, 67.8811 ns/op
WorkloadResult  185: 8388608 op, 577011700.00 ns, 68.7852 ns/op
WorkloadResult  186: 8388608 op, 568637500.00 ns, 67.7869 ns/op
WorkloadResult  187: 8388608 op, 572012500.00 ns, 68.1892 ns/op
WorkloadResult  188: 8388608 op, 570491900.00 ns, 68.0079 ns/op
WorkloadResult  189: 8388608 op, 572144800.00 ns, 68.2050 ns/op
WorkloadResult  190: 8388608 op, 568051300.00 ns, 67.7170 ns/op
WorkloadResult  191: 8388608 op, 573264100.00 ns, 68.3384 ns/op
WorkloadResult  192: 8388608 op, 574471200.00 ns, 68.4823 ns/op
WorkloadResult  193: 8388608 op, 574637400.00 ns, 68.5021 ns/op
WorkloadResult  194: 8388608 op, 573387500.00 ns, 68.3531 ns/op
WorkloadResult  195: 8388608 op, 570485300.00 ns, 68.0071 ns/op
// GC:  34 0 0 1744830576 8388608
// Threading:  0 0 8388608

// AfterAll
// Benchmark Process 129124 has exited with code 0.

Mean = 68.097 ns, StdErr = 0.033 ns (0.05%), N = 195, StdDev = 0.456 ns
Min = 66.851 ns, Q1 = 67.795 ns, Median = 68.057 ns, Q3 = 68.347 ns, Max = 69.199 ns
IQR = 0.552 ns, LowerFence = 66.968 ns, UpperFence = 69.174 ns
ConfidenceInterval = [67.988 ns; 68.206 ns] (CI 99.9%), Margin = 0.109 ns (0.16% of Mean)
Skewness = 0.26, Kurtosis = 2.9, MValue = 2

// ** Remained 17 (56.7 %) benchmark(s) to run. Estimated finish 2026-08-06 18:46 (0h 18m from now) **
Setup power plan (GUID: 8c5e7fda-e8bf-4a96-9a85-a6e23a8c635c FriendlyName: Alto rendimiento)
// **************************
// Benchmark: B_MessageConstructionBenchmarks.EricksonLopezOutbox_CreateMessageMetadata: Job-BVYALF(IterationCount=200, WarmupCount=20)
// *** Execute ***
// Launch: 1 / 1
// Execute: dotnet 7284c0d0-c932-4332-801f-2c62674b8ef9.dll --anonymousPipes 3792 2072 --benchmarkName EricksonLopez.Outbox.Benchmarks.B_MessageConstructionBenchmarks.EricksonLopezOutbox_CreateMessageMetadata --job "IterationCount=200, WarmupCount=20" --benchmarkId 7 in D:\DevData\ericksonlopez.dev\dotnet-outbox\benchmarks\EricksonLopez.Outbox.Benchmarks\bin\Release\net10.0\7284c0d0-c932-4332-801f-2c62674b8ef9\bin\Release\net10.0
// BeforeAnythingElse

// Benchmark Process Environment Information:
// BenchmarkDotNet v0.13.12
// Runtime=.NET 10.0.10 (10.0.1026.32716), X64 RyuJIT AVX-512F+CD+BW+DQ+VL+VBMI
// GC=Concurrent Workstation
// HardwareIntrinsics=AVX-512F+CD+BW+DQ+VL+VBMI,AES,BMI1,BMI2,FMA,LZCNT,PCLMUL,POPCNT,AvxVnni VectorSize=256
// Job: Job-TYPWLV(IterationCount=200, WarmupCount=20)

OverheadJitting  1: 1 op, 237700.00 ns, 237.7000 us/op
WorkloadJitting  1: 1 op, 405600.00 ns, 405.6000 us/op

OverheadJitting  2: 16 op, 185500.00 ns, 11.5938 us/op
WorkloadJitting  2: 16 op, 181400.00 ns, 11.3375 us/op

WorkloadPilot    1: 16 op, 1400.00 ns, 87.5000 ns/op
WorkloadPilot    2: 32 op, 1200.00 ns, 37.5000 ns/op
WorkloadPilot    3: 64 op, 2800.00 ns, 43.7500 ns/op
WorkloadPilot    4: 128 op, 10300.00 ns, 80.4688 ns/op
WorkloadPilot    5: 256 op, 13700.00 ns, 53.5156 ns/op
WorkloadPilot    6: 512 op, 13800.00 ns, 26.9531 ns/op
WorkloadPilot    7: 1024 op, 33600.00 ns, 32.8125 ns/op
WorkloadPilot    8: 2048 op, 71700.00 ns, 35.0098 ns/op
WorkloadPilot    9: 4096 op, 151200.00 ns, 36.9141 ns/op
WorkloadPilot   10: 8192 op, 222300.00 ns, 27.1362 ns/op
WorkloadPilot   11: 16384 op, 479900.00 ns, 29.2908 ns/op
WorkloadPilot   12: 32768 op, 978000.00 ns, 29.8462 ns/op
WorkloadPilot   13: 65536 op, 1978600.00 ns, 30.1910 ns/op
WorkloadPilot   14: 131072 op, 3408500.00 ns, 26.0048 ns/op
WorkloadPilot   15: 262144 op, 7397200.00 ns, 28.2181 ns/op
WorkloadPilot   16: 524288 op, 12784200.00 ns, 24.3839 ns/op
WorkloadPilot   17: 1048576 op, 23559200.00 ns, 22.4678 ns/op
WorkloadPilot   18: 2097152 op, 40652200.00 ns, 19.3845 ns/op
WorkloadPilot   19: 4194304 op, 33691700.00 ns, 8.0327 ns/op
WorkloadPilot   20: 8388608 op, 25066900.00 ns, 2.9882 ns/op
WorkloadPilot   21: 16777216 op, 50224500.00 ns, 2.9936 ns/op
WorkloadPilot   22: 33554432 op, 99205500.00 ns, 2.9566 ns/op
WorkloadPilot   23: 67108864 op, 200676800.00 ns, 2.9903 ns/op
WorkloadPilot   24: 134217728 op, 404966600.00 ns, 3.0172 ns/op
WorkloadPilot   25: 268435456 op, 798069400.00 ns, 2.9730 ns/op

OverheadWarmup   1: 268435456 op, 333471900.00 ns, 1.2423 ns/op
OverheadWarmup   2: 268435456 op, 262689100.00 ns, 0.9786 ns/op
OverheadWarmup   3: 268435456 op, 265420900.00 ns, 0.9888 ns/op
OverheadWarmup   4: 268435456 op, 262079100.00 ns, 0.9763 ns/op
OverheadWarmup   5: 268435456 op, 263250000.00 ns, 0.9807 ns/op
OverheadWarmup   6: 268435456 op, 263830200.00 ns, 0.9828 ns/op
OverheadWarmup   7: 268435456 op, 262655100.00 ns, 0.9785 ns/op

OverheadActual   1: 268435456 op, 261825100.00 ns, 0.9754 ns/op
OverheadActual   2: 268435456 op, 262139200.00 ns, 0.9765 ns/op
OverheadActual   3: 268435456 op, 262933400.00 ns, 0.9795 ns/op
OverheadActual   4: 268435456 op, 264104100.00 ns, 0.9839 ns/op
OverheadActual   5: 268435456 op, 263731200.00 ns, 0.9825 ns/op
OverheadActual   6: 268435456 op, 265626200.00 ns, 0.9895 ns/op
OverheadActual   7: 268435456 op, 263329900.00 ns, 0.9810 ns/op
OverheadActual   8: 268435456 op, 264359800.00 ns, 0.9848 ns/op
OverheadActual   9: 268435456 op, 262313600.00 ns, 0.9772 ns/op
OverheadActual  10: 268435456 op, 262709200.00 ns, 0.9787 ns/op
OverheadActual  11: 268435456 op, 262770300.00 ns, 0.9789 ns/op
OverheadActual  12: 268435456 op, 263471400.00 ns, 0.9815 ns/op
OverheadActual  13: 268435456 op, 263202600.00 ns, 0.9805 ns/op
OverheadActual  14: 268435456 op, 262179500.00 ns, 0.9767 ns/op
OverheadActual  15: 268435456 op, 263051000.00 ns, 0.9799 ns/op

WorkloadWarmup   1: 268435456 op, 824182400.00 ns, 3.0703 ns/op
WorkloadWarmup   2: 268435456 op, 836023500.00 ns, 3.1144 ns/op
WorkloadWarmup   3: 268435456 op, 811299600.00 ns, 3.0223 ns/op
WorkloadWarmup   4: 268435456 op, 802238100.00 ns, 2.9886 ns/op
WorkloadWarmup   5: 268435456 op, 808365400.00 ns, 3.0114 ns/op
WorkloadWarmup   6: 268435456 op, 807938200.00 ns, 3.0098 ns/op
WorkloadWarmup   7: 268435456 op, 805925400.00 ns, 3.0023 ns/op
WorkloadWarmup   8: 268435456 op, 803246300.00 ns, 2.9923 ns/op
WorkloadWarmup   9: 268435456 op, 799557800.00 ns, 2.9786 ns/op
WorkloadWarmup  10: 268435456 op, 807050000.00 ns, 3.0065 ns/op
WorkloadWarmup  11: 268435456 op, 799186500.00 ns, 2.9772 ns/op
WorkloadWarmup  12: 268435456 op, 806490500.00 ns, 3.0044 ns/op
WorkloadWarmup  13: 268435456 op, 797309000.00 ns, 2.9702 ns/op
WorkloadWarmup  14: 268435456 op, 798108500.00 ns, 2.9732 ns/op
WorkloadWarmup  15: 268435456 op, 810396900.00 ns, 3.0190 ns/op
WorkloadWarmup  16: 268435456 op, 798612000.00 ns, 2.9751 ns/op
WorkloadWarmup  17: 268435456 op, 823894900.00 ns, 3.0692 ns/op
WorkloadWarmup  18: 268435456 op, 815254100.00 ns, 3.0371 ns/op
WorkloadWarmup  19: 268435456 op, 803425900.00 ns, 2.9930 ns/op
WorkloadWarmup  20: 268435456 op, 800434500.00 ns, 2.9819 ns/op

// BeforeActualRun
WorkloadActual   1: 268435456 op, 800042200.00 ns, 2.9804 ns/op
WorkloadActual   2: 268435456 op, 807735500.00 ns, 3.0090 ns/op
WorkloadActual   3: 268435456 op, 811590300.00 ns, 3.0234 ns/op
WorkloadActual   4: 268435456 op, 804698900.00 ns, 2.9977 ns/op
WorkloadActual   5: 268435456 op, 813893900.00 ns, 3.0320 ns/op
WorkloadActual   6: 268435456 op, 803708800.00 ns, 2.9940 ns/op
WorkloadActual   7: 268435456 op, 807897800.00 ns, 3.0097 ns/op
WorkloadActual   8: 268435456 op, 807388400.00 ns, 3.0078 ns/op
WorkloadActual   9: 268435456 op, 809878100.00 ns, 3.0170 ns/op
WorkloadActual  10: 268435456 op, 804988200.00 ns, 2.9988 ns/op
WorkloadActual  11: 268435456 op, 814199900.00 ns, 3.0331 ns/op
WorkloadActual  12: 268435456 op, 819464100.00 ns, 3.0527 ns/op
WorkloadActual  13: 268435456 op, 815045800.00 ns, 3.0363 ns/op
WorkloadActual  14: 268435456 op, 832650800.00 ns, 3.1019 ns/op
WorkloadActual  15: 268435456 op, 831520700.00 ns, 3.0977 ns/op
WorkloadActual  16: 268435456 op, 816303400.00 ns, 3.0410 ns/op
WorkloadActual  17: 268435456 op, 808502100.00 ns, 3.0119 ns/op
WorkloadActual  18: 268435456 op, 812821700.00 ns, 3.0280 ns/op
WorkloadActual  19: 268435456 op, 825631800.00 ns, 3.0757 ns/op
WorkloadActual  20: 268435456 op, 830070700.00 ns, 3.0923 ns/op
WorkloadActual  21: 268435456 op, 815678700.00 ns, 3.0386 ns/op
WorkloadActual  22: 268435456 op, 813177500.00 ns, 3.0293 ns/op
WorkloadActual  23: 268435456 op, 819958200.00 ns, 3.0546 ns/op
WorkloadActual  24: 268435456 op, 840176200.00 ns, 3.1299 ns/op
WorkloadActual  25: 268435456 op, 826639100.00 ns, 3.0795 ns/op
WorkloadActual  26: 268435456 op, 832578600.00 ns, 3.1016 ns/op
WorkloadActual  27: 268435456 op, 833979600.00 ns, 3.1068 ns/op
WorkloadActual  28: 268435456 op, 807280000.00 ns, 3.0074 ns/op
WorkloadActual  29: 268435456 op, 824364800.00 ns, 3.0710 ns/op
WorkloadActual  30: 268435456 op, 809446500.00 ns, 3.0154 ns/op
WorkloadActual  31: 268435456 op, 804923400.00 ns, 2.9986 ns/op
WorkloadActual  32: 268435456 op, 803059900.00 ns, 2.9916 ns/op
WorkloadActual  33: 268435456 op, 804286800.00 ns, 2.9962 ns/op
WorkloadActual  34: 268435456 op, 801243500.00 ns, 2.9849 ns/op
WorkloadActual  35: 268435456 op, 802197200.00 ns, 2.9884 ns/op
WorkloadActual  36: 268435456 op, 813560000.00 ns, 3.0307 ns/op
WorkloadActual  37: 268435456 op, 826404000.00 ns, 3.0786 ns/op
WorkloadActual  38: 268435456 op, 827165800.00 ns, 3.0814 ns/op
WorkloadActual  39: 268435456 op, 805277600.00 ns, 2.9999 ns/op
WorkloadActual  40: 268435456 op, 798134900.00 ns, 2.9733 ns/op
WorkloadActual  41: 268435456 op, 803119400.00 ns, 2.9919 ns/op
WorkloadActual  42: 268435456 op, 816174600.00 ns, 3.0405 ns/op
WorkloadActual  43: 268435456 op, 812128800.00 ns, 3.0254 ns/op
WorkloadActual  44: 268435456 op, 814734100.00 ns, 3.0351 ns/op
WorkloadActual  45: 268435456 op, 812138200.00 ns, 3.0255 ns/op
WorkloadActual  46: 268435456 op, 811291100.00 ns, 3.0223 ns/op
WorkloadActual  47: 268435456 op, 825862600.00 ns, 3.0766 ns/op
WorkloadActual  48: 268435456 op, 811429600.00 ns, 3.0228 ns/op
WorkloadActual  49: 268435456 op, 811639700.00 ns, 3.0236 ns/op
WorkloadActual  50: 268435456 op, 816701200.00 ns, 3.0424 ns/op
WorkloadActual  51: 268435456 op, 828477000.00 ns, 3.0863 ns/op
WorkloadActual  52: 268435456 op, 829555800.00 ns, 3.0903 ns/op
WorkloadActual  53: 268435456 op, 847462700.00 ns, 3.1570 ns/op
WorkloadActual  54: 268435456 op, 825951500.00 ns, 3.0769 ns/op
WorkloadActual  55: 268435456 op, 816872600.00 ns, 3.0431 ns/op
WorkloadActual  56: 268435456 op, 829514700.00 ns, 3.0902 ns/op
WorkloadActual  57: 268435456 op, 828596400.00 ns, 3.0868 ns/op
WorkloadActual  58: 268435456 op, 813197500.00 ns, 3.0294 ns/op
WorkloadActual  59: 268435456 op, 829811400.00 ns, 3.0913 ns/op
WorkloadActual  60: 268435456 op, 818653600.00 ns, 3.0497 ns/op
WorkloadActual  61: 268435456 op, 815722700.00 ns, 3.0388 ns/op
WorkloadActual  62: 268435456 op, 808905800.00 ns, 3.0134 ns/op
WorkloadActual  63: 268435456 op, 813926200.00 ns, 3.0321 ns/op
WorkloadActual  64: 268435456 op, 813410900.00 ns, 3.0302 ns/op
WorkloadActual  65: 268435456 op, 816503300.00 ns, 3.0417 ns/op
WorkloadActual  66: 268435456 op, 812229900.00 ns, 3.0258 ns/op
WorkloadActual  67: 268435456 op, 815330800.00 ns, 3.0373 ns/op
WorkloadActual  68: 268435456 op, 801213700.00 ns, 2.9848 ns/op
WorkloadActual  69: 268435456 op, 810572600.00 ns, 3.0196 ns/op
WorkloadActual  70: 268435456 op, 815598900.00 ns, 3.0383 ns/op
WorkloadActual  71: 268435456 op, 836152600.00 ns, 3.1149 ns/op
WorkloadActual  72: 268435456 op, 802404100.00 ns, 2.9892 ns/op
WorkloadActual  73: 268435456 op, 808500500.00 ns, 3.0119 ns/op
WorkloadActual  74: 268435456 op, 802040600.00 ns, 2.9878 ns/op
WorkloadActual  75: 268435456 op, 808767500.00 ns, 3.0129 ns/op
WorkloadActual  76: 268435456 op, 825794100.00 ns, 3.0763 ns/op
WorkloadActual  77: 268435456 op, 831862800.00 ns, 3.0989 ns/op
WorkloadActual  78: 268435456 op, 824466400.00 ns, 3.0714 ns/op
WorkloadActual  79: 268435456 op, 802466600.00 ns, 2.9894 ns/op
WorkloadActual  80: 268435456 op, 800378900.00 ns, 2.9816 ns/op
WorkloadActual  81: 268435456 op, 801258900.00 ns, 2.9849 ns/op
WorkloadActual  82: 268435456 op, 803429600.00 ns, 2.9930 ns/op
WorkloadActual  83: 268435456 op, 802626700.00 ns, 2.9900 ns/op
WorkloadActual  84: 268435456 op, 807880500.00 ns, 3.0096 ns/op
WorkloadActual  85: 268435456 op, 808970000.00 ns, 3.0136 ns/op
WorkloadActual  86: 268435456 op, 800301700.00 ns, 2.9814 ns/op
WorkloadActual  87: 268435456 op, 806635000.00 ns, 3.0049 ns/op
WorkloadActual  88: 268435456 op, 805020000.00 ns, 2.9989 ns/op
WorkloadActual  89: 268435456 op, 808309200.00 ns, 3.0112 ns/op
WorkloadActual  90: 268435456 op, 817424800.00 ns, 3.0451 ns/op
WorkloadActual  91: 268435456 op, 808518600.00 ns, 3.0120 ns/op
WorkloadActual  92: 268435456 op, 826483600.00 ns, 3.0789 ns/op
WorkloadActual  93: 268435456 op, 817006300.00 ns, 3.0436 ns/op
WorkloadActual  94: 268435456 op, 829383600.00 ns, 3.0897 ns/op
WorkloadActual  95: 268435456 op, 803905600.00 ns, 2.9948 ns/op
WorkloadActual  96: 268435456 op, 798937600.00 ns, 2.9763 ns/op
WorkloadActual  97: 268435456 op, 804215300.00 ns, 2.9959 ns/op
WorkloadActual  98: 268435456 op, 805656100.00 ns, 3.0013 ns/op
WorkloadActual  99: 268435456 op, 803716300.00 ns, 2.9941 ns/op
WorkloadActual  100: 268435456 op, 807210300.00 ns, 3.0071 ns/op
WorkloadActual  101: 268435456 op, 826385900.00 ns, 3.0785 ns/op
WorkloadActual  102: 268435456 op, 816957700.00 ns, 3.0434 ns/op
WorkloadActual  103: 268435456 op, 799723400.00 ns, 2.9792 ns/op
WorkloadActual  104: 268435456 op, 815595600.00 ns, 3.0383 ns/op
WorkloadActual  105: 268435456 op, 822537500.00 ns, 3.0642 ns/op
WorkloadActual  106: 268435456 op, 804097400.00 ns, 2.9955 ns/op
WorkloadActual  107: 268435456 op, 806310500.00 ns, 3.0037 ns/op
WorkloadActual  108: 268435456 op, 813151500.00 ns, 3.0292 ns/op
WorkloadActual  109: 268435456 op, 808784600.00 ns, 3.0130 ns/op
WorkloadActual  110: 268435456 op, 815777900.00 ns, 3.0390 ns/op
WorkloadActual  111: 268435456 op, 814641800.00 ns, 3.0348 ns/op
WorkloadActual  112: 268435456 op, 827450500.00 ns, 3.0825 ns/op
WorkloadActual  113: 268435456 op, 821089400.00 ns, 3.0588 ns/op
WorkloadActual  114: 268435456 op, 819543800.00 ns, 3.0530 ns/op
WorkloadActual  115: 268435456 op, 824110100.00 ns, 3.0700 ns/op
WorkloadActual  116: 268435456 op, 846443300.00 ns, 3.1532 ns/op
WorkloadActual  117: 268435456 op, 813427700.00 ns, 3.0303 ns/op
WorkloadActual  118: 268435456 op, 824266000.00 ns, 3.0706 ns/op
WorkloadActual  119: 268435456 op, 811662800.00 ns, 3.0237 ns/op
WorkloadActual  120: 268435456 op, 812609900.00 ns, 3.0272 ns/op
WorkloadActual  121: 268435456 op, 825821700.00 ns, 3.0764 ns/op
WorkloadActual  122: 268435456 op, 838392800.00 ns, 3.1233 ns/op
WorkloadActual  123: 268435456 op, 827083100.00 ns, 3.0811 ns/op
WorkloadActual  124: 268435456 op, 833614400.00 ns, 3.1055 ns/op
WorkloadActual  125: 268435456 op, 843667100.00 ns, 3.1429 ns/op
WorkloadActual  126: 268435456 op, 844867900.00 ns, 3.1474 ns/op
WorkloadActual  127: 268435456 op, 822900800.00 ns, 3.0655 ns/op
WorkloadActual  128: 268435456 op, 825319100.00 ns, 3.0746 ns/op
WorkloadActual  129: 268435456 op, 817779400.00 ns, 3.0465 ns/op
WorkloadActual  130: 268435456 op, 805676500.00 ns, 3.0014 ns/op
WorkloadActual  131: 268435456 op, 819890700.00 ns, 3.0543 ns/op
WorkloadActual  132: 268435456 op, 816128200.00 ns, 3.0403 ns/op
WorkloadActual  133: 268435456 op, 806125700.00 ns, 3.0031 ns/op
WorkloadActual  134: 268435456 op, 807826900.00 ns, 3.0094 ns/op
WorkloadActual  135: 268435456 op, 801842600.00 ns, 2.9871 ns/op
WorkloadActual  136: 268435456 op, 800487700.00 ns, 2.9820 ns/op
WorkloadActual  137: 268435456 op, 824212900.00 ns, 3.0704 ns/op
WorkloadActual  138: 268435456 op, 810289600.00 ns, 3.0186 ns/op
WorkloadActual  139: 268435456 op, 806640400.00 ns, 3.0050 ns/op
WorkloadActual  140: 268435456 op, 806115000.00 ns, 3.0030 ns/op
WorkloadActual  141: 268435456 op, 807010700.00 ns, 3.0063 ns/op
WorkloadActual  142: 268435456 op, 800597300.00 ns, 2.9825 ns/op
WorkloadActual  143: 268435456 op, 803689200.00 ns, 2.9940 ns/op
WorkloadActual  144: 268435456 op, 831814900.00 ns, 3.0988 ns/op
WorkloadActual  145: 268435456 op, 808488500.00 ns, 3.0119 ns/op
WorkloadActual  146: 268435456 op, 818470800.00 ns, 3.0490 ns/op
WorkloadActual  147: 268435456 op, 829680700.00 ns, 3.0908 ns/op
WorkloadActual  148: 268435456 op, 814514100.00 ns, 3.0343 ns/op
WorkloadActual  149: 268435456 op, 853486000.00 ns, 3.1795 ns/op
WorkloadActual  150: 268435456 op, 809135900.00 ns, 3.0143 ns/op
WorkloadActual  151: 268435456 op, 849350400.00 ns, 3.1641 ns/op
WorkloadActual  152: 268435456 op, 803115600.00 ns, 2.9918 ns/op
WorkloadActual  153: 268435456 op, 820870400.00 ns, 3.0580 ns/op
WorkloadActual  154: 268435456 op, 812826900.00 ns, 3.0280 ns/op
WorkloadActual  155: 268435456 op, 821865500.00 ns, 3.0617 ns/op
WorkloadActual  156: 268435456 op, 833919700.00 ns, 3.1066 ns/op
WorkloadActual  157: 268435456 op, 807060000.00 ns, 3.0065 ns/op
WorkloadActual  158: 268435456 op, 859847100.00 ns, 3.2032 ns/op
WorkloadActual  159: 268435456 op, 817794700.00 ns, 3.0465 ns/op
WorkloadActual  160: 268435456 op, 822651000.00 ns, 3.0646 ns/op
WorkloadActual  161: 268435456 op, 829435500.00 ns, 3.0899 ns/op
WorkloadActual  162: 268435456 op, 807364300.00 ns, 3.0077 ns/op
WorkloadActual  163: 268435456 op, 857108300.00 ns, 3.1930 ns/op
WorkloadActual  164: 268435456 op, 804932700.00 ns, 2.9986 ns/op
WorkloadActual  165: 268435456 op, 860254500.00 ns, 3.2047 ns/op
WorkloadActual  166: 268435456 op, 840506000.00 ns, 3.1311 ns/op
WorkloadActual  167: 268435456 op, 817415700.00 ns, 3.0451 ns/op
WorkloadActual  168: 268435456 op, 852100800.00 ns, 3.1743 ns/op
WorkloadActual  169: 268435456 op, 809628800.00 ns, 3.0161 ns/op
WorkloadActual  170: 268435456 op, 830474400.00 ns, 3.0938 ns/op
WorkloadActual  171: 268435456 op, 838147200.00 ns, 3.1223 ns/op
WorkloadActual  172: 268435456 op, 810016200.00 ns, 3.0175 ns/op
WorkloadActual  173: 268435456 op, 867955500.00 ns, 3.2334 ns/op
WorkloadActual  174: 268435456 op, 826204300.00 ns, 3.0779 ns/op
WorkloadActual  175: 268435456 op, 820476900.00 ns, 3.0565 ns/op
WorkloadActual  176: 268435456 op, 817841900.00 ns, 3.0467 ns/op
WorkloadActual  177: 268435456 op, 815465900.00 ns, 3.0378 ns/op
WorkloadActual  178: 268435456 op, 810710000.00 ns, 3.0201 ns/op
WorkloadActual  179: 268435456 op, 813327600.00 ns, 3.0299 ns/op
WorkloadActual  180: 268435456 op, 804095200.00 ns, 2.9955 ns/op
WorkloadActual  181: 268435456 op, 815824400.00 ns, 3.0392 ns/op
WorkloadActual  182: 268435456 op, 812855800.00 ns, 3.0281 ns/op
WorkloadActual  183: 268435456 op, 816412200.00 ns, 3.0414 ns/op
WorkloadActual  184: 268435456 op, 820402900.00 ns, 3.0562 ns/op
WorkloadActual  185: 268435456 op, 821835100.00 ns, 3.0616 ns/op
WorkloadActual  186: 268435456 op, 810652900.00 ns, 3.0199 ns/op
WorkloadActual  187: 268435456 op, 804065600.00 ns, 2.9954 ns/op
WorkloadActual  188: 268435456 op, 862750900.00 ns, 3.2140 ns/op
WorkloadActual  189: 268435456 op, 827441300.00 ns, 3.0825 ns/op
WorkloadActual  190: 268435456 op, 842286600.00 ns, 3.1378 ns/op
WorkloadActual  191: 268435456 op, 837155500.00 ns, 3.1186 ns/op
WorkloadActual  192: 268435456 op, 813229400.00 ns, 3.0295 ns/op
WorkloadActual  193: 268435456 op, 803327800.00 ns, 2.9926 ns/op
WorkloadActual  194: 268435456 op, 811217400.00 ns, 3.0220 ns/op
WorkloadActual  195: 268435456 op, 801239700.00 ns, 2.9849 ns/op
WorkloadActual  196: 268435456 op, 805504700.00 ns, 3.0007 ns/op
WorkloadActual  197: 268435456 op, 803637100.00 ns, 2.9938 ns/op
WorkloadActual  198: 268435456 op, 833384000.00 ns, 3.1046 ns/op
WorkloadActual  199: 268435456 op, 840034400.00 ns, 3.1294 ns/op
WorkloadActual  200: 268435456 op, 847045200.00 ns, 3.1555 ns/op

// AfterActualRun
WorkloadResult   1: 268435456 op, 536991200.00 ns, 2.0004 ns/op
WorkloadResult   2: 268435456 op, 544684500.00 ns, 2.0291 ns/op
WorkloadResult   3: 268435456 op, 548539300.00 ns, 2.0435 ns/op
WorkloadResult   4: 268435456 op, 541647900.00 ns, 2.0178 ns/op
WorkloadResult   5: 268435456 op, 550842900.00 ns, 2.0520 ns/op
WorkloadResult   6: 268435456 op, 540657800.00 ns, 2.0141 ns/op
WorkloadResult   7: 268435456 op, 544846800.00 ns, 2.0297 ns/op
WorkloadResult   8: 268435456 op, 544337400.00 ns, 2.0278 ns/op
WorkloadResult   9: 268435456 op, 546827100.00 ns, 2.0371 ns/op
WorkloadResult  10: 268435456 op, 541937200.00 ns, 2.0189 ns/op
WorkloadResult  11: 268435456 op, 551148900.00 ns, 2.0532 ns/op
WorkloadResult  12: 268435456 op, 556413100.00 ns, 2.0728 ns/op
WorkloadResult  13: 268435456 op, 551994800.00 ns, 2.0563 ns/op
WorkloadResult  14: 268435456 op, 569599800.00 ns, 2.1219 ns/op
WorkloadResult  15: 268435456 op, 568469700.00 ns, 2.1177 ns/op
WorkloadResult  16: 268435456 op, 553252400.00 ns, 2.0610 ns/op
WorkloadResult  17: 268435456 op, 545451100.00 ns, 2.0320 ns/op
WorkloadResult  18: 268435456 op, 549770700.00 ns, 2.0481 ns/op
WorkloadResult  19: 268435456 op, 562580800.00 ns, 2.0958 ns/op
WorkloadResult  20: 268435456 op, 567019700.00 ns, 2.1123 ns/op
WorkloadResult  21: 268435456 op, 552627700.00 ns, 2.0587 ns/op
WorkloadResult  22: 268435456 op, 550126500.00 ns, 2.0494 ns/op
WorkloadResult  23: 268435456 op, 556907200.00 ns, 2.0746 ns/op
WorkloadResult  24: 268435456 op, 577125200.00 ns, 2.1500 ns/op
WorkloadResult  25: 268435456 op, 563588100.00 ns, 2.0995 ns/op
WorkloadResult  26: 268435456 op, 569527600.00 ns, 2.1217 ns/op
WorkloadResult  27: 268435456 op, 570928600.00 ns, 2.1269 ns/op
WorkloadResult  28: 268435456 op, 544229000.00 ns, 2.0274 ns/op
WorkloadResult  29: 268435456 op, 561313800.00 ns, 2.0911 ns/op
WorkloadResult  30: 268435456 op, 546395500.00 ns, 2.0355 ns/op
WorkloadResult  31: 268435456 op, 541872400.00 ns, 2.0186 ns/op
WorkloadResult  32: 268435456 op, 540008900.00 ns, 2.0117 ns/op
WorkloadResult  33: 268435456 op, 541235800.00 ns, 2.0163 ns/op
WorkloadResult  34: 268435456 op, 538192500.00 ns, 2.0049 ns/op
WorkloadResult  35: 268435456 op, 539146200.00 ns, 2.0085 ns/op
WorkloadResult  36: 268435456 op, 550509000.00 ns, 2.0508 ns/op
WorkloadResult  37: 268435456 op, 563353000.00 ns, 2.0987 ns/op
WorkloadResult  38: 268435456 op, 564114800.00 ns, 2.1015 ns/op
WorkloadResult  39: 268435456 op, 542226600.00 ns, 2.0200 ns/op
WorkloadResult  40: 268435456 op, 535083900.00 ns, 1.9933 ns/op
WorkloadResult  41: 268435456 op, 540068400.00 ns, 2.0119 ns/op
WorkloadResult  42: 268435456 op, 553123600.00 ns, 2.0605 ns/op
WorkloadResult  43: 268435456 op, 549077800.00 ns, 2.0455 ns/op
WorkloadResult  44: 268435456 op, 551683100.00 ns, 2.0552 ns/op
WorkloadResult  45: 268435456 op, 549087200.00 ns, 2.0455 ns/op
WorkloadResult  46: 268435456 op, 548240100.00 ns, 2.0424 ns/op
WorkloadResult  47: 268435456 op, 562811600.00 ns, 2.0966 ns/op
WorkloadResult  48: 268435456 op, 548378600.00 ns, 2.0429 ns/op
WorkloadResult  49: 268435456 op, 548588700.00 ns, 2.0437 ns/op
WorkloadResult  50: 268435456 op, 553650200.00 ns, 2.0625 ns/op
WorkloadResult  51: 268435456 op, 565426000.00 ns, 2.1064 ns/op
WorkloadResult  52: 268435456 op, 566504800.00 ns, 2.1104 ns/op
WorkloadResult  53: 268435456 op, 584411700.00 ns, 2.1771 ns/op
WorkloadResult  54: 268435456 op, 562900500.00 ns, 2.0970 ns/op
WorkloadResult  55: 268435456 op, 553821600.00 ns, 2.0631 ns/op
WorkloadResult  56: 268435456 op, 566463700.00 ns, 2.1102 ns/op
WorkloadResult  57: 268435456 op, 565545400.00 ns, 2.1068 ns/op
WorkloadResult  58: 268435456 op, 550146500.00 ns, 2.0495 ns/op
WorkloadResult  59: 268435456 op, 566760400.00 ns, 2.1113 ns/op
WorkloadResult  60: 268435456 op, 555602600.00 ns, 2.0698 ns/op
WorkloadResult  61: 268435456 op, 552671700.00 ns, 2.0589 ns/op
WorkloadResult  62: 268435456 op, 545854800.00 ns, 2.0335 ns/op
WorkloadResult  63: 268435456 op, 550875200.00 ns, 2.0522 ns/op
WorkloadResult  64: 268435456 op, 550359900.00 ns, 2.0503 ns/op
WorkloadResult  65: 268435456 op, 553452300.00 ns, 2.0618 ns/op
WorkloadResult  66: 268435456 op, 549178900.00 ns, 2.0459 ns/op
WorkloadResult  67: 268435456 op, 552279800.00 ns, 2.0574 ns/op
WorkloadResult  68: 268435456 op, 538162700.00 ns, 2.0048 ns/op
WorkloadResult  69: 268435456 op, 547521600.00 ns, 2.0397 ns/op
WorkloadResult  70: 268435456 op, 552547900.00 ns, 2.0584 ns/op
WorkloadResult  71: 268435456 op, 573101600.00 ns, 2.1350 ns/op
WorkloadResult  72: 268435456 op, 539353100.00 ns, 2.0092 ns/op
WorkloadResult  73: 268435456 op, 545449500.00 ns, 2.0320 ns/op
WorkloadResult  74: 268435456 op, 538989600.00 ns, 2.0079 ns/op
WorkloadResult  75: 268435456 op, 545716500.00 ns, 2.0330 ns/op
WorkloadResult  76: 268435456 op, 562743100.00 ns, 2.0964 ns/op
WorkloadResult  77: 268435456 op, 568811800.00 ns, 2.1190 ns/op
WorkloadResult  78: 268435456 op, 561415400.00 ns, 2.0914 ns/op
WorkloadResult  79: 268435456 op, 539415600.00 ns, 2.0095 ns/op
WorkloadResult  80: 268435456 op, 537327900.00 ns, 2.0017 ns/op
WorkloadResult  81: 268435456 op, 538207900.00 ns, 2.0050 ns/op
WorkloadResult  82: 268435456 op, 540378600.00 ns, 2.0131 ns/op
WorkloadResult  83: 268435456 op, 539575700.00 ns, 2.0101 ns/op
WorkloadResult  84: 268435456 op, 544829500.00 ns, 2.0296 ns/op
WorkloadResult  85: 268435456 op, 545919000.00 ns, 2.0337 ns/op
WorkloadResult  86: 268435456 op, 537250700.00 ns, 2.0014 ns/op
WorkloadResult  87: 268435456 op, 543584000.00 ns, 2.0250 ns/op
WorkloadResult  88: 268435456 op, 541969000.00 ns, 2.0190 ns/op
WorkloadResult  89: 268435456 op, 545258200.00 ns, 2.0312 ns/op
WorkloadResult  90: 268435456 op, 554373800.00 ns, 2.0652 ns/op
WorkloadResult  91: 268435456 op, 545467600.00 ns, 2.0320 ns/op
WorkloadResult  92: 268435456 op, 563432600.00 ns, 2.0989 ns/op
WorkloadResult  93: 268435456 op, 553955300.00 ns, 2.0636 ns/op
WorkloadResult  94: 268435456 op, 566332600.00 ns, 2.1098 ns/op
WorkloadResult  95: 268435456 op, 540854600.00 ns, 2.0148 ns/op
WorkloadResult  96: 268435456 op, 535886600.00 ns, 1.9963 ns/op
WorkloadResult  97: 268435456 op, 541164300.00 ns, 2.0160 ns/op
WorkloadResult  98: 268435456 op, 542605100.00 ns, 2.0214 ns/op
WorkloadResult  99: 268435456 op, 540665300.00 ns, 2.0141 ns/op
WorkloadResult  100: 268435456 op, 544159300.00 ns, 2.0272 ns/op
WorkloadResult  101: 268435456 op, 563334900.00 ns, 2.0986 ns/op
WorkloadResult  102: 268435456 op, 553906700.00 ns, 2.0635 ns/op
WorkloadResult  103: 268435456 op, 536672400.00 ns, 1.9993 ns/op
WorkloadResult  104: 268435456 op, 552544600.00 ns, 2.0584 ns/op
WorkloadResult  105: 268435456 op, 559486500.00 ns, 2.0842 ns/op
WorkloadResult  106: 268435456 op, 541046400.00 ns, 2.0156 ns/op
WorkloadResult  107: 268435456 op, 543259500.00 ns, 2.0238 ns/op
WorkloadResult  108: 268435456 op, 550100500.00 ns, 2.0493 ns/op
WorkloadResult  109: 268435456 op, 545733600.00 ns, 2.0330 ns/op
WorkloadResult  110: 268435456 op, 552726900.00 ns, 2.0591 ns/op
WorkloadResult  111: 268435456 op, 551590800.00 ns, 2.0548 ns/op
WorkloadResult  112: 268435456 op, 564399500.00 ns, 2.1026 ns/op
WorkloadResult  113: 268435456 op, 558038400.00 ns, 2.0789 ns/op
WorkloadResult  114: 268435456 op, 556492800.00 ns, 2.0731 ns/op
WorkloadResult  115: 268435456 op, 561059100.00 ns, 2.0901 ns/op
WorkloadResult  116: 268435456 op, 583392300.00 ns, 2.1733 ns/op
WorkloadResult  117: 268435456 op, 550376700.00 ns, 2.0503 ns/op
WorkloadResult  118: 268435456 op, 561215000.00 ns, 2.0907 ns/op
WorkloadResult  119: 268435456 op, 548611800.00 ns, 2.0437 ns/op
WorkloadResult  120: 268435456 op, 549558900.00 ns, 2.0473 ns/op
WorkloadResult  121: 268435456 op, 562770700.00 ns, 2.0965 ns/op
WorkloadResult  122: 268435456 op, 575341800.00 ns, 2.1433 ns/op
WorkloadResult  123: 268435456 op, 564032100.00 ns, 2.1012 ns/op
WorkloadResult  124: 268435456 op, 570563400.00 ns, 2.1255 ns/op
WorkloadResult  125: 268435456 op, 580616100.00 ns, 2.1630 ns/op
WorkloadResult  126: 268435456 op, 581816900.00 ns, 2.1674 ns/op
WorkloadResult  127: 268435456 op, 559849800.00 ns, 2.0856 ns/op
WorkloadResult  128: 268435456 op, 562268100.00 ns, 2.0946 ns/op
WorkloadResult  129: 268435456 op, 554728400.00 ns, 2.0665 ns/op
WorkloadResult  130: 268435456 op, 542625500.00 ns, 2.0214 ns/op
WorkloadResult  131: 268435456 op, 556839700.00 ns, 2.0744 ns/op
WorkloadResult  132: 268435456 op, 553077200.00 ns, 2.0604 ns/op
WorkloadResult  133: 268435456 op, 543074700.00 ns, 2.0231 ns/op
WorkloadResult  134: 268435456 op, 544775900.00 ns, 2.0294 ns/op
WorkloadResult  135: 268435456 op, 538791600.00 ns, 2.0072 ns/op
WorkloadResult  136: 268435456 op, 537436700.00 ns, 2.0021 ns/op
WorkloadResult  137: 268435456 op, 561161900.00 ns, 2.0905 ns/op
WorkloadResult  138: 268435456 op, 547238600.00 ns, 2.0386 ns/op
WorkloadResult  139: 268435456 op, 543589400.00 ns, 2.0250 ns/op
WorkloadResult  140: 268435456 op, 543064000.00 ns, 2.0231 ns/op
WorkloadResult  141: 268435456 op, 543959700.00 ns, 2.0264 ns/op
WorkloadResult  142: 268435456 op, 537546300.00 ns, 2.0025 ns/op
WorkloadResult  143: 268435456 op, 540638200.00 ns, 2.0140 ns/op
WorkloadResult  144: 268435456 op, 568763900.00 ns, 2.1188 ns/op
WorkloadResult  145: 268435456 op, 545437500.00 ns, 2.0319 ns/op
WorkloadResult  146: 268435456 op, 555419800.00 ns, 2.0691 ns/op
WorkloadResult  147: 268435456 op, 566629700.00 ns, 2.1109 ns/op
WorkloadResult  148: 268435456 op, 551463100.00 ns, 2.0544 ns/op
WorkloadResult  149: 268435456 op, 590435000.00 ns, 2.1995 ns/op
WorkloadResult  150: 268435456 op, 546084900.00 ns, 2.0343 ns/op
WorkloadResult  151: 268435456 op, 586299400.00 ns, 2.1841 ns/op
WorkloadResult  152: 268435456 op, 540064600.00 ns, 2.0119 ns/op
WorkloadResult  153: 268435456 op, 557819400.00 ns, 2.0780 ns/op
WorkloadResult  154: 268435456 op, 549775900.00 ns, 2.0481 ns/op
WorkloadResult  155: 268435456 op, 558814500.00 ns, 2.0817 ns/op
WorkloadResult  156: 268435456 op, 570868700.00 ns, 2.1267 ns/op
WorkloadResult  157: 268435456 op, 544009000.00 ns, 2.0266 ns/op
WorkloadResult  158: 268435456 op, 554743700.00 ns, 2.0666 ns/op
WorkloadResult  159: 268435456 op, 559600000.00 ns, 2.0847 ns/op
WorkloadResult  160: 268435456 op, 566384500.00 ns, 2.1099 ns/op
WorkloadResult  161: 268435456 op, 544313300.00 ns, 2.0277 ns/op
WorkloadResult  162: 268435456 op, 541881700.00 ns, 2.0187 ns/op
WorkloadResult  163: 268435456 op, 577455000.00 ns, 2.1512 ns/op
WorkloadResult  164: 268435456 op, 554364700.00 ns, 2.0652 ns/op
WorkloadResult  165: 268435456 op, 589049800.00 ns, 2.1944 ns/op
WorkloadResult  166: 268435456 op, 546577800.00 ns, 2.0362 ns/op
WorkloadResult  167: 268435456 op, 567423400.00 ns, 2.1138 ns/op
WorkloadResult  168: 268435456 op, 575096200.00 ns, 2.1424 ns/op
WorkloadResult  169: 268435456 op, 546965200.00 ns, 2.0376 ns/op
WorkloadResult  170: 268435456 op, 563153300.00 ns, 2.0979 ns/op
WorkloadResult  171: 268435456 op, 557425900.00 ns, 2.0766 ns/op
WorkloadResult  172: 268435456 op, 554790900.00 ns, 2.0668 ns/op
WorkloadResult  173: 268435456 op, 552414900.00 ns, 2.0579 ns/op
WorkloadResult  174: 268435456 op, 547659000.00 ns, 2.0402 ns/op
WorkloadResult  175: 268435456 op, 550276600.00 ns, 2.0499 ns/op
WorkloadResult  176: 268435456 op, 541044200.00 ns, 2.0155 ns/op
WorkloadResult  177: 268435456 op, 552773400.00 ns, 2.0592 ns/op
WorkloadResult  178: 268435456 op, 549804800.00 ns, 2.0482 ns/op
WorkloadResult  179: 268435456 op, 553361200.00 ns, 2.0614 ns/op
WorkloadResult  180: 268435456 op, 557351900.00 ns, 2.0763 ns/op
WorkloadResult  181: 268435456 op, 558784100.00 ns, 2.0816 ns/op
WorkloadResult  182: 268435456 op, 547601900.00 ns, 2.0400 ns/op
WorkloadResult  183: 268435456 op, 541014600.00 ns, 2.0154 ns/op
WorkloadResult  184: 268435456 op, 564390300.00 ns, 2.1025 ns/op
WorkloadResult  185: 268435456 op, 579235600.00 ns, 2.1578 ns/op
WorkloadResult  186: 268435456 op, 574104500.00 ns, 2.1387 ns/op
WorkloadResult  187: 268435456 op, 550178400.00 ns, 2.0496 ns/op
WorkloadResult  188: 268435456 op, 540276800.00 ns, 2.0127 ns/op
WorkloadResult  189: 268435456 op, 548166400.00 ns, 2.0421 ns/op
WorkloadResult  190: 268435456 op, 538188700.00 ns, 2.0049 ns/op
WorkloadResult  191: 268435456 op, 542453700.00 ns, 2.0208 ns/op
WorkloadResult  192: 268435456 op, 540586100.00 ns, 2.0138 ns/op
WorkloadResult  193: 268435456 op, 570333000.00 ns, 2.1247 ns/op
WorkloadResult  194: 268435456 op, 576983400.00 ns, 2.1494 ns/op
WorkloadResult  195: 268435456 op, 583994200.00 ns, 2.1755 ns/op
// GC:  299 0 0 15032385936 268435456
// Threading:  0 0 268435456

// AfterAll
// Benchmark Process 53216 has exited with code 0.

Mean = 2.062 ns, StdErr = 0.003 ns (0.16%), N = 195, StdDev = 0.046 ns
Min = 1.993 ns, Q1 = 2.027 ns, Median = 2.052 ns, Q3 = 2.095 ns, Max = 2.200 ns
IQR = 0.068 ns, LowerFence = 1.924 ns, UpperFence = 2.198 ns
ConfidenceInterval = [2.051 ns; 2.073 ns] (CI 99.9%), Margin = 0.011 ns (0.53% of Mean)
Skewness = 0.82, Kurtosis = 3.09, MValue = 2

// ** Remained 16 (53.3 %) benchmark(s) to run. Estimated finish 2026-08-06 18:51 (0h 19m from now) **
Setup power plan (GUID: 8c5e7fda-e8bf-4a96-9a85-a6e23a8c635c FriendlyName: Alto rendimiento)
// **************************
// Benchmark: B_MessageConstructionBenchmarks.EricksonLopezOutbox_CreateOutboxMessage: Job-FWMHQE(Toolchain=InProcessEmitToolchain)
// *** Execute ***
// Launch: 1 / 1

// Benchmark Process Environment Information:
// BenchmarkDotNet v0.13.12
// Runtime=.NET 10.0.10 (10.0.1026.32716), X64 RyuJIT AVX-512F+CD+BW+DQ+VL+VBMI
// GC=Concurrent Workstation
// HardwareIntrinsics=AVX-512F+CD+BW+DQ+VL+VBMI,AES,BMI1,BMI2,FMA,LZCNT,PCLMUL,POPCNT,AvxVnni VectorSize=256
// Job: Job-FWMHQE(Toolchain=InProcessEmitToolchain)

OverheadJitting  1: 1 op, 281000.00 ns, 281.0000 us/op
WorkloadJitting  1: 1 op, 470700.00 ns, 470.7000 us/op

OverheadJitting  2: 16 op, 399700.00 ns, 24.9812 us/op
WorkloadJitting  2: 16 op, 421700.00 ns, 26.3562 us/op

WorkloadPilot    1: 16 op, 12100.00 ns, 756.2500 ns/op
WorkloadPilot    2: 32 op, 7800.00 ns, 243.7500 ns/op
WorkloadPilot    3: 64 op, 7800.00 ns, 121.8750 ns/op
WorkloadPilot    4: 128 op, 21800.00 ns, 170.3125 ns/op
WorkloadPilot    5: 256 op, 39100.00 ns, 152.7344 ns/op
WorkloadPilot    6: 512 op, 96900.00 ns, 189.2578 ns/op
WorkloadPilot    7: 1024 op, 130300.00 ns, 127.2461 ns/op
WorkloadPilot    8: 2048 op, 252100.00 ns, 123.0957 ns/op
WorkloadPilot    9: 4096 op, 502100.00 ns, 122.5830 ns/op
WorkloadPilot   10: 8192 op, 1172400.00 ns, 143.1152 ns/op
WorkloadPilot   11: 16384 op, 1985200.00 ns, 121.1670 ns/op
WorkloadPilot   12: 32768 op, 4153500.00 ns, 126.7548 ns/op
WorkloadPilot   13: 65536 op, 8891800.00 ns, 135.6781 ns/op
WorkloadPilot   14: 131072 op, 16485500.00 ns, 125.7744 ns/op
WorkloadPilot   15: 262144 op, 32754200.00 ns, 124.9474 ns/op
WorkloadPilot   16: 524288 op, 56165300.00 ns, 107.1268 ns/op
WorkloadPilot   17: 1048576 op, 98335400.00 ns, 93.7799 ns/op
WorkloadPilot   18: 2097152 op, 169703200.00 ns, 80.9208 ns/op
WorkloadPilot   19: 4194304 op, 338151000.00 ns, 80.6215 ns/op
WorkloadPilot   20: 8388608 op, 675336700.00 ns, 80.5064 ns/op

OverheadWarmup   1: 8388608 op, 17833500.00 ns, 2.1259 ns/op
OverheadWarmup   2: 8388608 op, 17797500.00 ns, 2.1216 ns/op
OverheadWarmup   3: 8388608 op, 17711300.00 ns, 2.1114 ns/op
OverheadWarmup   4: 8388608 op, 17802300.00 ns, 2.1222 ns/op
OverheadWarmup   5: 8388608 op, 18230600.00 ns, 2.1733 ns/op
OverheadWarmup   6: 8388608 op, 18175200.00 ns, 2.1667 ns/op
OverheadWarmup   7: 8388608 op, 17790700.00 ns, 2.1208 ns/op
OverheadWarmup   8: 8388608 op, 17691500.00 ns, 2.1090 ns/op
OverheadWarmup   9: 8388608 op, 17700900.00 ns, 2.1101 ns/op
OverheadWarmup  10: 8388608 op, 17707100.00 ns, 2.1109 ns/op

OverheadActual   1: 8388608 op, 17732300.00 ns, 2.1139 ns/op
OverheadActual   2: 8388608 op, 18108400.00 ns, 2.1587 ns/op
OverheadActual   3: 8388608 op, 17833300.00 ns, 2.1259 ns/op
OverheadActual   4: 8388608 op, 17779300.00 ns, 2.1195 ns/op
OverheadActual   5: 8388608 op, 17740000.00 ns, 2.1148 ns/op
OverheadActual   6: 8388608 op, 17711400.00 ns, 2.1114 ns/op
OverheadActual   7: 8388608 op, 17823300.00 ns, 2.1247 ns/op
OverheadActual   8: 8388608 op, 17765900.00 ns, 2.1179 ns/op
OverheadActual   9: 8388608 op, 17835400.00 ns, 2.1261 ns/op
OverheadActual  10: 8388608 op, 17812600.00 ns, 2.1234 ns/op
OverheadActual  11: 8388608 op, 17838600.00 ns, 2.1265 ns/op
OverheadActual  12: 8388608 op, 18066700.00 ns, 2.1537 ns/op
OverheadActual  13: 8388608 op, 18087400.00 ns, 2.1562 ns/op
OverheadActual  14: 8388608 op, 18160700.00 ns, 2.1649 ns/op
OverheadActual  15: 8388608 op, 17894400.00 ns, 2.1332 ns/op

WorkloadWarmup   1: 8388608 op, 674122400.00 ns, 80.3617 ns/op
WorkloadWarmup   2: 8388608 op, 660591600.00 ns, 78.7487 ns/op
WorkloadWarmup   3: 8388608 op, 662188300.00 ns, 78.9390 ns/op
WorkloadWarmup   4: 8388608 op, 669101300.00 ns, 79.7631 ns/op
WorkloadWarmup   5: 8388608 op, 653778000.00 ns, 77.9364 ns/op
WorkloadWarmup   6: 8388608 op, 656165700.00 ns, 78.2210 ns/op
WorkloadWarmup   7: 8388608 op, 661090700.00 ns, 78.8082 ns/op
WorkloadWarmup   8: 8388608 op, 659965000.00 ns, 78.6740 ns/op

WorkloadActual   1: 8388608 op, 675611500.00 ns, 80.5392 ns/op
WorkloadActual   2: 8388608 op, 668049300.00 ns, 79.6377 ns/op
WorkloadActual   3: 8388608 op, 680365200.00 ns, 81.1059 ns/op
WorkloadActual   4: 8388608 op, 676723000.00 ns, 80.6717 ns/op
WorkloadActual   5: 8388608 op, 666443400.00 ns, 79.4462 ns/op
WorkloadActual   6: 8388608 op, 662724900.00 ns, 79.0030 ns/op
WorkloadActual   7: 8388608 op, 681091300.00 ns, 81.1924 ns/op
WorkloadActual   8: 8388608 op, 671717200.00 ns, 80.0749 ns/op
WorkloadActual   9: 8388608 op, 674723400.00 ns, 80.4333 ns/op
WorkloadActual  10: 8388608 op, 673464300.00 ns, 80.2832 ns/op
WorkloadActual  11: 8388608 op, 659868100.00 ns, 78.6624 ns/op
WorkloadActual  12: 8388608 op, 670231500.00 ns, 79.8978 ns/op
WorkloadActual  13: 8388608 op, 675114000.00 ns, 80.4799 ns/op
WorkloadActual  14: 8388608 op, 677767400.00 ns, 80.7962 ns/op
WorkloadActual  15: 8388608 op, 676982700.00 ns, 80.7026 ns/op

WorkloadResult   1: 8388608 op, 657778200.00 ns, 78.4133 ns/op
WorkloadResult   2: 8388608 op, 650216000.00 ns, 77.5118 ns/op
WorkloadResult   3: 8388608 op, 662531900.00 ns, 78.9800 ns/op
WorkloadResult   4: 8388608 op, 658889700.00 ns, 78.5458 ns/op
WorkloadResult   5: 8388608 op, 648610100.00 ns, 77.3203 ns/op
WorkloadResult   6: 8388608 op, 644891600.00 ns, 76.8771 ns/op
WorkloadResult   7: 8388608 op, 663258000.00 ns, 79.0665 ns/op
WorkloadResult   8: 8388608 op, 653883900.00 ns, 77.9490 ns/op
WorkloadResult   9: 8388608 op, 656890100.00 ns, 78.3074 ns/op
WorkloadResult  10: 8388608 op, 655631000.00 ns, 78.1573 ns/op
WorkloadResult  11: 8388608 op, 642034800.00 ns, 76.5365 ns/op
WorkloadResult  12: 8388608 op, 652398200.00 ns, 77.7719 ns/op
WorkloadResult  13: 8388608 op, 657280700.00 ns, 78.3540 ns/op
WorkloadResult  14: 8388608 op, 659934100.00 ns, 78.6703 ns/op
WorkloadResult  15: 8388608 op, 659149400.00 ns, 78.5767 ns/op
// GC:  34 0 0 1744837536 8388608
// Threading:  0 0 8388608


Mean = 78.069 ns, StdErr = 0.191 ns (0.24%), N = 15, StdDev = 0.741 ns
Min = 76.537 ns, Q1 = 77.642 ns, Median = 78.307 ns, Q3 = 78.561 ns, Max = 79.067 ns
IQR = 0.919 ns, LowerFence = 76.263 ns, UpperFence = 79.940 ns
ConfidenceInterval = [77.277 ns; 78.861 ns] (CI 99.9%), Margin = 0.792 ns (1.01% of Mean)
Skewness = -0.6, Kurtosis = 2.2, MValue = 2

// ** Remained 15 (50.0 %) benchmark(s) to run. Estimated finish 2026-08-06 18:49 (0h 17m from now) **
Setup power plan (GUID: 8c5e7fda-e8bf-4a96-9a85-a6e23a8c635c FriendlyName: Alto rendimiento)
// **************************
// Benchmark: B_MessageConstructionBenchmarks.EricksonLopezOutbox_CreateMessageMetadata: Job-FWMHQE(Toolchain=InProcessEmitToolchain)
// *** Execute ***
// Launch: 1 / 1

// Benchmark Process Environment Information:
// BenchmarkDotNet v0.13.12
// Runtime=.NET 10.0.10 (10.0.1026.32716), X64 RyuJIT AVX-512F+CD+BW+DQ+VL+VBMI
// GC=Concurrent Workstation
// HardwareIntrinsics=AVX-512F+CD+BW+DQ+VL+VBMI,AES,BMI1,BMI2,FMA,LZCNT,PCLMUL,POPCNT,AvxVnni VectorSize=256
// Job: Job-FWMHQE(Toolchain=InProcessEmitToolchain)

OverheadJitting  1: 1 op, 177100.00 ns, 177.1000 us/op
WorkloadJitting  1: 1 op, 392900.00 ns, 392.9000 us/op

OverheadJitting  2: 16 op, 174500.00 ns, 10.9062 us/op
WorkloadJitting  2: 16 op, 216000.00 ns, 13.5000 us/op

WorkloadPilot    1: 16 op, 2900.00 ns, 181.2500 ns/op
WorkloadPilot    2: 32 op, 2100.00 ns, 65.6250 ns/op
WorkloadPilot    3: 64 op, 2100.00 ns, 32.8125 ns/op
WorkloadPilot    4: 128 op, 4600.00 ns, 35.9375 ns/op
WorkloadPilot    5: 256 op, 7400.00 ns, 28.9062 ns/op
WorkloadPilot    6: 512 op, 15300.00 ns, 29.8828 ns/op
WorkloadPilot    7: 1024 op, 28600.00 ns, 27.9297 ns/op
WorkloadPilot    8: 2048 op, 55900.00 ns, 27.2949 ns/op
WorkloadPilot    9: 4096 op, 110800.00 ns, 27.0508 ns/op
WorkloadPilot   10: 8192 op, 221100.00 ns, 26.9897 ns/op
WorkloadPilot   11: 16384 op, 439400.00 ns, 26.8188 ns/op
WorkloadPilot   12: 32768 op, 891400.00 ns, 27.2034 ns/op
WorkloadPilot   13: 65536 op, 1765800.00 ns, 26.9440 ns/op
WorkloadPilot   14: 131072 op, 4142400.00 ns, 31.6040 ns/op
WorkloadPilot   15: 262144 op, 9034600.00 ns, 34.4643 ns/op
WorkloadPilot   16: 524288 op, 15599900.00 ns, 29.7544 ns/op
WorkloadPilot   17: 1048576 op, 29194100.00 ns, 27.8417 ns/op
WorkloadPilot   18: 2097152 op, 60302100.00 ns, 28.7543 ns/op
WorkloadPilot   19: 4194304 op, 70608400.00 ns, 16.8344 ns/op
WorkloadPilot   20: 8388608 op, 34471300.00 ns, 4.1093 ns/op
WorkloadPilot   21: 16777216 op, 67211000.00 ns, 4.0061 ns/op
WorkloadPilot   22: 33554432 op, 131584200.00 ns, 3.9215 ns/op
WorkloadPilot   23: 67108864 op, 262218600.00 ns, 3.9074 ns/op
WorkloadPilot   24: 134217728 op, 555455800.00 ns, 4.1385 ns/op

OverheadWarmup   1: 134217728 op, 207155400.00 ns, 1.5434 ns/op
OverheadWarmup   2: 134217728 op, 206723100.00 ns, 1.5402 ns/op
OverheadWarmup   3: 134217728 op, 206402600.00 ns, 1.5378 ns/op
OverheadWarmup   4: 134217728 op, 208339800.00 ns, 1.5523 ns/op
OverheadWarmup   5: 134217728 op, 208436500.00 ns, 1.5530 ns/op
OverheadWarmup   6: 134217728 op, 208023400.00 ns, 1.5499 ns/op
OverheadWarmup   7: 134217728 op, 207960000.00 ns, 1.5494 ns/op
OverheadWarmup   8: 134217728 op, 208997400.00 ns, 1.5572 ns/op
OverheadWarmup   9: 134217728 op, 208361000.00 ns, 1.5524 ns/op

OverheadActual   1: 134217728 op, 208589600.00 ns, 1.5541 ns/op
OverheadActual   2: 134217728 op, 207342800.00 ns, 1.5448 ns/op
OverheadActual   3: 134217728 op, 208155200.00 ns, 1.5509 ns/op
OverheadActual   4: 134217728 op, 206439100.00 ns, 1.5381 ns/op
OverheadActual   5: 134217728 op, 207752400.00 ns, 1.5479 ns/op
OverheadActual   6: 134217728 op, 206576000.00 ns, 1.5391 ns/op
OverheadActual   7: 134217728 op, 206300400.00 ns, 1.5371 ns/op
OverheadActual   8: 134217728 op, 207405900.00 ns, 1.5453 ns/op
OverheadActual   9: 134217728 op, 206897200.00 ns, 1.5415 ns/op
OverheadActual  10: 134217728 op, 207102500.00 ns, 1.5430 ns/op
OverheadActual  11: 134217728 op, 207169100.00 ns, 1.5435 ns/op
OverheadActual  12: 134217728 op, 207164300.00 ns, 1.5435 ns/op
OverheadActual  13: 134217728 op, 206670800.00 ns, 1.5398 ns/op
OverheadActual  14: 134217728 op, 206379200.00 ns, 1.5376 ns/op
OverheadActual  15: 134217728 op, 207115800.00 ns, 1.5431 ns/op

WorkloadWarmup   1: 134217728 op, 524171000.00 ns, 3.9054 ns/op
WorkloadWarmup   2: 134217728 op, 548586300.00 ns, 4.0873 ns/op
WorkloadWarmup   3: 134217728 op, 539293200.00 ns, 4.0180 ns/op
WorkloadWarmup   4: 134217728 op, 544774800.00 ns, 4.0589 ns/op
WorkloadWarmup   5: 134217728 op, 534776100.00 ns, 3.9844 ns/op
WorkloadWarmup   6: 134217728 op, 526454500.00 ns, 3.9224 ns/op

WorkloadActual   1: 134217728 op, 531041600.00 ns, 3.9566 ns/op
WorkloadActual   2: 134217728 op, 555851300.00 ns, 4.1414 ns/op
WorkloadActual   3: 134217728 op, 527309400.00 ns, 3.9288 ns/op
WorkloadActual   4: 134217728 op, 521558500.00 ns, 3.8859 ns/op
WorkloadActual   5: 134217728 op, 522512800.00 ns, 3.8930 ns/op
WorkloadActual   6: 134217728 op, 542360200.00 ns, 4.0409 ns/op
WorkloadActual   7: 134217728 op, 524502100.00 ns, 3.9078 ns/op
WorkloadActual   8: 134217728 op, 526896000.00 ns, 3.9257 ns/op
WorkloadActual   9: 134217728 op, 523486700.00 ns, 3.9003 ns/op
WorkloadActual  10: 134217728 op, 528049600.00 ns, 3.9343 ns/op
WorkloadActual  11: 134217728 op, 522756200.00 ns, 3.8948 ns/op
WorkloadActual  12: 134217728 op, 524869200.00 ns, 3.9106 ns/op
WorkloadActual  13: 134217728 op, 522246800.00 ns, 3.8910 ns/op
WorkloadActual  14: 134217728 op, 535244200.00 ns, 3.9879 ns/op
WorkloadActual  15: 134217728 op, 538140100.00 ns, 4.0095 ns/op

WorkloadResult   1: 134217728 op, 323925800.00 ns, 2.4134 ns/op
WorkloadResult   2: 134217728 op, 320193600.00 ns, 2.3856 ns/op
WorkloadResult   3: 134217728 op, 314442700.00 ns, 2.3428 ns/op
WorkloadResult   4: 134217728 op, 315397000.00 ns, 2.3499 ns/op
WorkloadResult   5: 134217728 op, 335244400.00 ns, 2.4978 ns/op
WorkloadResult   6: 134217728 op, 317386300.00 ns, 2.3647 ns/op
WorkloadResult   7: 134217728 op, 319780200.00 ns, 2.3825 ns/op
WorkloadResult   8: 134217728 op, 316370900.00 ns, 2.3571 ns/op
WorkloadResult   9: 134217728 op, 320933800.00 ns, 2.3911 ns/op
WorkloadResult  10: 134217728 op, 315640400.00 ns, 2.3517 ns/op
WorkloadResult  11: 134217728 op, 317753400.00 ns, 2.3674 ns/op
WorkloadResult  12: 134217728 op, 315131000.00 ns, 2.3479 ns/op
WorkloadResult  13: 134217728 op, 328128400.00 ns, 2.4447 ns/op
WorkloadResult  14: 134217728 op, 331024300.00 ns, 2.4663 ns/op
// GC:  149 0 0 7516199840 134217728
// Threading:  0 0 134217728


Mean = 2.390 ns, StdErr = 0.013 ns (0.54%), N = 14, StdDev = 0.048 ns
Min = 2.343 ns, Q1 = 2.353 ns, Median = 2.375 ns, Q3 = 2.408 ns, Max = 2.498 ns
IQR = 0.055 ns, LowerFence = 2.271 ns, UpperFence = 2.490 ns
ConfidenceInterval = [2.336 ns; 2.445 ns] (CI 99.9%), Margin = 0.055 ns (2.28% of Mean)
Skewness = 0.94, Kurtosis = 2.51, MValue = 2

// ** Remained 14 (46.7 %) benchmark(s) to run. Estimated finish 2026-08-06 18:47 (0h 15m from now) **
Successfully reverted power plan (GUID: 8c5e7fda-e8bf-4a96-9a85-a6e23a8c635c FriendlyName: Alto rendimiento)
// ***** BenchmarkRunner: Finish  *****

// * Export *
  D:\DevData\ericksonlopez.dev\dotnet-outbox\benchmarks\results\results\EricksonLopez.Outbox.Benchmarks.B_MessageConstructionBenchmarks-report.csv
  D:\DevData\ericksonlopez.dev\dotnet-outbox\benchmarks\results\results\EricksonLopez.Outbox.Benchmarks.B_MessageConstructionBenchmarks-report-github.md
  D:\DevData\ericksonlopez.dev\dotnet-outbox\benchmarks\results\results\EricksonLopez.Outbox.Benchmarks.B_MessageConstructionBenchmarks-report.html

// * Detailed results *
B_MessageConstructionBenchmarks.EricksonLopezOutbox_CreateOutboxMessage: Job-BVYALF(IterationCount=200, WarmupCount=20)
Runtime = .NET 10.0.10 (10.0.1026.32716), X64 RyuJIT AVX-512F+CD+BW+DQ+VL+VBMI; GC = Concurrent Workstation
Mean = 68.097 ns, StdErr = 0.033 ns (0.05%), N = 195, StdDev = 0.456 ns
Min = 66.851 ns, Q1 = 67.795 ns, Median = 68.057 ns, Q3 = 68.347 ns, Max = 69.199 ns
IQR = 0.552 ns, LowerFence = 66.968 ns, UpperFence = 69.174 ns
ConfidenceInterval = [67.988 ns; 68.206 ns] (CI 99.9%), Margin = 0.109 ns (0.16% of Mean)
Skewness = 0.26, Kurtosis = 2.9, MValue = 2
-------------------- Histogram --------------------
[66.748 ns ; 69.303 ns) | @@@@@@@@@@@@@@@@@@@@@@@@@@@@@@@@@@@@@@@@@@@@@@@@@@@@@@@@@@@@@@@@@@@@@@@@@@@@@@@@@@@@@@@@@@@@@@@@@@@@@@@@@@@@@@@@@@@@@@@@@@@@@@@@@@@@@@@@@@@@@@@@@@@@@@@@@@@@@@@@@@@@@@@@@@@@@@@@@@@@@@@@@@@@@@@@@@@
---------------------------------------------------

B_MessageConstructionBenchmarks.EricksonLopezOutbox_CreateMessageMetadata: Job-BVYALF(IterationCount=200, WarmupCount=20)
Runtime = .NET 10.0.10 (10.0.1026.32716), X64 RyuJIT AVX-512F+CD+BW+DQ+VL+VBMI; GC = Concurrent Workstation
Mean = 2.062 ns, StdErr = 0.003 ns (0.16%), N = 195, StdDev = 0.046 ns
Min = 1.993 ns, Q1 = 2.027 ns, Median = 2.052 ns, Q3 = 2.095 ns, Max = 2.200 ns
IQR = 0.068 ns, LowerFence = 1.924 ns, UpperFence = 2.198 ns
ConfidenceInterval = [2.051 ns; 2.073 ns] (CI 99.9%), Margin = 0.011 ns (0.53% of Mean)
Skewness = 0.82, Kurtosis = 3.09, MValue = 2
-------------------- Histogram --------------------
[1.983 ns ; 2.042 ns) | @@@@@@@@@@@@@@@@@@@@@@@@@@@@@@@@@@@@@@@@@@@@@@@@@@@@@@@@@@@@@@@@@@@@@@@@@@@
[2.042 ns ; 2.121 ns) | @@@@@@@@@@@@@@@@@@@@@@@@@@@@@@@@@@@@@@@@@@@@@@@@@@@@@@@@@@@@@@@@@@@@@@@@@@@@@@@@@@@@@@@@@@@@@@@@@@
[2.121 ns ; 2.210 ns) | @@@@@@@@@@@@@@@@@@@@@@
---------------------------------------------------

B_MessageConstructionBenchmarks.EricksonLopezOutbox_CreateOutboxMessage: Job-FWMHQE(Toolchain=InProcessEmitToolchain)
Runtime = ; GC = 
Mean = 78.069 ns, StdErr = 0.191 ns (0.24%), N = 15, StdDev = 0.741 ns
Min = 76.537 ns, Q1 = 77.642 ns, Median = 78.307 ns, Q3 = 78.561 ns, Max = 79.067 ns
IQR = 0.919 ns, LowerFence = 76.263 ns, UpperFence = 79.940 ns
ConfidenceInterval = [77.277 ns; 78.861 ns] (CI 99.9%), Margin = 0.792 ns (1.01% of Mean)
Skewness = -0.6, Kurtosis = 2.2, MValue = 2
-------------------- Histogram --------------------
[76.142 ns ; 79.093 ns) | @@@@@@@@@@@@@@@
---------------------------------------------------

B_MessageConstructionBenchmarks.EricksonLopezOutbox_CreateMessageMetadata: Job-FWMHQE(Toolchain=InProcessEmitToolchain)
Runtime = ; GC = 
Mean = 2.390 ns, StdErr = 0.013 ns (0.54%), N = 14, StdDev = 0.048 ns
Min = 2.343 ns, Q1 = 2.353 ns, Median = 2.375 ns, Q3 = 2.408 ns, Max = 2.498 ns
IQR = 0.055 ns, LowerFence = 2.271 ns, UpperFence = 2.490 ns
ConfidenceInterval = [2.336 ns; 2.445 ns] (CI 99.9%), Margin = 0.055 ns (2.28% of Mean)
Skewness = 0.94, Kurtosis = 2.51, MValue = 2
-------------------- Histogram --------------------
[2.341 ns ; 2.429 ns) | @@@@@@@@@@@
[2.429 ns ; 2.524 ns) | @@@
---------------------------------------------------

// * Summary *

BenchmarkDotNet v0.13.12, Windows 11 (10.0.26200.8875)
Unknown processor
.NET SDK 10.0.302
  [Host]     : .NET 10.0.10 (10.0.1026.32716), X64 RyuJIT AVX-512F+CD+BW+DQ+VL+VBMI
  Job-BVYALF : .NET 10.0.10 (10.0.1026.32716), X64 RyuJIT AVX-512F+CD+BW+DQ+VL+VBMI


| Method                                    | Job        | Toolchain              | IterationCount | WarmupCount | Mean      | Min       | Max       | P50       | P95       | Op/s          | Ratio | Gen0   | Allocated | Alloc Ratio |
|------------------------------------------ |----------- |----------------------- |--------------- |------------ |----------:|----------:|----------:|----------:|----------:|--------------:|------:|-------:|----------:|------------:|
| EricksonLopezOutbox_CreateOutboxMessage   | Job-BVYALF | Default                | 200            | 20          | 68.097 ns | 66.851 ns | 69.199 ns | 68.057 ns | 68.983 ns |  14,684,910.8 |  1.00 | 0.0041 |     208 B |        1.00 |
| EricksonLopezOutbox_CreateMessageMetadata | Job-BVYALF | Default                | 200            | 20          |  2.062 ns |  1.993 ns |  2.200 ns |  2.052 ns |  2.150 ns | 484,942,929.6 |  0.03 | 0.0011 |      56 B |        0.27 |
|                                           |            |                        |                |             |           |           |           |           |           |               |       |        |           |             |
| EricksonLopezOutbox_CreateOutboxMessage   | Job-FWMHQE | InProcessEmitToolchain | Default        | Default     | 78.069 ns | 76.537 ns | 79.067 ns | 78.307 ns | 79.006 ns |  12,809,150.2 |  1.00 | 0.0041 |     208 B |        1.00 |
| EricksonLopezOutbox_CreateMessageMetadata | Job-FWMHQE | InProcessEmitToolchain | Default        | Default     |  2.390 ns |  2.343 ns |  2.498 ns |  2.375 ns |  2.477 ns | 418,370,261.0 |  0.03 | 0.0011 |      56 B |        0.27 |

// * Hints *
Outliers
  B_MessageConstructionBenchmarks.EricksonLopezOutbox_CreateOutboxMessage: IterationCount=200, WarmupCount=20   -> 5 outliers were removed, 6 outliers were detected (68.80 ns, 71.19 ns..71.53 ns)
  B_MessageConstructionBenchmarks.EricksonLopezOutbox_CreateMessageMetadata: IterationCount=200, WarmupCount=20 -> 5 outliers were removed (3.19 ns..3.23 ns)
  B_MessageConstructionBenchmarks.EricksonLopezOutbox_CreateMessageMetadata: Toolchain=InProcessEmitToolchain   -> 1 outlier  was  removed (4.14 ns)
HideColumnsAnalyser
  Summary -> Hidden columns: Error, StdDev, Median
// * Config Issues *

// * Warnings *
Configuration
  Summary -> The exporter MarkdownExporter-github is already present in configuration. There may be unexpected results.

// * Legends *
  Mean        : Arithmetic mean of all measurements
  Min         : Minimum
  Max         : Maximum
  P50         : Percentile 50
  P95         : Percentile 95
  Op/s        : Operation per second
  Ratio       : Mean of the ratio distribution ([Current]/[Baseline])
  Gen0        : GC Generation 0 collects per 1000 operations
  Allocated   : Allocated memory per single operation (managed only, inclusive, 1KB = 1024B)
  Alloc Ratio : Allocated memory ratio distribution ([Current]/[Baseline])
  1 ns        : 1 Nanosecond (0.000000001 sec)

// * Diagnostic Output - MemoryDiagnoser *


// ***** BenchmarkRunner: End *****
Run time: 00:05:58 (358.9 sec), executed benchmarks: 4

// Found 8 benchmarks:
//   D_BatchStoreBenchmarks.EricksonLopezOutbox_StoreAsync_Batch: Job-XTCYIO(IterationCount=15, WarmupCount=10) [BatchSize=1]
//   D_BatchStoreBenchmarks.EricksonLopezOutbox_StoreAsync_Batch: Job-FWMHQE(Toolchain=InProcessEmitToolchain) [BatchSize=1]
//   D_BatchStoreBenchmarks.EricksonLopezOutbox_StoreAsync_Batch: Job-XTCYIO(IterationCount=15, WarmupCount=10) [BatchSize=100]
//   D_BatchStoreBenchmarks.EricksonLopezOutbox_StoreAsync_Batch: Job-FWMHQE(Toolchain=InProcessEmitToolchain) [BatchSize=100]
//   D_BatchStoreBenchmarks.EricksonLopezOutbox_StoreAsync_Batch: Job-XTCYIO(IterationCount=15, WarmupCount=10) [BatchSize=1000]
//   D_BatchStoreBenchmarks.EricksonLopezOutbox_StoreAsync_Batch: Job-FWMHQE(Toolchain=InProcessEmitToolchain) [BatchSize=1000]
//   D_BatchStoreBenchmarks.EricksonLopezOutbox_StoreAsync_Batch: Job-XTCYIO(IterationCount=15, WarmupCount=10) [BatchSize=10000]
//   D_BatchStoreBenchmarks.EricksonLopezOutbox_StoreAsync_Batch: Job-FWMHQE(Toolchain=InProcessEmitToolchain) [BatchSize=10000]

Setup power plan (GUID: 8c5e7fda-e8bf-4a96-9a85-a6e23a8c635c FriendlyName: Alto rendimiento)
// **************************
// Benchmark: D_BatchStoreBenchmarks.EricksonLopezOutbox_StoreAsync_Batch: Job-XTCYIO(IterationCount=15, WarmupCount=10) [BatchSize=1]
// *** Execute ***
// Launch: 1 / 1
// Execute: dotnet 7284c0d0-c932-4332-801f-2c62674b8ef9.dll --anonymousPipes 4740 4744 --benchmarkName "EricksonLopez.Outbox.Benchmarks.D_BatchStoreBenchmarks.EricksonLopezOutbox_StoreAsync_Batch(BatchSize: 1)" --job "IterationCount=15, WarmupCount=10" --benchmarkId 8 in D:\DevData\ericksonlopez.dev\dotnet-outbox\benchmarks\EricksonLopez.Outbox.Benchmarks\bin\Release\net10.0\7284c0d0-c932-4332-801f-2c62674b8ef9\bin\Release\net10.0
// BeforeAnythingElse

// Benchmark Process Environment Information:
// BenchmarkDotNet v0.13.12
// Runtime=.NET 10.0.10 (10.0.1026.32716), X64 RyuJIT AVX-512F+CD+BW+DQ+VL+VBMI
// GC=Concurrent Workstation
// HardwareIntrinsics=AVX-512F+CD+BW+DQ+VL+VBMI,AES,BMI1,BMI2,FMA,LZCNT,PCLMUL,POPCNT,AvxVnni VectorSize=256
// Job: Job-FITHNI(IterationCount=15, WarmupCount=10)

info: EricksonLopez.Outbox.Hosting.OutboxStartupValidator[10102]
      This application acts only as a publisher. Pending messages won't be dispatched.
info: Microsoft.Hosting.Lifetime[0]
      Application started. Press Ctrl+C to shut down.
info: Microsoft.Hosting.Lifetime[0]
      Hosting environment: Production
info: Microsoft.Hosting.Lifetime[0]
      Content root path: D:\DevData\ericksonlopez.dev\dotnet-outbox\benchmarks\EricksonLopez.Outbox.Benchmarks\bin\Release\net10.0\7284c0d0-c932-4332-801f-2c62674b8ef9\bin\Release\net10.0
OverheadJitting  1: 1 op, 160800.00 ns, 160.8000 us/op
WorkloadJitting  1: 1 op, 22566800.00 ns, 22.5668 ms/op

OverheadJitting  2: 16 op, 163900.00 ns, 10.2438 us/op
WorkloadJitting  2: 16 op, 247100.00 ns, 15.4437 us/op

WorkloadPilot    1: 16 op, 33100.00 ns, 2.0688 us/op
WorkloadPilot    2: 32 op, 35200.00 ns, 1.1000 us/op
WorkloadPilot    3: 64 op, 67600.00 ns, 1.0562 us/op
WorkloadPilot    4: 128 op, 100900.00 ns, 788.2812 ns/op
WorkloadPilot    5: 256 op, 208300.00 ns, 813.6719 ns/op
WorkloadPilot    6: 512 op, 372000.00 ns, 726.5625 ns/op
WorkloadPilot    7: 1024 op, 772400.00 ns, 754.2969 ns/op
WorkloadPilot    8: 2048 op, 1409600.00 ns, 688.2812 ns/op
WorkloadPilot    9: 4096 op, 2938800.00 ns, 717.4805 ns/op
WorkloadPilot   10: 8192 op, 6198200.00 ns, 756.6162 ns/op
WorkloadPilot   11: 16384 op, 11503500.00 ns, 702.1179 ns/op
WorkloadPilot   12: 32768 op, 23824200.00 ns, 727.0569 ns/op
WorkloadPilot   13: 65536 op, 45789800.00 ns, 698.6969 ns/op
WorkloadPilot   14: 131072 op, 96018600.00 ns, 732.5638 ns/op
WorkloadPilot   15: 262144 op, 90079200.00 ns, 343.6249 ns/op
WorkloadPilot   16: 524288 op, 130969800.00 ns, 249.8051 ns/op
WorkloadPilot   17: 1048576 op, 263731400.00 ns, 251.5139 ns/op
WorkloadPilot   18: 2097152 op, 524294800.00 ns, 250.0032 ns/op

OverheadWarmup   1: 2097152 op, 2820200.00 ns, 1.3448 ns/op
OverheadWarmup   2: 2097152 op, 2966500.00 ns, 1.4145 ns/op
OverheadWarmup   3: 2097152 op, 2896900.00 ns, 1.3813 ns/op
OverheadWarmup   4: 2097152 op, 2817000.00 ns, 1.3433 ns/op
OverheadWarmup   5: 2097152 op, 2831600.00 ns, 1.3502 ns/op
OverheadWarmup   6: 2097152 op, 2924800.00 ns, 1.3947 ns/op
OverheadWarmup   7: 2097152 op, 2836000.00 ns, 1.3523 ns/op

OverheadActual   1: 2097152 op, 2852300.00 ns, 1.3601 ns/op
OverheadActual   2: 2097152 op, 2816600.00 ns, 1.3431 ns/op
OverheadActual   3: 2097152 op, 2816500.00 ns, 1.3430 ns/op
OverheadActual   4: 2097152 op, 2862500.00 ns, 1.3649 ns/op
OverheadActual   5: 2097152 op, 2831200.00 ns, 1.3500 ns/op
OverheadActual   6: 2097152 op, 2832300.00 ns, 1.3505 ns/op
OverheadActual   7: 2097152 op, 2820600.00 ns, 1.3450 ns/op
OverheadActual   8: 2097152 op, 2832900.00 ns, 1.3508 ns/op
OverheadActual   9: 2097152 op, 2833300.00 ns, 1.3510 ns/op
OverheadActual  10: 2097152 op, 2815200.00 ns, 1.3424 ns/op
OverheadActual  11: 2097152 op, 2836200.00 ns, 1.3524 ns/op
OverheadActual  12: 2097152 op, 2837300.00 ns, 1.3529 ns/op
OverheadActual  13: 2097152 op, 2840800.00 ns, 1.3546 ns/op
OverheadActual  14: 2097152 op, 2818600.00 ns, 1.3440 ns/op
OverheadActual  15: 2097152 op, 2818800.00 ns, 1.3441 ns/op

WorkloadWarmup   1: 2097152 op, 535304300.00 ns, 255.2530 ns/op
WorkloadWarmup   2: 2097152 op, 529324300.00 ns, 252.4015 ns/op
WorkloadWarmup   3: 2097152 op, 530023700.00 ns, 252.7350 ns/op
WorkloadWarmup   4: 2097152 op, 531303000.00 ns, 253.3450 ns/op
WorkloadWarmup   5: 2097152 op, 526408000.00 ns, 251.0109 ns/op
WorkloadWarmup   6: 2097152 op, 522789800.00 ns, 249.2856 ns/op
WorkloadWarmup   7: 2097152 op, 521966100.00 ns, 248.8928 ns/op
WorkloadWarmup   8: 2097152 op, 523627700.00 ns, 249.6851 ns/op
WorkloadWarmup   9: 2097152 op, 521635600.00 ns, 248.7352 ns/op
WorkloadWarmup  10: 2097152 op, 516615100.00 ns, 246.3413 ns/op

// BeforeActualRun
WorkloadActual   1: 2097152 op, 533803500.00 ns, 254.5373 ns/op
WorkloadActual   2: 2097152 op, 529780600.00 ns, 252.6191 ns/op
WorkloadActual   3: 2097152 op, 523509800.00 ns, 249.6289 ns/op
WorkloadActual   4: 2097152 op, 523364000.00 ns, 249.5594 ns/op
WorkloadActual   5: 2097152 op, 520516200.00 ns, 248.2015 ns/op
WorkloadActual   6: 2097152 op, 522488600.00 ns, 249.1420 ns/op
WorkloadActual   7: 2097152 op, 522941600.00 ns, 249.3580 ns/op
WorkloadActual   8: 2097152 op, 522422000.00 ns, 249.1102 ns/op
WorkloadActual   9: 2097152 op, 521169000.00 ns, 248.5127 ns/op
WorkloadActual  10: 2097152 op, 524951900.00 ns, 250.3166 ns/op
WorkloadActual  11: 2097152 op, 523296000.00 ns, 249.5270 ns/op
WorkloadActual  12: 2097152 op, 522342400.00 ns, 249.0723 ns/op
WorkloadActual  13: 2097152 op, 526014200.00 ns, 250.8231 ns/op
WorkloadActual  14: 2097152 op, 527600100.00 ns, 251.5793 ns/op
WorkloadActual  15: 2097152 op, 527698400.00 ns, 251.6262 ns/op

// AfterActualRun
WorkloadResult   1: 2097152 op, 526948300.00 ns, 251.2685 ns/op
WorkloadResult   2: 2097152 op, 520677500.00 ns, 248.2784 ns/op
WorkloadResult   3: 2097152 op, 520531700.00 ns, 248.2089 ns/op
WorkloadResult   4: 2097152 op, 517683900.00 ns, 246.8509 ns/op
WorkloadResult   5: 2097152 op, 519656300.00 ns, 247.7914 ns/op
WorkloadResult   6: 2097152 op, 520109300.00 ns, 248.0074 ns/op
WorkloadResult   7: 2097152 op, 519589700.00 ns, 247.7597 ns/op
WorkloadResult   8: 2097152 op, 518336700.00 ns, 247.1622 ns/op
WorkloadResult   9: 2097152 op, 522119600.00 ns, 248.9660 ns/op
WorkloadResult  10: 2097152 op, 520463700.00 ns, 248.1764 ns/op
WorkloadResult  11: 2097152 op, 519510100.00 ns, 247.7217 ns/op
WorkloadResult  12: 2097152 op, 523181900.00 ns, 249.4726 ns/op
WorkloadResult  13: 2097152 op, 524767800.00 ns, 250.2288 ns/op
WorkloadResult  14: 2097152 op, 524866100.00 ns, 250.2757 ns/op
// GC:  14 0 0 721424432 2097152
// Threading:  0 0 2097152

info: Microsoft.Hosting.Lifetime[0]
      Application is shutting down...
// AfterAll
// Benchmark Process 131868 has exited with code 0.

Mean = 248.583 ns, StdErr = 0.344 ns (0.14%), N = 14, StdDev = 1.287 ns
Min = 246.851 ns, Q1 = 247.768 ns, Median = 248.193 ns, Q3 = 249.346 ns, Max = 251.269 ns
IQR = 1.578 ns, LowerFence = 245.400 ns, UpperFence = 251.713 ns
ConfidenceInterval = [247.132 ns; 250.035 ns] (CI 99.9%), Margin = 1.451 ns (0.58% of Mean)
Skewness = 0.65, Kurtosis = 2.16, MValue = 2

// ** Remained 13 (43.3 %) benchmark(s) to run. Estimated finish 2026-08-06 18:46 (0h 13m from now) **
Setup power plan (GUID: 8c5e7fda-e8bf-4a96-9a85-a6e23a8c635c FriendlyName: Alto rendimiento)
// **************************
// Benchmark: D_BatchStoreBenchmarks.EricksonLopezOutbox_StoreAsync_Batch: Job-FWMHQE(Toolchain=InProcessEmitToolchain) [BatchSize=1]
// *** Execute ***
// Launch: 1 / 1

// Benchmark Process Environment Information:
// BenchmarkDotNet v0.13.12
// Runtime=.NET 10.0.10 (10.0.1026.32716), X64 RyuJIT AVX-512F+CD+BW+DQ+VL+VBMI
// GC=Concurrent Workstation
// HardwareIntrinsics=AVX-512F+CD+BW+DQ+VL+VBMI,AES,BMI1,BMI2,FMA,LZCNT,PCLMUL,POPCNT,AvxVnni VectorSize=256
// Job: Job-FWMHQE(Toolchain=InProcessEmitToolchain)

OverheadJitting  1: 1 op, 136500.00 ns, 136.5000 us/op
WorkloadJitting  1: 1 op, 9047000.00 ns, 9.0470 ms/op

OverheadJitting  2: 16 op, 150300.00 ns, 9.3938 us/op
WorkloadJitting  2: 16 op, 241100.00 ns, 15.0687 us/op

WorkloadPilot    1: 16 op, 21900.00 ns, 1.3687 us/op
WorkloadPilot    2: 32 op, 35900.00 ns, 1.1219 us/op
WorkloadPilot    3: 64 op, 57900.00 ns, 904.6875 ns/op
WorkloadPilot    4: 128 op, 91000.00 ns, 710.9375 ns/op
WorkloadPilot    5: 256 op, 153100.00 ns, 598.0469 ns/op
WorkloadPilot    6: 512 op, 326500.00 ns, 637.6953 ns/op
WorkloadPilot    7: 1024 op, 663400.00 ns, 647.8516 ns/op
WorkloadPilot    8: 2048 op, 1391900.00 ns, 679.6387 ns/op
WorkloadPilot    9: 4096 op, 2548700.00 ns, 622.2412 ns/op
WorkloadPilot   10: 8192 op, 5744800.00 ns, 701.2695 ns/op
WorkloadPilot   11: 16384 op, 10165300.00 ns, 620.4407 ns/op
WorkloadPilot   12: 32768 op, 20263200.00 ns, 618.3838 ns/op
WorkloadPilot   13: 65536 op, 40227600.00 ns, 613.8245 ns/op
WorkloadPilot   14: 131072 op, 80674500.00 ns, 615.4976 ns/op
WorkloadPilot   15: 262144 op, 109195100.00 ns, 416.5462 ns/op
WorkloadPilot   16: 524288 op, 148347500.00 ns, 282.9504 ns/op
WorkloadPilot   17: 1048576 op, 301083400.00 ns, 287.1355 ns/op
WorkloadPilot   18: 2097152 op, 601398600.00 ns, 286.7692 ns/op

OverheadWarmup   1: 2097152 op, 3234700.00 ns, 1.5424 ns/op
OverheadWarmup   2: 2097152 op, 3390000.00 ns, 1.6165 ns/op
OverheadWarmup   3: 2097152 op, 3222100.00 ns, 1.5364 ns/op
OverheadWarmup   4: 2097152 op, 3255500.00 ns, 1.5523 ns/op
OverheadWarmup   5: 2097152 op, 3237700.00 ns, 1.5439 ns/op

OverheadActual   1: 2097152 op, 3257300.00 ns, 1.5532 ns/op
OverheadActual   2: 2097152 op, 3256900.00 ns, 1.5530 ns/op
OverheadActual   3: 2097152 op, 3225700.00 ns, 1.5381 ns/op
OverheadActual   4: 2097152 op, 3217200.00 ns, 1.5341 ns/op
OverheadActual   5: 2097152 op, 3249900.00 ns, 1.5497 ns/op
OverheadActual   6: 2097152 op, 3239400.00 ns, 1.5447 ns/op
OverheadActual   7: 2097152 op, 3224100.00 ns, 1.5374 ns/op
OverheadActual   8: 2097152 op, 3226300.00 ns, 1.5384 ns/op
OverheadActual   9: 2097152 op, 3363500.00 ns, 1.6038 ns/op
OverheadActual  10: 2097152 op, 3222500.00 ns, 1.5366 ns/op
OverheadActual  11: 2097152 op, 3297500.00 ns, 1.5724 ns/op
OverheadActual  12: 2097152 op, 3247300.00 ns, 1.5484 ns/op
OverheadActual  13: 2097152 op, 3234500.00 ns, 1.5423 ns/op
OverheadActual  14: 2097152 op, 3233200.00 ns, 1.5417 ns/op
OverheadActual  15: 2097152 op, 3228700.00 ns, 1.5396 ns/op

WorkloadWarmup   1: 2097152 op, 604233900.00 ns, 288.1212 ns/op
WorkloadWarmup   2: 2097152 op, 600273500.00 ns, 286.2327 ns/op
WorkloadWarmup   3: 2097152 op, 599655400.00 ns, 285.9380 ns/op
WorkloadWarmup   4: 2097152 op, 607932700.00 ns, 289.8849 ns/op
WorkloadWarmup   5: 2097152 op, 604606300.00 ns, 288.2987 ns/op
WorkloadWarmup   6: 2097152 op, 605260000.00 ns, 288.6105 ns/op
WorkloadWarmup   7: 2097152 op, 605670000.00 ns, 288.8060 ns/op
WorkloadWarmup   8: 2097152 op, 601790500.00 ns, 286.9561 ns/op

WorkloadActual   1: 2097152 op, 590377500.00 ns, 281.5139 ns/op
WorkloadActual   2: 2097152 op, 589265000.00 ns, 280.9834 ns/op
WorkloadActual   3: 2097152 op, 594042500.00 ns, 283.2615 ns/op
WorkloadActual   4: 2097152 op, 588572800.00 ns, 280.6534 ns/op
WorkloadActual   5: 2097152 op, 591517400.00 ns, 282.0575 ns/op
WorkloadActual   6: 2097152 op, 592755200.00 ns, 282.6477 ns/op
WorkloadActual   7: 2097152 op, 591656200.00 ns, 282.1237 ns/op
WorkloadActual   8: 2097152 op, 584232500.00 ns, 278.5838 ns/op
WorkloadActual   9: 2097152 op, 591851400.00 ns, 282.2167 ns/op
WorkloadActual  10: 2097152 op, 585996800.00 ns, 279.4250 ns/op
WorkloadActual  11: 2097152 op, 591394600.00 ns, 281.9989 ns/op
WorkloadActual  12: 2097152 op, 599379800.00 ns, 285.8066 ns/op
WorkloadActual  13: 2097152 op, 592995500.00 ns, 282.7623 ns/op
WorkloadActual  14: 2097152 op, 595803200.00 ns, 284.1011 ns/op
WorkloadActual  15: 2097152 op, 590866700.00 ns, 281.7472 ns/op

WorkloadResult   1: 2097152 op, 587143000.00 ns, 279.9716 ns/op
WorkloadResult   2: 2097152 op, 586030500.00 ns, 279.4411 ns/op
WorkloadResult   3: 2097152 op, 590808000.00 ns, 281.7192 ns/op
WorkloadResult   4: 2097152 op, 585338300.00 ns, 279.1111 ns/op
WorkloadResult   5: 2097152 op, 588282900.00 ns, 280.5151 ns/op
WorkloadResult   6: 2097152 op, 589520700.00 ns, 281.1054 ns/op
WorkloadResult   7: 2097152 op, 588421700.00 ns, 280.5813 ns/op
WorkloadResult   8: 2097152 op, 580998000.00 ns, 277.0414 ns/op
WorkloadResult   9: 2097152 op, 588616900.00 ns, 280.6744 ns/op
WorkloadResult  10: 2097152 op, 582762300.00 ns, 277.8827 ns/op
WorkloadResult  11: 2097152 op, 588160100.00 ns, 280.4566 ns/op
WorkloadResult  12: 2097152 op, 589761000.00 ns, 281.2200 ns/op
WorkloadResult  13: 2097152 op, 592568700.00 ns, 282.5588 ns/op
WorkloadResult  14: 2097152 op, 587632200.00 ns, 280.2049 ns/op
// GC:  14 0 0 721431056 2097152
// Threading:  0 0 2097152


Mean = 280.177 ns, StdErr = 0.388 ns (0.14%), N = 14, StdDev = 1.452 ns
Min = 277.041 ns, Q1 = 279.574 ns, Median = 280.486 ns, Q3 = 280.998 ns, Max = 282.559 ns
IQR = 1.424 ns, LowerFence = 277.438 ns, UpperFence = 283.133 ns
ConfidenceInterval = [278.539 ns; 281.816 ns] (CI 99.9%), Margin = 1.638 ns (0.58% of Mean)
Skewness = -0.59, Kurtosis = 2.66, MValue = 2

// ** Remained 12 (40.0 %) benchmark(s) to run. Estimated finish 2026-08-06 18:45 (0h 12m from now) **
Setup power plan (GUID: 8c5e7fda-e8bf-4a96-9a85-a6e23a8c635c FriendlyName: Alto rendimiento)
// **************************
// Benchmark: D_BatchStoreBenchmarks.EricksonLopezOutbox_StoreAsync_Batch: Job-XTCYIO(IterationCount=15, WarmupCount=10) [BatchSize=100]
// *** Execute ***
// Launch: 1 / 1
// Execute: dotnet 7284c0d0-c932-4332-801f-2c62674b8ef9.dll --anonymousPipes 4320 1140 --benchmarkName "EricksonLopez.Outbox.Benchmarks.D_BatchStoreBenchmarks.EricksonLopezOutbox_StoreAsync_Batch(BatchSize: 100)" --job "IterationCount=15, WarmupCount=10" --benchmarkId 9 in D:\DevData\ericksonlopez.dev\dotnet-outbox\benchmarks\EricksonLopez.Outbox.Benchmarks\bin\Release\net10.0\7284c0d0-c932-4332-801f-2c62674b8ef9\bin\Release\net10.0
// BeforeAnythingElse

// Benchmark Process Environment Information:
// BenchmarkDotNet v0.13.12
// Runtime=.NET 10.0.10 (10.0.1026.32716), X64 RyuJIT AVX-512F+CD+BW+DQ+VL+VBMI
// GC=Concurrent Workstation
// HardwareIntrinsics=AVX-512F+CD+BW+DQ+VL+VBMI,AES,BMI1,BMI2,FMA,LZCNT,PCLMUL,POPCNT,AvxVnni VectorSize=256
// Job: Job-SARUOU(IterationCount=15, WarmupCount=10)

info: EricksonLopez.Outbox.Hosting.OutboxStartupValidator[10102]
      This application acts only as a publisher. Pending messages won't be dispatched.
info: Microsoft.Hosting.Lifetime[0]
      Application started. Press Ctrl+C to shut down.
info: Microsoft.Hosting.Lifetime[0]
      Hosting environment: Production
info: Microsoft.Hosting.Lifetime[0]
      Content root path: D:\DevData\ericksonlopez.dev\dotnet-outbox\benchmarks\EricksonLopez.Outbox.Benchmarks\bin\Release\net10.0\7284c0d0-c932-4332-801f-2c62674b8ef9\bin\Release\net10.0
OverheadJitting  1: 1 op, 165200.00 ns, 165.2000 us/op
WorkloadJitting  1: 1 op, 22619100.00 ns, 22.6191 ms/op

OverheadJitting  2: 16 op, 189600.00 ns, 11.8500 us/op
WorkloadJitting  2: 16 op, 971600.00 ns, 60.7250 us/op

WorkloadPilot    1: 16 op, 758700.00 ns, 47.4188 us/op
WorkloadPilot    2: 32 op, 1474400.00 ns, 46.0750 us/op
WorkloadPilot    3: 64 op, 3130300.00 ns, 48.9109 us/op
WorkloadPilot    4: 128 op, 6384800.00 ns, 49.8813 us/op
WorkloadPilot    5: 256 op, 12280400.00 ns, 47.9703 us/op
WorkloadPilot    6: 512 op, 25067400.00 ns, 48.9598 us/op
WorkloadPilot    7: 1024 op, 48207500.00 ns, 47.0776 us/op
WorkloadPilot    8: 2048 op, 96289400.00 ns, 47.0163 us/op
WorkloadPilot    9: 4096 op, 74502500.00 ns, 18.1891 us/op
WorkloadPilot   10: 8192 op, 144633500.00 ns, 17.6555 us/op
WorkloadPilot   11: 16384 op, 290260600.00 ns, 17.7161 us/op
WorkloadPilot   12: 32768 op, 579915400.00 ns, 17.6976 us/op

OverheadWarmup   1: 32768 op, 45800.00 ns, 1.3977 ns/op
OverheadWarmup   2: 32768 op, 44700.00 ns, 1.3641 ns/op
OverheadWarmup   3: 32768 op, 44600.00 ns, 1.3611 ns/op
OverheadWarmup   4: 32768 op, 44400.00 ns, 1.3550 ns/op
OverheadWarmup   5: 32768 op, 44600.00 ns, 1.3611 ns/op
OverheadWarmup   6: 32768 op, 44500.00 ns, 1.3580 ns/op
OverheadWarmup   7: 32768 op, 44300.00 ns, 1.3519 ns/op
OverheadWarmup   8: 32768 op, 44000.00 ns, 1.3428 ns/op
OverheadWarmup   9: 32768 op, 44100.00 ns, 1.3458 ns/op
OverheadWarmup  10: 32768 op, 43900.00 ns, 1.3397 ns/op

OverheadActual   1: 32768 op, 44300.00 ns, 1.3519 ns/op
OverheadActual   2: 32768 op, 44400.00 ns, 1.3550 ns/op
OverheadActual   3: 32768 op, 44700.00 ns, 1.3641 ns/op
OverheadActual   4: 32768 op, 44500.00 ns, 1.3580 ns/op
OverheadActual   5: 32768 op, 44600.00 ns, 1.3611 ns/op
OverheadActual   6: 32768 op, 44100.00 ns, 1.3458 ns/op
OverheadActual   7: 32768 op, 44100.00 ns, 1.3458 ns/op
OverheadActual   8: 32768 op, 44000.00 ns, 1.3428 ns/op
OverheadActual   9: 32768 op, 44100.00 ns, 1.3458 ns/op
OverheadActual  10: 32768 op, 44600.00 ns, 1.3611 ns/op
OverheadActual  11: 32768 op, 44400.00 ns, 1.3550 ns/op
OverheadActual  12: 32768 op, 44100.00 ns, 1.3458 ns/op
OverheadActual  13: 32768 op, 44900.00 ns, 1.3702 ns/op
OverheadActual  14: 32768 op, 44600.00 ns, 1.3611 ns/op
OverheadActual  15: 32768 op, 44600.00 ns, 1.3611 ns/op

WorkloadWarmup   1: 32768 op, 587269100.00 ns, 17.9220 us/op
WorkloadWarmup   2: 32768 op, 590940000.00 ns, 18.0341 us/op
WorkloadWarmup   3: 32768 op, 580913200.00 ns, 17.7281 us/op
WorkloadWarmup   4: 32768 op, 585915900.00 ns, 17.8807 us/op
WorkloadWarmup   5: 32768 op, 582159500.00 ns, 17.7661 us/op
WorkloadWarmup   6: 32768 op, 585223100.00 ns, 17.8596 us/op
WorkloadWarmup   7: 32768 op, 579285000.00 ns, 17.6784 us/op
WorkloadWarmup   8: 32768 op, 582002400.00 ns, 17.7613 us/op
WorkloadWarmup   9: 32768 op, 580517500.00 ns, 17.7160 us/op
WorkloadWarmup  10: 32768 op, 578142700.00 ns, 17.6435 us/op

// BeforeActualRun
WorkloadActual   1: 32768 op, 580190300.00 ns, 17.7060 us/op
WorkloadActual   2: 32768 op, 584474900.00 ns, 17.8368 us/op
WorkloadActual   3: 32768 op, 580546200.00 ns, 17.7169 us/op
WorkloadActual   4: 32768 op, 580320900.00 ns, 17.7100 us/op
WorkloadActual   5: 32768 op, 579663000.00 ns, 17.6899 us/op
WorkloadActual   6: 32768 op, 578505700.00 ns, 17.6546 us/op
WorkloadActual   7: 32768 op, 581200600.00 ns, 17.7368 us/op
WorkloadActual   8: 32768 op, 581978900.00 ns, 17.7606 us/op
WorkloadActual   9: 32768 op, 582427000.00 ns, 17.7743 us/op
WorkloadActual  10: 32768 op, 580170300.00 ns, 17.7054 us/op
WorkloadActual  11: 32768 op, 582294100.00 ns, 17.7702 us/op
WorkloadActual  12: 32768 op, 584102400.00 ns, 17.8254 us/op
WorkloadActual  13: 32768 op, 590261300.00 ns, 18.0133 us/op
WorkloadActual  14: 32768 op, 586690100.00 ns, 17.9044 us/op
WorkloadActual  15: 32768 op, 582013700.00 ns, 17.7616 us/op

// AfterActualRun
WorkloadResult   1: 32768 op, 580145900.00 ns, 17.7046 us/op
WorkloadResult   2: 32768 op, 584430500.00 ns, 17.8354 us/op
WorkloadResult   3: 32768 op, 580501800.00 ns, 17.7155 us/op
WorkloadResult   4: 32768 op, 580276500.00 ns, 17.7086 us/op
WorkloadResult   5: 32768 op, 579618600.00 ns, 17.6886 us/op
WorkloadResult   6: 32768 op, 578461300.00 ns, 17.6532 us/op
WorkloadResult   7: 32768 op, 581156200.00 ns, 17.7355 us/op
WorkloadResult   8: 32768 op, 581934500.00 ns, 17.7592 us/op
WorkloadResult   9: 32768 op, 582382600.00 ns, 17.7729 us/op
WorkloadResult  10: 32768 op, 580125900.00 ns, 17.7040 us/op
WorkloadResult  11: 32768 op, 582249700.00 ns, 17.7689 us/op
WorkloadResult  12: 32768 op, 584058000.00 ns, 17.8240 us/op
WorkloadResult  13: 32768 op, 586645700.00 ns, 17.9030 us/op
WorkloadResult  14: 32768 op, 581969300.00 ns, 17.7603 us/op
// GC:  22 1 0 1135089744 32768
// Threading:  0 0 32768

info: Microsoft.Hosting.Lifetime[0]
      Application is shutting down...
// AfterAll
// Benchmark Process 47136 has exited with code 0.

Mean = 17.752 μs, StdErr = 0.018 μs (0.10%), N = 14, StdDev = 0.067 μs
Min = 17.653 μs, Q1 = 17.706 μs, Median = 17.747 μs, Q3 = 17.772 μs, Max = 17.903 μs
IQR = 0.066 μs, LowerFence = 17.606 μs, UpperFence = 17.871 μs
ConfidenceInterval = [17.677 μs; 17.828 μs] (CI 99.9%), Margin = 0.075 μs (0.42% of Mean)
Skewness = 0.67, Kurtosis = 2.61, MValue = 2

// ** Remained 11 (36.7 %) benchmark(s) to run. Estimated finish 2026-08-06 18:43 (0h 10m from now) **
Setup power plan (GUID: 8c5e7fda-e8bf-4a96-9a85-a6e23a8c635c FriendlyName: Alto rendimiento)
// **************************
// Benchmark: D_BatchStoreBenchmarks.EricksonLopezOutbox_StoreAsync_Batch: Job-FWMHQE(Toolchain=InProcessEmitToolchain) [BatchSize=100]
// *** Execute ***
// Launch: 1 / 1

// Benchmark Process Environment Information:
// BenchmarkDotNet v0.13.12
// Runtime=.NET 10.0.10 (10.0.1026.32716), X64 RyuJIT AVX-512F+CD+BW+DQ+VL+VBMI
// GC=Concurrent Workstation
// HardwareIntrinsics=AVX-512F+CD+BW+DQ+VL+VBMI,AES,BMI1,BMI2,FMA,LZCNT,PCLMUL,POPCNT,AvxVnni VectorSize=256
// Job: Job-FWMHQE(Toolchain=InProcessEmitToolchain)

OverheadJitting  1: 1 op, 160000.00 ns, 160.0000 us/op
WorkloadJitting  1: 1 op, 778600.00 ns, 778.6000 us/op

OverheadJitting  2: 16 op, 181400.00 ns, 11.3375 us/op
WorkloadJitting  2: 16 op, 511800.00 ns, 31.9875 us/op

WorkloadPilot    1: 16 op, 342500.00 ns, 21.4062 us/op
WorkloadPilot    2: 32 op, 686600.00 ns, 21.4563 us/op
WorkloadPilot    3: 64 op, 1343700.00 ns, 20.9953 us/op
WorkloadPilot    4: 128 op, 2793000.00 ns, 21.8203 us/op
WorkloadPilot    5: 256 op, 5439600.00 ns, 21.2484 us/op
WorkloadPilot    6: 512 op, 12982400.00 ns, 25.3562 us/op
WorkloadPilot    7: 1024 op, 21770500.00 ns, 21.2603 us/op
WorkloadPilot    8: 2048 op, 43562300.00 ns, 21.2707 us/op
WorkloadPilot    9: 4096 op, 87484800.00 ns, 21.3586 us/op
WorkloadPilot   10: 8192 op, 180401600.00 ns, 22.0217 us/op
WorkloadPilot   11: 16384 op, 350572600.00 ns, 21.3973 us/op
WorkloadPilot   12: 32768 op, 706348200.00 ns, 21.5560 us/op

OverheadWarmup   1: 32768 op, 53200.00 ns, 1.6235 ns/op
OverheadWarmup   2: 32768 op, 50600.00 ns, 1.5442 ns/op
OverheadWarmup   3: 32768 op, 50300.00 ns, 1.5350 ns/op
OverheadWarmup   4: 32768 op, 50600.00 ns, 1.5442 ns/op
OverheadWarmup   5: 32768 op, 50300.00 ns, 1.5350 ns/op
OverheadWarmup   6: 32768 op, 50700.00 ns, 1.5472 ns/op
OverheadWarmup   7: 32768 op, 50500.00 ns, 1.5411 ns/op

OverheadActual   1: 32768 op, 50400.00 ns, 1.5381 ns/op
OverheadActual   2: 32768 op, 50600.00 ns, 1.5442 ns/op
OverheadActual   3: 32768 op, 50300.00 ns, 1.5350 ns/op
OverheadActual   4: 32768 op, 50400.00 ns, 1.5381 ns/op
OverheadActual   5: 32768 op, 50500.00 ns, 1.5411 ns/op
OverheadActual   6: 32768 op, 50500.00 ns, 1.5411 ns/op
OverheadActual   7: 32768 op, 50500.00 ns, 1.5411 ns/op
OverheadActual   8: 32768 op, 50600.00 ns, 1.5442 ns/op
OverheadActual   9: 32768 op, 50300.00 ns, 1.5350 ns/op
OverheadActual  10: 32768 op, 50500.00 ns, 1.5411 ns/op
OverheadActual  11: 32768 op, 50200.00 ns, 1.5320 ns/op
OverheadActual  12: 32768 op, 50200.00 ns, 1.5320 ns/op
OverheadActual  13: 32768 op, 50300.00 ns, 1.5350 ns/op
OverheadActual  14: 32768 op, 50600.00 ns, 1.5442 ns/op
OverheadActual  15: 32768 op, 50500.00 ns, 1.5411 ns/op

WorkloadWarmup   1: 32768 op, 697673400.00 ns, 21.2913 us/op
WorkloadWarmup   2: 32768 op, 692584400.00 ns, 21.1360 us/op
WorkloadWarmup   3: 32768 op, 694367900.00 ns, 21.1904 us/op
WorkloadWarmup   4: 32768 op, 701121500.00 ns, 21.3965 us/op
WorkloadWarmup   5: 32768 op, 705930200.00 ns, 21.5433 us/op
WorkloadWarmup   6: 32768 op, 703809600.00 ns, 21.4786 us/op
WorkloadWarmup   7: 32768 op, 691871400.00 ns, 21.1142 us/op
WorkloadWarmup   8: 32768 op, 694403600.00 ns, 21.1915 us/op
WorkloadWarmup   9: 32768 op, 697839600.00 ns, 21.2964 us/op
WorkloadWarmup  10: 32768 op, 704099300.00 ns, 21.4874 us/op
WorkloadWarmup  11: 32768 op, 698183300.00 ns, 21.3069 us/op

WorkloadActual   1: 32768 op, 707809300.00 ns, 21.6006 us/op
WorkloadActual   2: 32768 op, 701675000.00 ns, 21.4134 us/op
WorkloadActual   3: 32768 op, 701533600.00 ns, 21.4091 us/op
WorkloadActual   4: 32768 op, 690083600.00 ns, 21.0597 us/op
WorkloadActual   5: 32768 op, 696314200.00 ns, 21.2498 us/op
WorkloadActual   6: 32768 op, 700815100.00 ns, 21.3872 us/op
WorkloadActual   7: 32768 op, 702089000.00 ns, 21.4261 us/op
WorkloadActual   8: 32768 op, 703624300.00 ns, 21.4729 us/op
WorkloadActual   9: 32768 op, 692653300.00 ns, 21.1381 us/op
WorkloadActual  10: 32768 op, 699499500.00 ns, 21.3470 us/op
WorkloadActual  11: 32768 op, 700585300.00 ns, 21.3802 us/op
WorkloadActual  12: 32768 op, 705915100.00 ns, 21.5428 us/op
WorkloadActual  13: 32768 op, 698353700.00 ns, 21.3121 us/op
WorkloadActual  14: 32768 op, 704873300.00 ns, 21.5110 us/op
WorkloadActual  15: 32768 op, 691229700.00 ns, 21.0947 us/op

WorkloadResult   1: 32768 op, 707758800.00 ns, 21.5991 us/op
WorkloadResult   2: 32768 op, 701624500.00 ns, 21.4119 us/op
WorkloadResult   3: 32768 op, 701483100.00 ns, 21.4076 us/op
WorkloadResult   4: 32768 op, 690033100.00 ns, 21.0581 us/op
WorkloadResult   5: 32768 op, 696263700.00 ns, 21.2483 us/op
WorkloadResult   6: 32768 op, 700764600.00 ns, 21.3856 us/op
WorkloadResult   7: 32768 op, 702038500.00 ns, 21.4245 us/op
WorkloadResult   8: 32768 op, 703573800.00 ns, 21.4714 us/op
WorkloadResult   9: 32768 op, 692602800.00 ns, 21.1366 us/op
WorkloadResult  10: 32768 op, 699449000.00 ns, 21.3455 us/op
WorkloadResult  11: 32768 op, 700534800.00 ns, 21.3786 us/op
WorkloadResult  12: 32768 op, 705864600.00 ns, 21.5413 us/op
WorkloadResult  13: 32768 op, 698303200.00 ns, 21.3105 us/op
WorkloadResult  14: 32768 op, 704822800.00 ns, 21.5095 us/op
WorkloadResult  15: 32768 op, 691179200.00 ns, 21.0931 us/op
// GC:  22 1 0 1135096080 32768
// Threading:  0 0 32768


Mean = 21.355 μs, StdErr = 0.042 μs (0.19%), N = 15, StdDev = 0.161 μs
Min = 21.058 μs, Q1 = 21.279 μs, Median = 21.386 μs, Q3 = 21.448 μs, Max = 21.599 μs
IQR = 0.169 μs, LowerFence = 21.027 μs, UpperFence = 21.701 μs
ConfidenceInterval = [21.183 μs; 21.527 μs] (CI 99.9%), Margin = 0.172 μs (0.80% of Mean)
Skewness = -0.46, Kurtosis = 2.04, MValue = 2

// ** Remained 10 (33.3 %) benchmark(s) to run. Estimated finish 2026-08-06 18:42 (0h 9m from now) **
Setup power plan (GUID: 8c5e7fda-e8bf-4a96-9a85-a6e23a8c635c FriendlyName: Alto rendimiento)
// **************************
// Benchmark: D_BatchStoreBenchmarks.EricksonLopezOutbox_StoreAsync_Batch: Job-XTCYIO(IterationCount=15, WarmupCount=10) [BatchSize=1000]
// *** Execute ***
// Launch: 1 / 1
// Execute: dotnet 7284c0d0-c932-4332-801f-2c62674b8ef9.dll --anonymousPipes 4884 4888 --benchmarkName "EricksonLopez.Outbox.Benchmarks.D_BatchStoreBenchmarks.EricksonLopezOutbox_StoreAsync_Batch(BatchSize: 1000)" --job "IterationCount=15, WarmupCount=10" --benchmarkId 10 in D:\DevData\ericksonlopez.dev\dotnet-outbox\benchmarks\EricksonLopez.Outbox.Benchmarks\bin\Release\net10.0\7284c0d0-c932-4332-801f-2c62674b8ef9\bin\Release\net10.0
// BeforeAnythingElse

// Benchmark Process Environment Information:
// BenchmarkDotNet v0.13.12
// Runtime=.NET 10.0.10 (10.0.1026.32716), X64 RyuJIT AVX-512F+CD+BW+DQ+VL+VBMI
// GC=Concurrent Workstation
// HardwareIntrinsics=AVX-512F+CD+BW+DQ+VL+VBMI,AES,BMI1,BMI2,FMA,LZCNT,PCLMUL,POPCNT,AvxVnni VectorSize=256
// Job: Job-CENHQL(IterationCount=15, WarmupCount=10)

info: EricksonLopez.Outbox.Hosting.OutboxStartupValidator[10102]
      This application acts only as a publisher. Pending messages won't be dispatched.
info: Microsoft.Hosting.Lifetime[0]
      Application started. Press Ctrl+C to shut down.
info: Microsoft.Hosting.Lifetime[0]
      Hosting environment: Production
info: Microsoft.Hosting.Lifetime[0]
      Content root path: D:\DevData\ericksonlopez.dev\dotnet-outbox\benchmarks\EricksonLopez.Outbox.Benchmarks\bin\Release\net10.0\7284c0d0-c932-4332-801f-2c62674b8ef9\bin\Release\net10.0
OverheadJitting  1: 1 op, 182400.00 ns, 182.4000 us/op
WorkloadJitting  1: 1 op, 23971300.00 ns, 23.9713 ms/op

OverheadJitting  2: 16 op, 148700.00 ns, 9.2937 us/op
WorkloadJitting  2: 16 op, 11434200.00 ns, 714.6375 us/op

WorkloadPilot    1: 16 op, 7819400.00 ns, 488.7125 us/op
WorkloadPilot    2: 32 op, 15626300.00 ns, 488.3219 us/op
WorkloadPilot    3: 64 op, 30101800.00 ns, 470.3406 us/op
WorkloadPilot    4: 128 op, 59567800.00 ns, 465.3734 us/op
WorkloadPilot    5: 256 op, 96295200.00 ns, 376.1531 us/op
WorkloadPilot    6: 512 op, 90266700.00 ns, 176.3021 us/op
WorkloadPilot    7: 1024 op, 185190200.00 ns, 180.8498 us/op
WorkloadPilot    8: 2048 op, 368033700.00 ns, 179.7040 us/op
WorkloadPilot    9: 4096 op, 737318000.00 ns, 180.0093 us/op

OverheadWarmup   1: 4096 op, 7300.00 ns, 1.7822 ns/op
OverheadWarmup   2: 4096 op, 6100.00 ns, 1.4893 ns/op
OverheadWarmup   3: 4096 op, 6000.00 ns, 1.4648 ns/op
OverheadWarmup   4: 4096 op, 5900.00 ns, 1.4404 ns/op
OverheadWarmup   5: 4096 op, 5800.00 ns, 1.4160 ns/op
OverheadWarmup   6: 4096 op, 5600.00 ns, 1.3672 ns/op
OverheadWarmup   7: 4096 op, 5900.00 ns, 1.4404 ns/op
OverheadWarmup   8: 4096 op, 6000.00 ns, 1.4648 ns/op
OverheadWarmup   9: 4096 op, 5900.00 ns, 1.4404 ns/op
OverheadWarmup  10: 4096 op, 5700.00 ns, 1.3916 ns/op

OverheadActual   1: 4096 op, 5900.00 ns, 1.4404 ns/op
OverheadActual   2: 4096 op, 5900.00 ns, 1.4404 ns/op
OverheadActual   3: 4096 op, 5900.00 ns, 1.4404 ns/op
OverheadActual   4: 4096 op, 5900.00 ns, 1.4404 ns/op
OverheadActual   5: 4096 op, 5900.00 ns, 1.4404 ns/op
OverheadActual   6: 4096 op, 5600.00 ns, 1.3672 ns/op
OverheadActual   7: 4096 op, 7800.00 ns, 1.9043 ns/op
OverheadActual   8: 4096 op, 6000.00 ns, 1.4648 ns/op
OverheadActual   9: 4096 op, 5900.00 ns, 1.4404 ns/op
OverheadActual  10: 4096 op, 6000.00 ns, 1.4648 ns/op
OverheadActual  11: 4096 op, 5600.00 ns, 1.3672 ns/op
OverheadActual  12: 4096 op, 5900.00 ns, 1.4404 ns/op
OverheadActual  13: 4096 op, 5700.00 ns, 1.3916 ns/op
OverheadActual  14: 4096 op, 5700.00 ns, 1.3916 ns/op
OverheadActual  15: 4096 op, 6500.00 ns, 1.5869 ns/op

WorkloadWarmup   1: 4096 op, 754370200.00 ns, 184.1724 us/op
WorkloadWarmup   2: 4096 op, 746800000.00 ns, 182.3242 us/op
WorkloadWarmup   3: 4096 op, 744639200.00 ns, 181.7967 us/op
WorkloadWarmup   4: 4096 op, 738397500.00 ns, 180.2728 us/op
WorkloadWarmup   5: 4096 op, 745126400.00 ns, 181.9156 us/op
WorkloadWarmup   6: 4096 op, 744926000.00 ns, 181.8667 us/op
WorkloadWarmup   7: 4096 op, 746548700.00 ns, 182.2629 us/op
WorkloadWarmup   8: 4096 op, 738550400.00 ns, 180.3102 us/op
WorkloadWarmup   9: 4096 op, 747639100.00 ns, 182.5291 us/op
WorkloadWarmup  10: 4096 op, 737364700.00 ns, 180.0207 us/op

// BeforeActualRun
WorkloadActual   1: 4096 op, 752244500.00 ns, 183.6534 us/op
WorkloadActual   2: 4096 op, 753758900.00 ns, 184.0232 us/op
WorkloadActual   3: 4096 op, 748863600.00 ns, 182.8280 us/op
WorkloadActual   4: 4096 op, 750534500.00 ns, 183.2360 us/op
WorkloadActual   5: 4096 op, 753484800.00 ns, 183.9563 us/op
WorkloadActual   6: 4096 op, 752234700.00 ns, 183.6510 us/op
WorkloadActual   7: 4096 op, 747776000.00 ns, 182.5625 us/op
WorkloadActual   8: 4096 op, 749316800.00 ns, 182.9387 us/op
WorkloadActual   9: 4096 op, 754235500.00 ns, 184.1395 us/op
WorkloadActual  10: 4096 op, 752656600.00 ns, 183.7541 us/op
WorkloadActual  11: 4096 op, 759190200.00 ns, 185.3492 us/op
WorkloadActual  12: 4096 op, 750803200.00 ns, 183.3016 us/op
WorkloadActual  13: 4096 op, 760805800.00 ns, 185.7436 us/op
WorkloadActual  14: 4096 op, 755363300.00 ns, 184.4149 us/op
WorkloadActual  15: 4096 op, 757248300.00 ns, 184.8751 us/op

// AfterActualRun
WorkloadResult   1: 4096 op, 752238600.00 ns, 183.6520 us/op
WorkloadResult   2: 4096 op, 753753000.00 ns, 184.0217 us/op
WorkloadResult   3: 4096 op, 748857700.00 ns, 182.8266 us/op
WorkloadResult   4: 4096 op, 750528600.00 ns, 183.2345 us/op
WorkloadResult   5: 4096 op, 753478900.00 ns, 183.9548 us/op
WorkloadResult   6: 4096 op, 752228800.00 ns, 183.6496 us/op
WorkloadResult   7: 4096 op, 747770100.00 ns, 182.5611 us/op
WorkloadResult   8: 4096 op, 749310900.00 ns, 182.9372 us/op
WorkloadResult   9: 4096 op, 754229600.00 ns, 184.1381 us/op
WorkloadResult  10: 4096 op, 752650700.00 ns, 183.7526 us/op
WorkloadResult  11: 4096 op, 759184300.00 ns, 185.3477 us/op
WorkloadResult  12: 4096 op, 750797300.00 ns, 183.3001 us/op
WorkloadResult  13: 4096 op, 760799900.00 ns, 185.7422 us/op
WorkloadResult  14: 4096 op, 755357400.00 ns, 184.4134 us/op
WorkloadResult  15: 4096 op, 757242400.00 ns, 184.8736 us/op
// GC:  28 12 0 1437801200 4096
// Threading:  0 0 4096

info: Microsoft.Hosting.Lifetime[0]
      Application is shutting down...
// AfterAll
// Benchmark Process 54768 has exited with code 0.

Mean = 183.894 μs, StdErr = 0.235 μs (0.13%), N = 15, StdDev = 0.910 μs
Min = 182.561 μs, Q1 = 183.267 μs, Median = 183.753 μs, Q3 = 184.276 μs, Max = 185.742 μs
IQR = 1.008 μs, LowerFence = 181.755 μs, UpperFence = 185.788 μs
ConfidenceInterval = [182.921 μs; 184.867 μs] (CI 99.9%), Margin = 0.973 μs (0.53% of Mean)
Skewness = 0.49, Kurtosis = 2.21, MValue = 2

// ** Remained 9 (30.0 %) benchmark(s) to run. Estimated finish 2026-08-06 18:42 (0h 8m from now) **
Setup power plan (GUID: 8c5e7fda-e8bf-4a96-9a85-a6e23a8c635c FriendlyName: Alto rendimiento)
// **************************
// Benchmark: D_BatchStoreBenchmarks.EricksonLopezOutbox_StoreAsync_Batch: Job-FWMHQE(Toolchain=InProcessEmitToolchain) [BatchSize=1000]
// *** Execute ***
// Launch: 1 / 1

// Benchmark Process Environment Information:
// BenchmarkDotNet v0.13.12
// Runtime=.NET 10.0.10 (10.0.1026.32716), X64 RyuJIT AVX-512F+CD+BW+DQ+VL+VBMI
// GC=Concurrent Workstation
// HardwareIntrinsics=AVX-512F+CD+BW+DQ+VL+VBMI,AES,BMI1,BMI2,FMA,LZCNT,PCLMUL,POPCNT,AvxVnni VectorSize=256
// Job: Job-FWMHQE(Toolchain=InProcessEmitToolchain)

OverheadJitting  1: 1 op, 151900.00 ns, 151.9000 us/op
WorkloadJitting  1: 1 op, 886600.00 ns, 886.6000 us/op

OverheadJitting  2: 16 op, 164100.00 ns, 10.2562 us/op
WorkloadJitting  2: 16 op, 3558500.00 ns, 222.4062 us/op

WorkloadPilot    1: 16 op, 3380500.00 ns, 211.2812 us/op
WorkloadPilot    2: 32 op, 6902400.00 ns, 215.7000 us/op
WorkloadPilot    3: 64 op, 14830200.00 ns, 231.7219 us/op
WorkloadPilot    4: 128 op, 28686600.00 ns, 224.1141 us/op
WorkloadPilot    5: 256 op, 56603100.00 ns, 221.1059 us/op
WorkloadPilot    6: 512 op, 109242000.00 ns, 213.3633 us/op
WorkloadPilot    7: 1024 op, 225275600.00 ns, 219.9957 us/op
WorkloadPilot    8: 2048 op, 442482700.00 ns, 216.0560 us/op
WorkloadPilot    9: 4096 op, 894330000.00 ns, 218.3423 us/op

OverheadWarmup   1: 4096 op, 8200.00 ns, 2.0020 ns/op
OverheadWarmup   2: 4096 op, 6800.00 ns, 1.6602 ns/op
OverheadWarmup   3: 4096 op, 6700.00 ns, 1.6357 ns/op
OverheadWarmup   4: 4096 op, 6500.00 ns, 1.5869 ns/op
OverheadWarmup   5: 4096 op, 6500.00 ns, 1.5869 ns/op
OverheadWarmup   6: 4096 op, 6400.00 ns, 1.5625 ns/op
OverheadWarmup   7: 4096 op, 6500.00 ns, 1.5869 ns/op
OverheadWarmup   8: 4096 op, 6900.00 ns, 1.6846 ns/op
OverheadWarmup   9: 4096 op, 6600.00 ns, 1.6113 ns/op

OverheadActual   1: 4096 op, 6600.00 ns, 1.6113 ns/op
OverheadActual   2: 4096 op, 6400.00 ns, 1.5625 ns/op
OverheadActual   3: 4096 op, 6600.00 ns, 1.6113 ns/op
OverheadActual   4: 4096 op, 6300.00 ns, 1.5381 ns/op
OverheadActual   5: 4096 op, 6300.00 ns, 1.5381 ns/op
OverheadActual   6: 4096 op, 6300.00 ns, 1.5381 ns/op
OverheadActual   7: 4096 op, 6300.00 ns, 1.5381 ns/op
OverheadActual   8: 4096 op, 6600.00 ns, 1.6113 ns/op
OverheadActual   9: 4096 op, 6400.00 ns, 1.5625 ns/op
OverheadActual  10: 4096 op, 6400.00 ns, 1.5625 ns/op
OverheadActual  11: 4096 op, 6400.00 ns, 1.5625 ns/op
OverheadActual  12: 4096 op, 6400.00 ns, 1.5625 ns/op
OverheadActual  13: 4096 op, 6600.00 ns, 1.6113 ns/op
OverheadActual  14: 4096 op, 6400.00 ns, 1.5625 ns/op
OverheadActual  15: 4096 op, 6600.00 ns, 1.6113 ns/op

WorkloadWarmup   1: 4096 op, 887734300.00 ns, 216.7320 us/op
WorkloadWarmup   2: 4096 op, 883232200.00 ns, 215.6329 us/op
WorkloadWarmup   3: 4096 op, 886036900.00 ns, 216.3176 us/op
WorkloadWarmup   4: 4096 op, 882732600.00 ns, 215.5109 us/op
WorkloadWarmup   5: 4096 op, 886378800.00 ns, 216.4011 us/op
WorkloadWarmup   6: 4096 op, 903129300.00 ns, 220.4906 us/op
WorkloadWarmup   7: 4096 op, 888823000.00 ns, 216.9978 us/op

WorkloadActual   1: 4096 op, 888094400.00 ns, 216.8199 us/op
WorkloadActual   2: 4096 op, 885351300.00 ns, 216.1502 us/op
WorkloadActual   3: 4096 op, 882905300.00 ns, 215.5531 us/op
WorkloadActual   4: 4096 op, 877360700.00 ns, 214.1994 us/op
WorkloadActual   5: 4096 op, 888683100.00 ns, 216.9636 us/op
WorkloadActual   6: 4096 op, 875004600.00 ns, 213.6242 us/op
WorkloadActual   7: 4096 op, 875103300.00 ns, 213.6483 us/op
WorkloadActual   8: 4096 op, 874893300.00 ns, 213.5970 us/op
WorkloadActual   9: 4096 op, 877920300.00 ns, 214.3360 us/op
WorkloadActual  10: 4096 op, 881197900.00 ns, 215.1362 us/op
WorkloadActual  11: 4096 op, 886454500.00 ns, 216.4196 us/op
WorkloadActual  12: 4096 op, 893045300.00 ns, 218.0286 us/op
WorkloadActual  13: 4096 op, 874980000.00 ns, 213.6182 us/op
WorkloadActual  14: 4096 op, 885373900.00 ns, 216.1557 us/op
WorkloadActual  15: 4096 op, 884188200.00 ns, 215.8663 us/op

WorkloadResult   1: 4096 op, 888088000.00 ns, 216.8184 us/op
WorkloadResult   2: 4096 op, 885344900.00 ns, 216.1487 us/op
WorkloadResult   3: 4096 op, 882898900.00 ns, 215.5515 us/op
WorkloadResult   4: 4096 op, 877354300.00 ns, 214.1978 us/op
WorkloadResult   5: 4096 op, 888676700.00 ns, 216.9621 us/op
WorkloadResult   6: 4096 op, 874998200.00 ns, 213.6226 us/op
WorkloadResult   7: 4096 op, 875096900.00 ns, 213.6467 us/op
WorkloadResult   8: 4096 op, 874886900.00 ns, 213.5954 us/op
WorkloadResult   9: 4096 op, 877913900.00 ns, 214.3344 us/op
WorkloadResult  10: 4096 op, 881191500.00 ns, 215.1346 us/op
WorkloadResult  11: 4096 op, 886448100.00 ns, 216.4180 us/op
WorkloadResult  12: 4096 op, 893038900.00 ns, 218.0271 us/op
WorkloadResult  13: 4096 op, 874973600.00 ns, 213.6166 us/op
WorkloadResult  14: 4096 op, 885367500.00 ns, 216.1542 us/op
WorkloadResult  15: 4096 op, 884181800.00 ns, 215.8647 us/op
// GC:  28 24 0 1437513296 4096
// Threading:  0 0 4096


Mean = 215.340 μs, StdErr = 0.372 μs (0.17%), N = 15, StdDev = 1.440 μs
Min = 213.595 μs, Q1 = 213.922 μs, Median = 215.551 μs, Q3 = 216.286 μs, Max = 218.027 μs
IQR = 2.364 μs, LowerFence = 210.377 μs, UpperFence = 219.832 μs
ConfidenceInterval = [213.800 μs; 216.879 μs] (CI 99.9%), Margin = 1.539 μs (0.71% of Mean)
Skewness = 0.15, Kurtosis = 1.61, MValue = 2

// ** Remained 8 (26.7 %) benchmark(s) to run. Estimated finish 2026-08-06 18:41 (0h 7m from now) **
Setup power plan (GUID: 8c5e7fda-e8bf-4a96-9a85-a6e23a8c635c FriendlyName: Alto rendimiento)
// **************************
// Benchmark: D_BatchStoreBenchmarks.EricksonLopezOutbox_StoreAsync_Batch: Job-XTCYIO(IterationCount=15, WarmupCount=10) [BatchSize=10000]
// *** Execute ***
// Launch: 1 / 1
// Execute: dotnet 7284c0d0-c932-4332-801f-2c62674b8ef9.dll --anonymousPipes 1888 3716 --benchmarkName "EricksonLopez.Outbox.Benchmarks.D_BatchStoreBenchmarks.EricksonLopezOutbox_StoreAsync_Batch(BatchSize: 10000)" --job "IterationCount=15, WarmupCount=10" --benchmarkId 11 in D:\DevData\ericksonlopez.dev\dotnet-outbox\benchmarks\EricksonLopez.Outbox.Benchmarks\bin\Release\net10.0\7284c0d0-c932-4332-801f-2c62674b8ef9\bin\Release\net10.0
// BeforeAnythingElse

// Benchmark Process Environment Information:
// BenchmarkDotNet v0.13.12
// Runtime=.NET 10.0.10 (10.0.1026.32716), X64 RyuJIT AVX-512F+CD+BW+DQ+VL+VBMI
// GC=Concurrent Workstation
// HardwareIntrinsics=AVX-512F+CD+BW+DQ+VL+VBMI,AES,BMI1,BMI2,FMA,LZCNT,PCLMUL,POPCNT,AvxVnni VectorSize=256
// Job: Job-QEDTUW(IterationCount=15, WarmupCount=10)

info: EricksonLopez.Outbox.Hosting.OutboxStartupValidator[10102]
      This application acts only as a publisher. Pending messages won't be dispatched.
info: Microsoft.Hosting.Lifetime[0]
      Application started. Press Ctrl+C to shut down.
info: Microsoft.Hosting.Lifetime[0]
      Hosting environment: Production
info: Microsoft.Hosting.Lifetime[0]
      Content root path: D:\DevData\ericksonlopez.dev\dotnet-outbox\benchmarks\EricksonLopez.Outbox.Benchmarks\bin\Release\net10.0\7284c0d0-c932-4332-801f-2c62674b8ef9\bin\Release\net10.0
OverheadJitting  1: 1 op, 157000.00 ns, 157.0000 us/op
WorkloadJitting  1: 1 op, 28619300.00 ns, 28.6193 ms/op

OverheadJitting  2: 16 op, 146100.00 ns, 9.1312 us/op
WorkloadJitting  2: 16 op, 80049000.00 ns, 5.0031 ms/op

WorkloadPilot    1: 16 op, 70678100.00 ns, 4.4174 ms/op
WorkloadPilot    2: 32 op, 139267800.00 ns, 4.3521 ms/op
WorkloadPilot    3: 64 op, 193783900.00 ns, 3.0279 ms/op
WorkloadPilot    4: 128 op, 225727100.00 ns, 1.7635 ms/op
WorkloadPilot    5: 256 op, 453795100.00 ns, 1.7726 ms/op
WorkloadPilot    6: 512 op, 915619800.00 ns, 1.7883 ms/op

OverheadWarmup   1: 512 op, 2800.00 ns, 5.4688 ns/op
OverheadWarmup   2: 512 op, 900.00 ns, 1.7578 ns/op
OverheadWarmup   3: 512 op, 1100.00 ns, 2.1484 ns/op
OverheadWarmup   4: 512 op, 800.00 ns, 1.5625 ns/op
OverheadWarmup   5: 512 op, 700.00 ns, 1.3672 ns/op
OverheadWarmup   6: 512 op, 1200.00 ns, 2.3438 ns/op
OverheadWarmup   7: 512 op, 1200.00 ns, 2.3438 ns/op

OverheadActual   1: 512 op, 900.00 ns, 1.7578 ns/op
OverheadActual   2: 512 op, 1200.00 ns, 2.3438 ns/op
OverheadActual   3: 512 op, 1100.00 ns, 2.1484 ns/op
OverheadActual   4: 512 op, 1300.00 ns, 2.5391 ns/op
OverheadActual   5: 512 op, 1100.00 ns, 2.1484 ns/op
OverheadActual   6: 512 op, 1200.00 ns, 2.3438 ns/op
OverheadActual   7: 512 op, 800.00 ns, 1.5625 ns/op
OverheadActual   8: 512 op, 1200.00 ns, 2.3438 ns/op
OverheadActual   9: 512 op, 1200.00 ns, 2.3438 ns/op
OverheadActual  10: 512 op, 1200.00 ns, 2.3438 ns/op
OverheadActual  11: 512 op, 1100.00 ns, 2.1484 ns/op
OverheadActual  12: 512 op, 1100.00 ns, 2.1484 ns/op
OverheadActual  13: 512 op, 1100.00 ns, 2.1484 ns/op
OverheadActual  14: 512 op, 1200.00 ns, 2.3438 ns/op
OverheadActual  15: 512 op, 800.00 ns, 1.5625 ns/op
OverheadActual  16: 512 op, 1100.00 ns, 2.1484 ns/op
OverheadActual  17: 512 op, 1100.00 ns, 2.1484 ns/op
OverheadActual  18: 512 op, 1000.00 ns, 1.9531 ns/op
OverheadActual  19: 512 op, 1900.00 ns, 3.7109 ns/op
OverheadActual  20: 512 op, 1300.00 ns, 2.5391 ns/op

WorkloadWarmup   1: 512 op, 937700600.00 ns, 1.8314 ms/op
WorkloadWarmup   2: 512 op, 935491600.00 ns, 1.8271 ms/op
WorkloadWarmup   3: 512 op, 927218300.00 ns, 1.8110 ms/op
WorkloadWarmup   4: 512 op, 929647200.00 ns, 1.8157 ms/op
WorkloadWarmup   5: 512 op, 931278300.00 ns, 1.8189 ms/op
WorkloadWarmup   6: 512 op, 925155000.00 ns, 1.8069 ms/op
WorkloadWarmup   7: 512 op, 936214900.00 ns, 1.8285 ms/op
WorkloadWarmup   8: 512 op, 923885100.00 ns, 1.8045 ms/op
WorkloadWarmup   9: 512 op, 930291900.00 ns, 1.8170 ms/op
WorkloadWarmup  10: 512 op, 932784500.00 ns, 1.8218 ms/op

// BeforeActualRun
WorkloadActual   1: 512 op, 957693800.00 ns, 1.8705 ms/op
WorkloadActual   2: 512 op, 967203700.00 ns, 1.8891 ms/op
WorkloadActual   3: 512 op, 951068500.00 ns, 1.8576 ms/op
WorkloadActual   4: 512 op, 966342700.00 ns, 1.8874 ms/op
WorkloadActual   5: 512 op, 957702900.00 ns, 1.8705 ms/op
WorkloadActual   6: 512 op, 955544600.00 ns, 1.8663 ms/op
WorkloadActual   7: 512 op, 955384700.00 ns, 1.8660 ms/op
WorkloadActual   8: 512 op, 949428500.00 ns, 1.8544 ms/op
WorkloadActual   9: 512 op, 951411800.00 ns, 1.8582 ms/op
WorkloadActual  10: 512 op, 949132600.00 ns, 1.8538 ms/op
WorkloadActual  11: 512 op, 951788800.00 ns, 1.8590 ms/op
WorkloadActual  12: 512 op, 961384300.00 ns, 1.8777 ms/op
WorkloadActual  13: 512 op, 962197200.00 ns, 1.8793 ms/op
WorkloadActual  14: 512 op, 952397100.00 ns, 1.8602 ms/op
WorkloadActual  15: 512 op, 965486300.00 ns, 1.8857 ms/op

// AfterActualRun
WorkloadResult   1: 512 op, 957692700.00 ns, 1.8705 ms/op
WorkloadResult   2: 512 op, 967202600.00 ns, 1.8891 ms/op
WorkloadResult   3: 512 op, 951067400.00 ns, 1.8576 ms/op
WorkloadResult   4: 512 op, 966341600.00 ns, 1.8874 ms/op
WorkloadResult   5: 512 op, 957701800.00 ns, 1.8705 ms/op
WorkloadResult   6: 512 op, 955543500.00 ns, 1.8663 ms/op
WorkloadResult   7: 512 op, 955383600.00 ns, 1.8660 ms/op
WorkloadResult   8: 512 op, 949427400.00 ns, 1.8544 ms/op
WorkloadResult   9: 512 op, 951410700.00 ns, 1.8582 ms/op
WorkloadResult  10: 512 op, 949131500.00 ns, 1.8538 ms/op
WorkloadResult  11: 512 op, 951787700.00 ns, 1.8590 ms/op
WorkloadResult  12: 512 op, 961383200.00 ns, 1.8777 ms/op
WorkloadResult  13: 512 op, 962196100.00 ns, 1.8793 ms/op
WorkloadResult  14: 512 op, 952396000.00 ns, 1.8601 ms/op
WorkloadResult  15: 512 op, 965485200.00 ns, 1.8857 ms/op
// GC:  35 32 0 1801519376 512
// Threading:  0 0 512

info: Microsoft.Hosting.Lifetime[0]
      Application is shutting down...
// AfterAll
// Benchmark Process 122328 has exited with code 0.

Mean = 1.869 ms, StdErr = 0.003 ms (0.17%), N = 15, StdDev = 0.012 ms
Min = 1.854 ms, Q1 = 1.859 ms, Median = 1.866 ms, Q3 = 1.878 ms, Max = 1.889 ms
IQR = 0.020 ms, LowerFence = 1.829 ms, UpperFence = 1.908 ms
ConfidenceInterval = [1.856 ms; 1.882 ms] (CI 99.9%), Margin = 0.013 ms (0.70% of Mean)
Skewness = 0.34, Kurtosis = 1.54, MValue = 2

// ** Remained 7 (23.3 %) benchmark(s) to run. Estimated finish 2026-08-06 18:40 (0h 6m from now) **
Setup power plan (GUID: 8c5e7fda-e8bf-4a96-9a85-a6e23a8c635c FriendlyName: Alto rendimiento)
// **************************
// Benchmark: D_BatchStoreBenchmarks.EricksonLopezOutbox_StoreAsync_Batch: Job-FWMHQE(Toolchain=InProcessEmitToolchain) [BatchSize=10000]
// *** Execute ***
// Launch: 1 / 1

// Benchmark Process Environment Information:
// BenchmarkDotNet v0.13.12
// Runtime=.NET 10.0.10 (10.0.1026.32716), X64 RyuJIT AVX-512F+CD+BW+DQ+VL+VBMI
// GC=Concurrent Workstation
// HardwareIntrinsics=AVX-512F+CD+BW+DQ+VL+VBMI,AES,BMI1,BMI2,FMA,LZCNT,PCLMUL,POPCNT,AvxVnni VectorSize=256
// Job: Job-FWMHQE(Toolchain=InProcessEmitToolchain)

OverheadJitting  1: 1 op, 157500.00 ns, 157.5000 us/op
WorkloadJitting  1: 1 op, 3086400.00 ns, 3.0864 ms/op

OverheadJitting  2: 16 op, 169900.00 ns, 10.6188 us/op
WorkloadJitting  2: 16 op, 37353000.00 ns, 2.3346 ms/op

WorkloadPilot    1: 16 op, 35371400.00 ns, 2.2107 ms/op
WorkloadPilot    2: 32 op, 69115400.00 ns, 2.1599 ms/op
WorkloadPilot    3: 64 op, 137963600.00 ns, 2.1557 ms/op
WorkloadPilot    4: 128 op, 278877400.00 ns, 2.1787 ms/op
WorkloadPilot    5: 256 op, 559799000.00 ns, 2.1867 ms/op

OverheadWarmup   1: 256 op, 3900.00 ns, 15.2344 ns/op
OverheadWarmup   2: 256 op, 800.00 ns, 3.1250 ns/op
OverheadWarmup   3: 256 op, 1200.00 ns, 4.6875 ns/op
OverheadWarmup   4: 256 op, 800.00 ns, 3.1250 ns/op
OverheadWarmup   5: 256 op, 900.00 ns, 3.5156 ns/op
OverheadWarmup   6: 256 op, 800.00 ns, 3.1250 ns/op

OverheadActual   1: 256 op, 600.00 ns, 2.3438 ns/op
OverheadActual   2: 256 op, 700.00 ns, 2.7344 ns/op
OverheadActual   3: 256 op, 700.00 ns, 2.7344 ns/op
OverheadActual   4: 256 op, 800.00 ns, 3.1250 ns/op
OverheadActual   5: 256 op, 700.00 ns, 2.7344 ns/op
OverheadActual   6: 256 op, 800.00 ns, 3.1250 ns/op
OverheadActual   7: 256 op, 700.00 ns, 2.7344 ns/op
OverheadActual   8: 256 op, 700.00 ns, 2.7344 ns/op
OverheadActual   9: 256 op, 700.00 ns, 2.7344 ns/op
OverheadActual  10: 256 op, 700.00 ns, 2.7344 ns/op
OverheadActual  11: 256 op, 800.00 ns, 3.1250 ns/op
OverheadActual  12: 256 op, 800.00 ns, 3.1250 ns/op
OverheadActual  13: 256 op, 800.00 ns, 3.1250 ns/op
OverheadActual  14: 256 op, 400.00 ns, 1.5625 ns/op
OverheadActual  15: 256 op, 700.00 ns, 2.7344 ns/op
OverheadActual  16: 256 op, 800.00 ns, 3.1250 ns/op
OverheadActual  17: 256 op, 700.00 ns, 2.7344 ns/op
OverheadActual  18: 256 op, 700.00 ns, 2.7344 ns/op
OverheadActual  19: 256 op, 800.00 ns, 3.1250 ns/op
OverheadActual  20: 256 op, 500.00 ns, 1.9531 ns/op

WorkloadWarmup   1: 256 op, 555376600.00 ns, 2.1694 ms/op
WorkloadWarmup   2: 256 op, 553780900.00 ns, 2.1632 ms/op
WorkloadWarmup   3: 256 op, 550695400.00 ns, 2.1512 ms/op
WorkloadWarmup   4: 256 op, 559468300.00 ns, 2.1854 ms/op
WorkloadWarmup   5: 256 op, 554651500.00 ns, 2.1666 ms/op
WorkloadWarmup   6: 256 op, 552465900.00 ns, 2.1581 ms/op
WorkloadWarmup   7: 256 op, 553662700.00 ns, 2.1627 ms/op
WorkloadWarmup   8: 256 op, 551517000.00 ns, 2.1544 ms/op

WorkloadActual   1: 256 op, 552390000.00 ns, 2.1578 ms/op
WorkloadActual   2: 256 op, 555772300.00 ns, 2.1710 ms/op
WorkloadActual   3: 256 op, 558365600.00 ns, 2.1811 ms/op
WorkloadActual   4: 256 op, 557236200.00 ns, 2.1767 ms/op
WorkloadActual   5: 256 op, 552358400.00 ns, 2.1576 ms/op
WorkloadActual   6: 256 op, 549809100.00 ns, 2.1477 ms/op
WorkloadActual   7: 256 op, 548992900.00 ns, 2.1445 ms/op
WorkloadActual   8: 256 op, 555702900.00 ns, 2.1707 ms/op
WorkloadActual   9: 256 op, 567577600.00 ns, 2.2171 ms/op
WorkloadActual  10: 256 op, 558940700.00 ns, 2.1834 ms/op
WorkloadActual  11: 256 op, 555766500.00 ns, 2.1710 ms/op
WorkloadActual  12: 256 op, 549703600.00 ns, 2.1473 ms/op
WorkloadActual  13: 256 op, 553148800.00 ns, 2.1607 ms/op
WorkloadActual  14: 256 op, 567611900.00 ns, 2.2172 ms/op
WorkloadActual  15: 256 op, 548939000.00 ns, 2.1443 ms/op

WorkloadResult   1: 256 op, 552389300.00 ns, 2.1578 ms/op
WorkloadResult   2: 256 op, 555771600.00 ns, 2.1710 ms/op
WorkloadResult   3: 256 op, 558364900.00 ns, 2.1811 ms/op
WorkloadResult   4: 256 op, 557235500.00 ns, 2.1767 ms/op
WorkloadResult   5: 256 op, 552357700.00 ns, 2.1576 ms/op
WorkloadResult   6: 256 op, 549808400.00 ns, 2.1477 ms/op
WorkloadResult   7: 256 op, 548992200.00 ns, 2.1445 ms/op
WorkloadResult   8: 256 op, 555702200.00 ns, 2.1707 ms/op
WorkloadResult   9: 256 op, 567576900.00 ns, 2.2171 ms/op
WorkloadResult  10: 256 op, 558940000.00 ns, 2.1834 ms/op
WorkloadResult  11: 256 op, 555765800.00 ns, 2.1710 ms/op
WorkloadResult  12: 256 op, 549702900.00 ns, 2.1473 ms/op
WorkloadResult  13: 256 op, 553148100.00 ns, 2.1607 ms/op
WorkloadResult  14: 256 op, 567611200.00 ns, 2.2172 ms/op
WorkloadResult  15: 256 op, 548938300.00 ns, 2.1443 ms/op
// GC:  17 15 0 900738224 256
// Threading:  0 0 256


Mean = 2.170 ms, StdErr = 0.006 ms (0.28%), N = 15, StdDev = 0.023 ms
Min = 2.144 ms, Q1 = 2.153 ms, Median = 2.171 ms, Q3 = 2.179 ms, Max = 2.217 ms
IQR = 0.026 ms, LowerFence = 2.113 ms, UpperFence = 2.218 ms
ConfidenceInterval = [2.145 ms; 2.195 ms] (CI 99.9%), Margin = 0.025 ms (1.14% of Mean)
Skewness = 0.84, Kurtosis = 2.65, MValue = 2

// ** Remained 6 (20.0 %) benchmark(s) to run. Estimated finish 2026-08-06 18:40 (0h 5m from now) **
Successfully reverted power plan (GUID: 8c5e7fda-e8bf-4a96-9a85-a6e23a8c635c FriendlyName: Alto rendimiento)
// ***** BenchmarkRunner: Finish  *****

// * Export *
  D:\DevData\ericksonlopez.dev\dotnet-outbox\benchmarks\results\results\EricksonLopez.Outbox.Benchmarks.D_BatchStoreBenchmarks-report.csv
  D:\DevData\ericksonlopez.dev\dotnet-outbox\benchmarks\results\results\EricksonLopez.Outbox.Benchmarks.D_BatchStoreBenchmarks-report-github.md
  D:\DevData\ericksonlopez.dev\dotnet-outbox\benchmarks\results\results\EricksonLopez.Outbox.Benchmarks.D_BatchStoreBenchmarks-report.html

// * Detailed results *
D_BatchStoreBenchmarks.EricksonLopezOutbox_StoreAsync_Batch: Job-XTCYIO(IterationCount=15, WarmupCount=10) [BatchSize=1]
Runtime = .NET 10.0.10 (10.0.1026.32716), X64 RyuJIT AVX-512F+CD+BW+DQ+VL+VBMI; GC = Concurrent Workstation
Mean = 248.583 ns, StdErr = 0.344 ns (0.14%), N = 14, StdDev = 1.287 ns
Min = 246.851 ns, Q1 = 247.768 ns, Median = 248.193 ns, Q3 = 249.346 ns, Max = 251.269 ns
IQR = 1.578 ns, LowerFence = 245.400 ns, UpperFence = 251.713 ns
ConfidenceInterval = [247.132 ns; 250.035 ns] (CI 99.9%), Margin = 1.451 ns (0.58% of Mean)
Skewness = 0.65, Kurtosis = 2.16, MValue = 2
-------------------- Histogram --------------------
[246.150 ns ; 251.969 ns) | @@@@@@@@@@@@@@
---------------------------------------------------

D_BatchStoreBenchmarks.EricksonLopezOutbox_StoreAsync_Batch: Job-FWMHQE(Toolchain=InProcessEmitToolchain) [BatchSize=1]
Runtime = ; GC = 
Mean = 280.177 ns, StdErr = 0.388 ns (0.14%), N = 14, StdDev = 1.452 ns
Min = 277.041 ns, Q1 = 279.574 ns, Median = 280.486 ns, Q3 = 280.998 ns, Max = 282.559 ns
IQR = 1.424 ns, LowerFence = 277.438 ns, UpperFence = 283.133 ns
ConfidenceInterval = [278.539 ns; 281.816 ns] (CI 99.9%), Margin = 1.638 ns (0.58% of Mean)
Skewness = -0.59, Kurtosis = 2.66, MValue = 2
-------------------- Histogram --------------------
[276.250 ns ; 283.350 ns) | @@@@@@@@@@@@@@
---------------------------------------------------

D_BatchStoreBenchmarks.EricksonLopezOutbox_StoreAsync_Batch: Job-XTCYIO(IterationCount=15, WarmupCount=10) [BatchSize=100]
Runtime = .NET 10.0.10 (10.0.1026.32716), X64 RyuJIT AVX-512F+CD+BW+DQ+VL+VBMI; GC = Concurrent Workstation
Mean = 17.752 μs, StdErr = 0.018 μs (0.10%), N = 14, StdDev = 0.067 μs
Min = 17.653 μs, Q1 = 17.706 μs, Median = 17.747 μs, Q3 = 17.772 μs, Max = 17.903 μs
IQR = 0.066 μs, LowerFence = 17.606 μs, UpperFence = 17.871 μs
ConfidenceInterval = [17.677 μs; 17.828 μs] (CI 99.9%), Margin = 0.075 μs (0.42% of Mean)
Skewness = 0.67, Kurtosis = 2.61, MValue = 2
-------------------- Histogram --------------------
[17.617 μs ; 17.939 μs) | @@@@@@@@@@@@@@
---------------------------------------------------

D_BatchStoreBenchmarks.EricksonLopezOutbox_StoreAsync_Batch: Job-FWMHQE(Toolchain=InProcessEmitToolchain) [BatchSize=100]
Runtime = ; GC = 
Mean = 21.355 μs, StdErr = 0.042 μs (0.19%), N = 15, StdDev = 0.161 μs
Min = 21.058 μs, Q1 = 21.279 μs, Median = 21.386 μs, Q3 = 21.448 μs, Max = 21.599 μs
IQR = 0.169 μs, LowerFence = 21.027 μs, UpperFence = 21.701 μs
ConfidenceInterval = [21.183 μs; 21.527 μs] (CI 99.9%), Margin = 0.172 μs (0.80% of Mean)
Skewness = -0.46, Kurtosis = 2.04, MValue = 2
-------------------- Histogram --------------------
[20.973 μs ; 21.605 μs) | @@@@@@@@@@@@@@@
---------------------------------------------------

D_BatchStoreBenchmarks.EricksonLopezOutbox_StoreAsync_Batch: Job-XTCYIO(IterationCount=15, WarmupCount=10) [BatchSize=1000]
Runtime = .NET 10.0.10 (10.0.1026.32716), X64 RyuJIT AVX-512F+CD+BW+DQ+VL+VBMI; GC = Concurrent Workstation
Mean = 183.894 μs, StdErr = 0.235 μs (0.13%), N = 15, StdDev = 0.910 μs
Min = 182.561 μs, Q1 = 183.267 μs, Median = 183.753 μs, Q3 = 184.276 μs, Max = 185.742 μs
IQR = 1.008 μs, LowerFence = 181.755 μs, UpperFence = 185.788 μs
ConfidenceInterval = [182.921 μs; 184.867 μs] (CI 99.9%), Margin = 0.973 μs (0.53% of Mean)
Skewness = 0.49, Kurtosis = 2.21, MValue = 2
-------------------- Histogram --------------------
[182.077 μs ; 186.227 μs) | @@@@@@@@@@@@@@@
---------------------------------------------------

D_BatchStoreBenchmarks.EricksonLopezOutbox_StoreAsync_Batch: Job-FWMHQE(Toolchain=InProcessEmitToolchain) [BatchSize=1000]
Runtime = ; GC = 
Mean = 215.340 μs, StdErr = 0.372 μs (0.17%), N = 15, StdDev = 1.440 μs
Min = 213.595 μs, Q1 = 213.922 μs, Median = 215.551 μs, Q3 = 216.286 μs, Max = 218.027 μs
IQR = 2.364 μs, LowerFence = 210.377 μs, UpperFence = 219.832 μs
ConfidenceInterval = [213.800 μs; 216.879 μs] (CI 99.9%), Margin = 1.539 μs (0.71% of Mean)
Skewness = 0.15, Kurtosis = 1.61, MValue = 2
-------------------- Histogram --------------------
[212.829 μs ; 218.419 μs) | @@@@@@@@@@@@@@@
---------------------------------------------------

D_BatchStoreBenchmarks.EricksonLopezOutbox_StoreAsync_Batch: Job-XTCYIO(IterationCount=15, WarmupCount=10) [BatchSize=10000]
Runtime = .NET 10.0.10 (10.0.1026.32716), X64 RyuJIT AVX-512F+CD+BW+DQ+VL+VBMI; GC = Concurrent Workstation
Mean = 1.869 ms, StdErr = 0.003 ms (0.17%), N = 15, StdDev = 0.012 ms
Min = 1.854 ms, Q1 = 1.859 ms, Median = 1.866 ms, Q3 = 1.878 ms, Max = 1.889 ms
IQR = 0.020 ms, LowerFence = 1.829 ms, UpperFence = 1.908 ms
ConfidenceInterval = [1.856 ms; 1.882 ms] (CI 99.9%), Margin = 0.013 ms (0.70% of Mean)
Skewness = 0.34, Kurtosis = 1.54, MValue = 2
-------------------- Histogram --------------------
[1.847 ms ; 1.896 ms) | @@@@@@@@@@@@@@@
---------------------------------------------------

D_BatchStoreBenchmarks.EricksonLopezOutbox_StoreAsync_Batch: Job-FWMHQE(Toolchain=InProcessEmitToolchain) [BatchSize=10000]
Runtime = ; GC = 
Mean = 2.170 ms, StdErr = 0.006 ms (0.28%), N = 15, StdDev = 0.023 ms
Min = 2.144 ms, Q1 = 2.153 ms, Median = 2.171 ms, Q3 = 2.179 ms, Max = 2.217 ms
IQR = 0.026 ms, LowerFence = 2.113 ms, UpperFence = 2.218 ms
ConfidenceInterval = [2.145 ms; 2.195 ms] (CI 99.9%), Margin = 0.025 ms (1.14% of Mean)
Skewness = 0.84, Kurtosis = 2.65, MValue = 2
-------------------- Histogram --------------------
[2.132 ms ; 2.230 ms) | @@@@@@@@@@@@@@@
---------------------------------------------------

// * Summary *

BenchmarkDotNet v0.13.12, Windows 11 (10.0.26200.8875)
Unknown processor
.NET SDK 10.0.302
  [Host]     : .NET 10.0.10 (10.0.1026.32716), X64 RyuJIT AVX-512F+CD+BW+DQ+VL+VBMI
  Job-XTCYIO : .NET 10.0.10 (10.0.1026.32716), X64 RyuJIT AVX-512F+CD+BW+DQ+VL+VBMI


| Method                               | Job        | Toolchain              | IterationCount | WarmupCount | BatchSize | Mean           | Min            | Max            | P50            | P95            | Op/s        | Gen0    | Gen1    | Allocated |
|------------------------------------- |----------- |----------------------- |--------------- |------------ |---------- |---------------:|---------------:|---------------:|---------------:|---------------:|------------:|--------:|--------:|----------:|
| EricksonLopezOutbox_StoreAsync_Batch | Job-XTCYIO | Default                | 15             | 10          | 1         |       248.6 ns |       246.9 ns |       251.3 ns |       248.2 ns |       250.6 ns | 4,022,793.6 |  0.0067 |       - |     344 B |
| EricksonLopezOutbox_StoreAsync_Batch | Job-FWMHQE | InProcessEmitToolchain | Default        | Default     | 1         |       280.2 ns |       277.0 ns |       282.6 ns |       280.5 ns |       282.0 ns | 3,569,167.3 |  0.0067 |       - |     344 B |
| EricksonLopezOutbox_StoreAsync_Batch | Job-XTCYIO | Default                | 15             | 10          | 100       |    17,752.4 ns |    17,653.2 ns |    17,903.0 ns |    17,747.4 ns |    17,859.1 ns |    56,330.4 |  0.6714 |  0.0305 |   34640 B |
| EricksonLopezOutbox_StoreAsync_Batch | Job-FWMHQE | InProcessEmitToolchain | Default        | Default     | 100       |    21,354.8 ns |    21,058.1 ns |    21,599.1 ns |    21,385.6 ns |    21,558.6 ns |    46,827.9 |  0.6714 |  0.0305 |   34640 B |
| EricksonLopezOutbox_StoreAsync_Batch | Job-XTCYIO | Default                | 15             | 10          | 1000      |   183,893.7 ns |   182,561.1 ns |   185,742.2 ns |   183,752.6 ns |   185,466.1 ns |     5,437.9 |  6.8359 |  2.9297 |  351026 B |
| EricksonLopezOutbox_StoreAsync_Batch | Job-FWMHQE | InProcessEmitToolchain | Default        | Default     | 1000      |   215,339.5 ns |   213,595.4 ns |   218,027.1 ns |   215,551.5 ns |   217,281.6 ns |     4,643.8 |  6.8359 |  5.8594 |  350955 B |
| EricksonLopezOutbox_StoreAsync_Batch | Job-XTCYIO | Default                | 15             | 10          | 10000     | 1,869,030.1 ns | 1,853,772.5 ns | 1,889,067.6 ns | 1,866,295.9 ns | 1,887,890.4 ns |       535.0 | 68.3594 | 62.5000 | 3518593 B |
| EricksonLopezOutbox_StoreAsync_Batch | Job-FWMHQE | InProcessEmitToolchain | Default        | Default     | 10000     | 2,169,871.1 ns | 2,144,290.2 ns | 2,217,231.2 ns | 2,170,711.7 ns | 2,217,137.5 ns |       460.9 | 66.4063 | 58.5938 | 3518509 B |

// * Hints *
Outliers
  D_BatchStoreBenchmarks.EricksonLopezOutbox_StoreAsync_Batch: IterationCount=15, WarmupCount=10 -> 1 outlier  was  removed (254.54 ns)
  D_BatchStoreBenchmarks.EricksonLopezOutbox_StoreAsync_Batch: Toolchain=InProcessEmitToolchain  -> 1 outlier  was  removed, 2 outliers were detected (278.58 ns, 285.81 ns)
  D_BatchStoreBenchmarks.EricksonLopezOutbox_StoreAsync_Batch: IterationCount=15, WarmupCount=10 -> 1 outlier  was  removed (18.01 μs)
HideColumnsAnalyser
  Summary -> Hidden columns: Error, StdDev
// * Config Issues *

// * Warnings *
Configuration
  Summary -> The exporter MarkdownExporter-github is already present in configuration. There may be unexpected results.

// * Legends *
  BatchSize : Value of the 'BatchSize' parameter
  Mean      : Arithmetic mean of all measurements
  Min       : Minimum
  Max       : Maximum
  P50       : Percentile 50
  P95       : Percentile 95
  Op/s      : Operation per second
  Gen0      : GC Generation 0 collects per 1000 operations
  Gen1      : GC Generation 1 collects per 1000 operations
  Allocated : Allocated memory per single operation (managed only, inclusive, 1KB = 1024B)
  1 ns      : 1 Nanosecond (0.000000001 sec)

// * Diagnostic Output - MemoryDiagnoser *


// ***** BenchmarkRunner: End *****
Run time: 00:02:38 (158.95 sec), executed benchmarks: 8

// Found 2 benchmarks:
//   F_EndToEndBenchmarks.EricksonLopezOutbox_Synthetic_E2E: Job-RAWJHY(InvocationCount=1, IterationCount=15, UnrollFactor=1, WarmupCount=10)
//   F_EndToEndBenchmarks.EricksonLopezOutbox_Synthetic_E2E: Job-FAGJAM(Toolchain=InProcessEmitToolchain, InvocationCount=1, UnrollFactor=1)

Setup power plan (GUID: 8c5e7fda-e8bf-4a96-9a85-a6e23a8c635c FriendlyName: Alto rendimiento)
// **************************
// Benchmark: F_EndToEndBenchmarks.EricksonLopezOutbox_Synthetic_E2E: Job-RAWJHY(InvocationCount=1, IterationCount=15, UnrollFactor=1, WarmupCount=10)
// *** Execute ***
// Launch: 1 / 1
// Execute: dotnet 7284c0d0-c932-4332-801f-2c62674b8ef9.dll --anonymousPipes 4904 2276 --benchmarkName EricksonLopez.Outbox.Benchmarks.F_EndToEndBenchmarks.EricksonLopezOutbox_Synthetic_E2E --job "InvocationCount=1, IterationCount=15, UnrollFactor=1, WarmupCount=10" --benchmarkId 12 in D:\DevData\ericksonlopez.dev\dotnet-outbox\benchmarks\EricksonLopez.Outbox.Benchmarks\bin\Release\net10.0\7284c0d0-c932-4332-801f-2c62674b8ef9\bin\Release\net10.0
// BeforeAnythingElse

// Benchmark Process Environment Information:
// BenchmarkDotNet v0.13.12
// Runtime=.NET 10.0.10 (10.0.1026.32716), X64 RyuJIT AVX-512F+CD+BW+DQ+VL+VBMI
// GC=Concurrent Workstation
// HardwareIntrinsics=AVX-512F+CD+BW+DQ+VL+VBMI,AES,BMI1,BMI2,FMA,LZCNT,PCLMUL,POPCNT,AvxVnni VectorSize=256
// Job: Job-SHCCAS(InvocationCount=1, IterationCount=15, UnrollFactor=1, WarmupCount=10)

OverheadJitting  1: 1 op, 172000.00 ns, 172.0000 us/op
WorkloadJitting  1: 1 op, 18363800.00 ns, 18.3638 ms/op

OverheadWarmup   1: 1 op, 200.00 ns, 200.0000 ns/op
OverheadWarmup   2: 1 op, 200.00 ns, 200.0000 ns/op
OverheadWarmup   3: 1 op, 300.00 ns, 300.0000 ns/op
OverheadWarmup   4: 1 op, 200.00 ns, 200.0000 ns/op
OverheadWarmup   5: 1 op, 0.00 ns, 0.0000 ns/op
OverheadWarmup   6: 1 op, 0.00 ns, 0.0000 ns/op

OverheadActual   1: 1 op, 200.00 ns, 200.0000 ns/op
OverheadActual   2: 1 op, 200.00 ns, 200.0000 ns/op
OverheadActual   3: 1 op, 200.00 ns, 200.0000 ns/op
OverheadActual   4: 1 op, 200.00 ns, 200.0000 ns/op
OverheadActual   5: 1 op, 200.00 ns, 200.0000 ns/op
OverheadActual   6: 1 op, 100.00 ns, 100.0000 ns/op
OverheadActual   7: 1 op, 300.00 ns, 300.0000 ns/op
OverheadActual   8: 1 op, 0.00 ns, 0.0000 ns/op
OverheadActual   9: 1 op, 200.00 ns, 200.0000 ns/op
OverheadActual  10: 1 op, 100.00 ns, 100.0000 ns/op
OverheadActual  11: 1 op, 0.00 ns, 0.0000 ns/op
OverheadActual  12: 1 op, 100.00 ns, 100.0000 ns/op
OverheadActual  13: 1 op, 0.00 ns, 0.0000 ns/op
OverheadActual  14: 1 op, 0.00 ns, 0.0000 ns/op
OverheadActual  15: 1 op, 0.00 ns, 0.0000 ns/op
OverheadActual  16: 1 op, 100.00 ns, 100.0000 ns/op
OverheadActual  17: 1 op, 0.00 ns, 0.0000 ns/op
OverheadActual  18: 1 op, 200.00 ns, 200.0000 ns/op
OverheadActual  19: 1 op, 0.00 ns, 0.0000 ns/op
OverheadActual  20: 1 op, 200.00 ns, 200.0000 ns/op

WorkloadWarmup   1: 1 op, 122100.00 ns, 122.1000 us/op
WorkloadWarmup   2: 1 op, 33400.00 ns, 33.4000 us/op
WorkloadWarmup   3: 1 op, 13700.00 ns, 13.7000 us/op
WorkloadWarmup   4: 1 op, 6700.00 ns, 6.7000 us/op
WorkloadWarmup   5: 1 op, 23400.00 ns, 23.4000 us/op
WorkloadWarmup   6: 1 op, 22500.00 ns, 22.5000 us/op
WorkloadWarmup   7: 1 op, 6900.00 ns, 6.9000 us/op
WorkloadWarmup   8: 1 op, 22900.00 ns, 22.9000 us/op
WorkloadWarmup   9: 1 op, 22400.00 ns, 22.4000 us/op
WorkloadWarmup  10: 1 op, 7500.00 ns, 7.5000 us/op

// BeforeActualRun
WorkloadActual   1: 1 op, 27700.00 ns, 27.7000 us/op
WorkloadActual   2: 1 op, 22800.00 ns, 22.8000 us/op
WorkloadActual   3: 1 op, 9200.00 ns, 9.2000 us/op
WorkloadActual   4: 1 op, 4400.00 ns, 4.4000 us/op
WorkloadActual   5: 1 op, 3700.00 ns, 3.7000 us/op
WorkloadActual   6: 1 op, 4200.00 ns, 4.2000 us/op
WorkloadActual   7: 1 op, 32000.00 ns, 32.0000 us/op
WorkloadActual   8: 1 op, 21900.00 ns, 21.9000 us/op
WorkloadActual   9: 1 op, 22700.00 ns, 22.7000 us/op
WorkloadActual  10: 1 op, 7900.00 ns, 7.9000 us/op
WorkloadActual  11: 1 op, 22400.00 ns, 22.4000 us/op
WorkloadActual  12: 1 op, 8700.00 ns, 8.7000 us/op
WorkloadActual  13: 1 op, 4500.00 ns, 4.5000 us/op
WorkloadActual  14: 1 op, 9300.00 ns, 9.3000 us/op
WorkloadActual  15: 1 op, 21700.00 ns, 21.7000 us/op

// AfterActualRun
WorkloadResult   1: 1 op, 27600.00 ns, 27.6000 us/op
WorkloadResult   2: 1 op, 22700.00 ns, 22.7000 us/op
WorkloadResult   3: 1 op, 9100.00 ns, 9.1000 us/op
WorkloadResult   4: 1 op, 4300.00 ns, 4.3000 us/op
WorkloadResult   5: 1 op, 3600.00 ns, 3.6000 us/op
WorkloadResult   6: 1 op, 4100.00 ns, 4.1000 us/op
WorkloadResult   7: 1 op, 31900.00 ns, 31.9000 us/op
WorkloadResult   8: 1 op, 21800.00 ns, 21.8000 us/op
WorkloadResult   9: 1 op, 22600.00 ns, 22.6000 us/op
WorkloadResult  10: 1 op, 7800.00 ns, 7.8000 us/op
WorkloadResult  11: 1 op, 22300.00 ns, 22.3000 us/op
WorkloadResult  12: 1 op, 8600.00 ns, 8.6000 us/op
WorkloadResult  13: 1 op, 4400.00 ns, 4.4000 us/op
WorkloadResult  14: 1 op, 9200.00 ns, 9.2000 us/op
WorkloadResult  15: 1 op, 21600.00 ns, 21.6000 us/op
// GC:  0 0 0 2128 1
// Threading:  0 0 1

// AfterAll
// Benchmark Process 108612 has exited with code 0.

Mean = 14.773 μs, StdErr = 2.527 μs (17.10%), N = 15, StdDev = 9.786 μs
Min = 3.600 μs, Q1 = 6.100 μs, Median = 9.200 μs, Q3 = 22.450 μs, Max = 31.900 μs
IQR = 16.350 μs, LowerFence = -18.425 μs, UpperFence = 46.975 μs
ConfidenceInterval = [4.312 μs; 25.235 μs] (CI 99.9%), Margin = 10.461 μs (70.81% of Mean)
Skewness = 0.24, Kurtosis = 1.36, MValue = 3.75

// ** Remained 5 (16.7 %) benchmark(s) to run. Estimated finish 2026-08-06 18:39 (0h 4m from now) **
Setup power plan (GUID: 8c5e7fda-e8bf-4a96-9a85-a6e23a8c635c FriendlyName: Alto rendimiento)
// **************************
// Benchmark: F_EndToEndBenchmarks.EricksonLopezOutbox_Synthetic_E2E: Job-FAGJAM(Toolchain=InProcessEmitToolchain, InvocationCount=1, UnrollFactor=1)
// *** Execute ***
// Launch: 1 / 1

// Benchmark Process Environment Information:
// BenchmarkDotNet v0.13.12
// Runtime=.NET 10.0.10 (10.0.1026.32716), X64 RyuJIT AVX-512F+CD+BW+DQ+VL+VBMI
// GC=Concurrent Workstation
// HardwareIntrinsics=AVX-512F+CD+BW+DQ+VL+VBMI,AES,BMI1,BMI2,FMA,LZCNT,PCLMUL,POPCNT,AvxVnni VectorSize=256
// Job: Job-FAGJAM(Toolchain=InProcessEmitToolchain, InvocationCount=1, UnrollFactor=1)

OverheadJitting  1: 1 op, 157400.00 ns, 157.4000 us/op
WorkloadJitting  1: 1 op, 8087700.00 ns, 8.0877 ms/op

OverheadWarmup   1: 1 op, 1500.00 ns, 1.5000 us/op
OverheadWarmup   2: 1 op, 200.00 ns, 200.0000 ns/op
OverheadWarmup   3: 1 op, 100.00 ns, 100.0000 ns/op
OverheadWarmup   4: 1 op, 200.00 ns, 200.0000 ns/op
OverheadWarmup   5: 1 op, 200.00 ns, 200.0000 ns/op
OverheadWarmup   6: 1 op, 200.00 ns, 200.0000 ns/op
OverheadWarmup   7: 1 op, 200.00 ns, 200.0000 ns/op

OverheadActual   1: 1 op, 200.00 ns, 200.0000 ns/op
OverheadActual   2: 1 op, 200.00 ns, 200.0000 ns/op
OverheadActual   3: 1 op, 200.00 ns, 200.0000 ns/op
OverheadActual   4: 1 op, 200.00 ns, 200.0000 ns/op
OverheadActual   5: 1 op, 100.00 ns, 100.0000 ns/op
OverheadActual   6: 1 op, 200.00 ns, 200.0000 ns/op
OverheadActual   7: 1 op, 200.00 ns, 200.0000 ns/op
OverheadActual   8: 1 op, 200.00 ns, 200.0000 ns/op
OverheadActual   9: 1 op, 100.00 ns, 100.0000 ns/op
OverheadActual  10: 1 op, 200.00 ns, 200.0000 ns/op
OverheadActual  11: 1 op, 200.00 ns, 200.0000 ns/op
OverheadActual  12: 1 op, 200.00 ns, 200.0000 ns/op
OverheadActual  13: 1 op, 200.00 ns, 200.0000 ns/op
OverheadActual  14: 1 op, 100.00 ns, 100.0000 ns/op
OverheadActual  15: 1 op, 200.00 ns, 200.0000 ns/op
OverheadActual  16: 1 op, 200.00 ns, 200.0000 ns/op
OverheadActual  17: 1 op, 100.00 ns, 100.0000 ns/op
OverheadActual  18: 1 op, 200.00 ns, 200.0000 ns/op
OverheadActual  19: 1 op, 200.00 ns, 200.0000 ns/op
OverheadActual  20: 1 op, 200.00 ns, 200.0000 ns/op

WorkloadWarmup   1: 1 op, 181800.00 ns, 181.8000 us/op
WorkloadWarmup   2: 1 op, 40100.00 ns, 40.1000 us/op
WorkloadWarmup   3: 1 op, 39800.00 ns, 39.8000 us/op
WorkloadWarmup   4: 1 op, 31700.00 ns, 31.7000 us/op
WorkloadWarmup   5: 1 op, 29100.00 ns, 29.1000 us/op
WorkloadWarmup   6: 1 op, 26900.00 ns, 26.9000 us/op
WorkloadWarmup   7: 1 op, 13900.00 ns, 13.9000 us/op
WorkloadWarmup   8: 1 op, 23000.00 ns, 23.0000 us/op
WorkloadWarmup   9: 1 op, 22700.00 ns, 22.7000 us/op
WorkloadWarmup  10: 1 op, 22500.00 ns, 22.5000 us/op
WorkloadWarmup  11: 1 op, 22000.00 ns, 22.0000 us/op
WorkloadWarmup  12: 1 op, 12200.00 ns, 12.2000 us/op
WorkloadWarmup  13: 1 op, 8500.00 ns, 8.5000 us/op
WorkloadWarmup  14: 1 op, 8500.00 ns, 8.5000 us/op
WorkloadWarmup  15: 1 op, 21200.00 ns, 21.2000 us/op

WorkloadActual   1: 1 op, 7700.00 ns, 7.7000 us/op
WorkloadActual   2: 1 op, 21400.00 ns, 21.4000 us/op
WorkloadActual   3: 1 op, 20800.00 ns, 20.8000 us/op
WorkloadActual   4: 1 op, 8700.00 ns, 8.7000 us/op
WorkloadActual   5: 1 op, 7300.00 ns, 7.3000 us/op
WorkloadActual   6: 1 op, 7300.00 ns, 7.3000 us/op
WorkloadActual   7: 1 op, 31000.00 ns, 31.0000 us/op
WorkloadActual   8: 1 op, 22000.00 ns, 22.0000 us/op
WorkloadActual   9: 1 op, 21300.00 ns, 21.3000 us/op
WorkloadActual  10: 1 op, 21100.00 ns, 21.1000 us/op
WorkloadActual  11: 1 op, 36100.00 ns, 36.1000 us/op
WorkloadActual  12: 1 op, 22300.00 ns, 22.3000 us/op
WorkloadActual  13: 1 op, 21800.00 ns, 21.8000 us/op
WorkloadActual  14: 1 op, 22700.00 ns, 22.7000 us/op
WorkloadActual  15: 1 op, 21300.00 ns, 21.3000 us/op
WorkloadActual  16: 1 op, 21300.00 ns, 21.3000 us/op
WorkloadActual  17: 1 op, 8200.00 ns, 8.2000 us/op
WorkloadActual  18: 1 op, 21100.00 ns, 21.1000 us/op
WorkloadActual  19: 1 op, 10200.00 ns, 10.2000 us/op
WorkloadActual  20: 1 op, 20800.00 ns, 20.8000 us/op
WorkloadActual  21: 1 op, 21000.00 ns, 21.0000 us/op
WorkloadActual  22: 1 op, 8100.00 ns, 8.1000 us/op
WorkloadActual  23: 1 op, 7900.00 ns, 7.9000 us/op
WorkloadActual  24: 1 op, 21500.00 ns, 21.5000 us/op
WorkloadActual  25: 1 op, 21100.00 ns, 21.1000 us/op
WorkloadActual  26: 1 op, 21000.00 ns, 21.0000 us/op
WorkloadActual  27: 1 op, 21200.00 ns, 21.2000 us/op
WorkloadActual  28: 1 op, 21500.00 ns, 21.5000 us/op
WorkloadActual  29: 1 op, 20700.00 ns, 20.7000 us/op
WorkloadActual  30: 1 op, 21200.00 ns, 21.2000 us/op
WorkloadActual  31: 1 op, 20900.00 ns, 20.9000 us/op
WorkloadActual  32: 1 op, 21100.00 ns, 21.1000 us/op
WorkloadActual  33: 1 op, 24700.00 ns, 24.7000 us/op
WorkloadActual  34: 1 op, 21000.00 ns, 21.0000 us/op
WorkloadActual  35: 1 op, 8800.00 ns, 8.8000 us/op
WorkloadActual  36: 1 op, 5700.00 ns, 5.7000 us/op
WorkloadActual  37: 1 op, 5000.00 ns, 5.0000 us/op
WorkloadActual  38: 1 op, 20600.00 ns, 20.6000 us/op
WorkloadActual  39: 1 op, 20500.00 ns, 20.5000 us/op
WorkloadActual  40: 1 op, 20100.00 ns, 20.1000 us/op
WorkloadActual  41: 1 op, 7700.00 ns, 7.7000 us/op
WorkloadActual  42: 1 op, 5300.00 ns, 5.3000 us/op
WorkloadActual  43: 1 op, 21000.00 ns, 21.0000 us/op
WorkloadActual  44: 1 op, 8000.00 ns, 8.0000 us/op
WorkloadActual  45: 1 op, 20900.00 ns, 20.9000 us/op
WorkloadActual  46: 1 op, 7900.00 ns, 7.9000 us/op
WorkloadActual  47: 1 op, 6000.00 ns, 6.0000 us/op
WorkloadActual  48: 1 op, 5100.00 ns, 5.1000 us/op
WorkloadActual  49: 1 op, 23500.00 ns, 23.5000 us/op
WorkloadActual  50: 1 op, 20600.00 ns, 20.6000 us/op
WorkloadActual  51: 1 op, 20900.00 ns, 20.9000 us/op
WorkloadActual  52: 1 op, 20800.00 ns, 20.8000 us/op
WorkloadActual  53: 1 op, 20800.00 ns, 20.8000 us/op
WorkloadActual  54: 1 op, 20300.00 ns, 20.3000 us/op
WorkloadActual  55: 1 op, 21200.00 ns, 21.2000 us/op
WorkloadActual  56: 1 op, 20400.00 ns, 20.4000 us/op
WorkloadActual  57: 1 op, 20000.00 ns, 20.0000 us/op
WorkloadActual  58: 1 op, 8300.00 ns, 8.3000 us/op
WorkloadActual  59: 1 op, 20500.00 ns, 20.5000 us/op
WorkloadActual  60: 1 op, 10000.00 ns, 10.0000 us/op
WorkloadActual  61: 1 op, 20800.00 ns, 20.8000 us/op
WorkloadActual  62: 1 op, 20400.00 ns, 20.4000 us/op
WorkloadActual  63: 1 op, 21000.00 ns, 21.0000 us/op
WorkloadActual  64: 1 op, 9100.00 ns, 9.1000 us/op
WorkloadActual  65: 1 op, 20800.00 ns, 20.8000 us/op
WorkloadActual  66: 1 op, 20600.00 ns, 20.6000 us/op
WorkloadActual  67: 1 op, 20600.00 ns, 20.6000 us/op
WorkloadActual  68: 1 op, 9400.00 ns, 9.4000 us/op
WorkloadActual  69: 1 op, 5600.00 ns, 5.6000 us/op
WorkloadActual  70: 1 op, 5100.00 ns, 5.1000 us/op
WorkloadActual  71: 1 op, 21200.00 ns, 21.2000 us/op
WorkloadActual  72: 1 op, 25100.00 ns, 25.1000 us/op
WorkloadActual  73: 1 op, 8400.00 ns, 8.4000 us/op
WorkloadActual  74: 1 op, 9000.00 ns, 9.0000 us/op
WorkloadActual  75: 1 op, 6600.00 ns, 6.6000 us/op
WorkloadActual  76: 1 op, 21600.00 ns, 21.6000 us/op
WorkloadActual  77: 1 op, 20500.00 ns, 20.5000 us/op
WorkloadActual  78: 1 op, 21400.00 ns, 21.4000 us/op
WorkloadActual  79: 1 op, 20500.00 ns, 20.5000 us/op
WorkloadActual  80: 1 op, 20500.00 ns, 20.5000 us/op
WorkloadActual  81: 1 op, 8300.00 ns, 8.3000 us/op
WorkloadActual  82: 1 op, 6700.00 ns, 6.7000 us/op
WorkloadActual  83: 1 op, 5800.00 ns, 5.8000 us/op
WorkloadActual  84: 1 op, 5200.00 ns, 5.2000 us/op
WorkloadActual  85: 1 op, 5000.00 ns, 5.0000 us/op
WorkloadActual  86: 1 op, 20600.00 ns, 20.6000 us/op
WorkloadActual  87: 1 op, 22800.00 ns, 22.8000 us/op
WorkloadActual  88: 1 op, 20800.00 ns, 20.8000 us/op
WorkloadActual  89: 1 op, 21200.00 ns, 21.2000 us/op
WorkloadActual  90: 1 op, 21000.00 ns, 21.0000 us/op
WorkloadActual  91: 1 op, 12800.00 ns, 12.8000 us/op
WorkloadActual  92: 1 op, 21100.00 ns, 21.1000 us/op
WorkloadActual  93: 1 op, 20600.00 ns, 20.6000 us/op
WorkloadActual  94: 1 op, 9400.00 ns, 9.4000 us/op
WorkloadActual  95: 1 op, 21000.00 ns, 21.0000 us/op
WorkloadActual  96: 1 op, 25100.00 ns, 25.1000 us/op
WorkloadActual  97: 1 op, 23000.00 ns, 23.0000 us/op
WorkloadActual  98: 1 op, 8500.00 ns, 8.5000 us/op
WorkloadActual  99: 1 op, 23400.00 ns, 23.4000 us/op
WorkloadActual  100: 1 op, 21900.00 ns, 21.9000 us/op

WorkloadResult   1: 1 op, 7500.00 ns, 7.5000 us/op
WorkloadResult   2: 1 op, 21200.00 ns, 21.2000 us/op
WorkloadResult   3: 1 op, 20600.00 ns, 20.6000 us/op
WorkloadResult   4: 1 op, 8500.00 ns, 8.5000 us/op
WorkloadResult   5: 1 op, 7100.00 ns, 7.1000 us/op
WorkloadResult   6: 1 op, 7100.00 ns, 7.1000 us/op
WorkloadResult   7: 1 op, 30800.00 ns, 30.8000 us/op
WorkloadResult   8: 1 op, 21800.00 ns, 21.8000 us/op
WorkloadResult   9: 1 op, 21100.00 ns, 21.1000 us/op
WorkloadResult  10: 1 op, 20900.00 ns, 20.9000 us/op
WorkloadResult  11: 1 op, 35900.00 ns, 35.9000 us/op
WorkloadResult  12: 1 op, 22100.00 ns, 22.1000 us/op
WorkloadResult  13: 1 op, 21600.00 ns, 21.6000 us/op
WorkloadResult  14: 1 op, 22500.00 ns, 22.5000 us/op
WorkloadResult  15: 1 op, 21100.00 ns, 21.1000 us/op
WorkloadResult  16: 1 op, 21100.00 ns, 21.1000 us/op
WorkloadResult  17: 1 op, 8000.00 ns, 8.0000 us/op
WorkloadResult  18: 1 op, 20900.00 ns, 20.9000 us/op
WorkloadResult  19: 1 op, 10000.00 ns, 10.0000 us/op
WorkloadResult  20: 1 op, 20600.00 ns, 20.6000 us/op
WorkloadResult  21: 1 op, 20800.00 ns, 20.8000 us/op
WorkloadResult  22: 1 op, 7900.00 ns, 7.9000 us/op
WorkloadResult  23: 1 op, 7700.00 ns, 7.7000 us/op
WorkloadResult  24: 1 op, 21300.00 ns, 21.3000 us/op
WorkloadResult  25: 1 op, 20900.00 ns, 20.9000 us/op
WorkloadResult  26: 1 op, 20800.00 ns, 20.8000 us/op
WorkloadResult  27: 1 op, 21000.00 ns, 21.0000 us/op
WorkloadResult  28: 1 op, 21300.00 ns, 21.3000 us/op
WorkloadResult  29: 1 op, 20500.00 ns, 20.5000 us/op
WorkloadResult  30: 1 op, 21000.00 ns, 21.0000 us/op
WorkloadResult  31: 1 op, 20700.00 ns, 20.7000 us/op
WorkloadResult  32: 1 op, 20900.00 ns, 20.9000 us/op
WorkloadResult  33: 1 op, 24500.00 ns, 24.5000 us/op
WorkloadResult  34: 1 op, 20800.00 ns, 20.8000 us/op
WorkloadResult  35: 1 op, 8600.00 ns, 8.6000 us/op
WorkloadResult  36: 1 op, 5500.00 ns, 5.5000 us/op
WorkloadResult  37: 1 op, 4800.00 ns, 4.8000 us/op
WorkloadResult  38: 1 op, 20400.00 ns, 20.4000 us/op
WorkloadResult  39: 1 op, 20300.00 ns, 20.3000 us/op
WorkloadResult  40: 1 op, 19900.00 ns, 19.9000 us/op
WorkloadResult  41: 1 op, 7500.00 ns, 7.5000 us/op
WorkloadResult  42: 1 op, 5100.00 ns, 5.1000 us/op
WorkloadResult  43: 1 op, 20800.00 ns, 20.8000 us/op
WorkloadResult  44: 1 op, 7800.00 ns, 7.8000 us/op
WorkloadResult  45: 1 op, 20700.00 ns, 20.7000 us/op
WorkloadResult  46: 1 op, 7700.00 ns, 7.7000 us/op
WorkloadResult  47: 1 op, 5800.00 ns, 5.8000 us/op
WorkloadResult  48: 1 op, 4900.00 ns, 4.9000 us/op
WorkloadResult  49: 1 op, 23300.00 ns, 23.3000 us/op
WorkloadResult  50: 1 op, 20400.00 ns, 20.4000 us/op
WorkloadResult  51: 1 op, 20700.00 ns, 20.7000 us/op
WorkloadResult  52: 1 op, 20600.00 ns, 20.6000 us/op
WorkloadResult  53: 1 op, 20600.00 ns, 20.6000 us/op
WorkloadResult  54: 1 op, 20100.00 ns, 20.1000 us/op
WorkloadResult  55: 1 op, 21000.00 ns, 21.0000 us/op
WorkloadResult  56: 1 op, 20200.00 ns, 20.2000 us/op
WorkloadResult  57: 1 op, 19800.00 ns, 19.8000 us/op
WorkloadResult  58: 1 op, 8100.00 ns, 8.1000 us/op
WorkloadResult  59: 1 op, 20300.00 ns, 20.3000 us/op
WorkloadResult  60: 1 op, 9800.00 ns, 9.8000 us/op
WorkloadResult  61: 1 op, 20600.00 ns, 20.6000 us/op
WorkloadResult  62: 1 op, 20200.00 ns, 20.2000 us/op
WorkloadResult  63: 1 op, 20800.00 ns, 20.8000 us/op
WorkloadResult  64: 1 op, 8900.00 ns, 8.9000 us/op
WorkloadResult  65: 1 op, 20600.00 ns, 20.6000 us/op
WorkloadResult  66: 1 op, 20400.00 ns, 20.4000 us/op
WorkloadResult  67: 1 op, 20400.00 ns, 20.4000 us/op
WorkloadResult  68: 1 op, 9200.00 ns, 9.2000 us/op
WorkloadResult  69: 1 op, 5400.00 ns, 5.4000 us/op
WorkloadResult  70: 1 op, 4900.00 ns, 4.9000 us/op
WorkloadResult  71: 1 op, 21000.00 ns, 21.0000 us/op
WorkloadResult  72: 1 op, 24900.00 ns, 24.9000 us/op
WorkloadResult  73: 1 op, 8200.00 ns, 8.2000 us/op
WorkloadResult  74: 1 op, 8800.00 ns, 8.8000 us/op
WorkloadResult  75: 1 op, 6400.00 ns, 6.4000 us/op
WorkloadResult  76: 1 op, 21400.00 ns, 21.4000 us/op
WorkloadResult  77: 1 op, 20300.00 ns, 20.3000 us/op
WorkloadResult  78: 1 op, 21200.00 ns, 21.2000 us/op
WorkloadResult  79: 1 op, 20300.00 ns, 20.3000 us/op
WorkloadResult  80: 1 op, 20300.00 ns, 20.3000 us/op
WorkloadResult  81: 1 op, 8100.00 ns, 8.1000 us/op
WorkloadResult  82: 1 op, 6500.00 ns, 6.5000 us/op
WorkloadResult  83: 1 op, 5600.00 ns, 5.6000 us/op
WorkloadResult  84: 1 op, 5000.00 ns, 5.0000 us/op
WorkloadResult  85: 1 op, 4800.00 ns, 4.8000 us/op
WorkloadResult  86: 1 op, 20400.00 ns, 20.4000 us/op
WorkloadResult  87: 1 op, 22600.00 ns, 22.6000 us/op
WorkloadResult  88: 1 op, 20600.00 ns, 20.6000 us/op
WorkloadResult  89: 1 op, 21000.00 ns, 21.0000 us/op
WorkloadResult  90: 1 op, 20800.00 ns, 20.8000 us/op
WorkloadResult  91: 1 op, 12600.00 ns, 12.6000 us/op
WorkloadResult  92: 1 op, 20900.00 ns, 20.9000 us/op
WorkloadResult  93: 1 op, 20400.00 ns, 20.4000 us/op
WorkloadResult  94: 1 op, 9200.00 ns, 9.2000 us/op
WorkloadResult  95: 1 op, 20800.00 ns, 20.8000 us/op
WorkloadResult  96: 1 op, 24900.00 ns, 24.9000 us/op
WorkloadResult  97: 1 op, 22800.00 ns, 22.8000 us/op
WorkloadResult  98: 1 op, 8300.00 ns, 8.3000 us/op
WorkloadResult  99: 1 op, 23200.00 ns, 23.2000 us/op
WorkloadResult  100: 1 op, 21700.00 ns, 21.7000 us/op
// GC:  0 0 0 8800 1
// Threading:  0 0 1


Mean = 16.696 μs, StdErr = 0.707 μs (4.23%), N = 100, StdDev = 7.069 μs
Min = 4.800 μs, Q1 = 8.450 μs, Median = 20.450 μs, Q3 = 21.000 μs, Max = 35.900 μs
IQR = 12.550 μs, LowerFence = -10.375 μs, UpperFence = 39.825 μs
ConfidenceInterval = [14.299 μs; 19.093 μs] (CI 99.9%), Margin = 2.397 μs (14.36% of Mean)
Skewness = -0.39, Kurtosis = 2.09, MValue = 3.13

// ** Remained 4 (13.3 %) benchmark(s) to run. Estimated finish 2026-08-06 18:38 (0h 3m from now) **
Successfully reverted power plan (GUID: 8c5e7fda-e8bf-4a96-9a85-a6e23a8c635c FriendlyName: Alto rendimiento)
// ***** BenchmarkRunner: Finish  *****

// * Export *
  D:\DevData\ericksonlopez.dev\dotnet-outbox\benchmarks\results\results\EricksonLopez.Outbox.Benchmarks.F_EndToEndBenchmarks-report.csv
  D:\DevData\ericksonlopez.dev\dotnet-outbox\benchmarks\results\results\EricksonLopez.Outbox.Benchmarks.F_EndToEndBenchmarks-report-github.md
  D:\DevData\ericksonlopez.dev\dotnet-outbox\benchmarks\results\results\EricksonLopez.Outbox.Benchmarks.F_EndToEndBenchmarks-report.html

// * Detailed results *
F_EndToEndBenchmarks.EricksonLopezOutbox_Synthetic_E2E: Job-RAWJHY(InvocationCount=1, IterationCount=15, UnrollFactor=1, WarmupCount=10)
Runtime = .NET 10.0.10 (10.0.1026.32716), X64 RyuJIT AVX-512F+CD+BW+DQ+VL+VBMI; GC = Concurrent Workstation
Mean = 14.773 μs, StdErr = 2.527 μs (17.10%), N = 15, StdDev = 9.786 μs
Min = 3.600 μs, Q1 = 6.100 μs, Median = 9.200 μs, Q3 = 22.450 μs, Max = 31.900 μs
IQR = 16.350 μs, LowerFence = -18.425 μs, UpperFence = 46.975 μs
ConfidenceInterval = [4.312 μs; 25.235 μs] (CI 99.9%), Margin = 10.461 μs (70.81% of Mean)
Skewness = 0.24, Kurtosis = 1.36, MValue = 3.75
-------------------- Histogram --------------------
[ 1.192 μs ; 11.608 μs) | @@@@@@@@
[11.608 μs ; 21.542 μs) | 
[21.542 μs ; 31.958 μs) | @@@@@@@
---------------------------------------------------

F_EndToEndBenchmarks.EricksonLopezOutbox_Synthetic_E2E: Job-FAGJAM(Toolchain=InProcessEmitToolchain, InvocationCount=1, UnrollFactor=1)
Runtime = ; GC = 
Mean = 16.696 μs, StdErr = 0.707 μs (4.23%), N = 100, StdDev = 7.069 μs
Min = 4.800 μs, Q1 = 8.450 μs, Median = 20.450 μs, Q3 = 21.000 μs, Max = 35.900 μs
IQR = 12.550 μs, LowerFence = -10.375 μs, UpperFence = 39.825 μs
ConfidenceInterval = [14.299 μs; 19.093 μs] (CI 99.9%), Margin = 2.397 μs (14.36% of Mean)
Skewness = -0.39, Kurtosis = 2.09, MValue = 3.13
-------------------- Histogram --------------------
[ 4.701 μs ;  8.699 μs) | @@@@@@@@@@@@@@@@@@@@@@@@@@@
[ 8.699 μs ; 12.699 μs) | @@@@@@@
[12.699 μs ; 16.696 μs) | 
[16.696 μs ; 19.551 μs) | 
[19.551 μs ; 23.549 μs) | @@@@@@@@@@@@@@@@@@@@@@@@@@@@@@@@@@@@@@@@@@@@@@@@@@@@@@@@@@@@@
[23.549 μs ; 26.699 μs) | @@@
[26.699 μs ; 28.801 μs) | 
[28.801 μs ; 33.901 μs) | @
[33.901 μs ; 37.899 μs) | @
---------------------------------------------------

// * Summary *

BenchmarkDotNet v0.13.12, Windows 11 (10.0.26200.8875)
Unknown processor
.NET SDK 10.0.302
  [Host]     : .NET 10.0.10 (10.0.1026.32716), X64 RyuJIT AVX-512F+CD+BW+DQ+VL+VBMI
  Job-RAWJHY : .NET 10.0.10 (10.0.1026.32716), X64 RyuJIT AVX-512F+CD+BW+DQ+VL+VBMI

InvocationCount=1  UnrollFactor=1  

| Method                            | Job        | Toolchain              | IterationCount | WarmupCount | Mean     | Min      | Max      | P50       | P95      | Op/s     | Allocated |
|---------------------------------- |----------- |----------------------- |--------------- |------------ |---------:|---------:|---------:|----------:|---------:|---------:|----------:|
| EricksonLopezOutbox_Synthetic_E2E | Job-RAWJHY | Default                | 15             | 10          | 14.77 μs | 3.600 μs | 31.90 μs |  9.200 μs | 28.89 μs | 67,689.5 |         - |
| EricksonLopezOutbox_Synthetic_E2E | Job-FAGJAM | InProcessEmitToolchain | Default        | Default     | 16.70 μs | 4.800 μs | 35.90 μs | 20.450 μs | 23.36 μs | 59,894.6 |    8800 B |

// * Warnings *
MinIterationTime
  F_EndToEndBenchmarks.EricksonLopezOutbox_Synthetic_E2E: InvocationCount=1, IterationCount=15, UnrollFactor=1, WarmupCount=10 -> The minimum observed iteration time is 3.7000 μs which is very small. It's recommended to increase it to at least 100.0000 ms using more operations.
  F_EndToEndBenchmarks.EricksonLopezOutbox_Synthetic_E2E: Toolchain=InProcessEmitToolchain, InvocationCount=1, UnrollFactor=1  -> The minimum observed iteration time is 5.0000 μs which is very small. It's recommended to increase it to at least 100.0000 ms using more operations.
MultimodalDistribution
  F_EndToEndBenchmarks.EricksonLopezOutbox_Synthetic_E2E: InvocationCount=1, IterationCount=15, UnrollFactor=1, WarmupCount=10 -> It seems that the distribution is bimodal (mValue = 3.75)
  F_EndToEndBenchmarks.EricksonLopezOutbox_Synthetic_E2E: Toolchain=InProcessEmitToolchain, InvocationCount=1, UnrollFactor=1  -> It seems that the distribution can have several modes (mValue = 3.13)

// * Hints *
HideColumnsAnalyser
  Summary -> Hidden columns: Error, StdDev, Median
// * Config Issues *

// * Warnings *
Configuration
  Summary -> The exporter MarkdownExporter-github is already present in configuration. There may be unexpected results.

// * Legends *
  Mean      : Arithmetic mean of all measurements
  Min       : Minimum
  Max       : Maximum
  P50       : Percentile 50
  P95       : Percentile 95
  Op/s      : Operation per second
  Allocated : Allocated memory per single operation (managed only, inclusive, 1KB = 1024B)
  1 μs      : 1 Microsecond (0.000001 sec)

// * Diagnostic Output - MemoryDiagnoser *


// ***** BenchmarkRunner: End *****
Run time: 00:00:02 (2.05 sec), executed benchmarks: 2

// Found 4 benchmarks:
//   J_ParallelBenchmarks.EricksonLopezOutbox_StoreAsync_Parallel: Job-FWMHQE(Toolchain=InProcessEmitToolchain) [ThreadCount=1]
//   J_ParallelBenchmarks.EricksonLopezOutbox_StoreAsync_Parallel: Job-FWMHQE(Toolchain=InProcessEmitToolchain) [ThreadCount=4]
//   J_ParallelBenchmarks.EricksonLopezOutbox_StoreAsync_Parallel: Job-FWMHQE(Toolchain=InProcessEmitToolchain) [ThreadCount=16]
//   J_ParallelBenchmarks.EricksonLopezOutbox_StoreAsync_Parallel: Job-FWMHQE(Toolchain=InProcessEmitToolchain) [ThreadCount=64]

Setup power plan (GUID: 8c5e7fda-e8bf-4a96-9a85-a6e23a8c635c FriendlyName: Alto rendimiento)
// **************************
// Benchmark: J_ParallelBenchmarks.EricksonLopezOutbox_StoreAsync_Parallel: Job-FWMHQE(Toolchain=InProcessEmitToolchain) [ThreadCount=1]
// *** Execute ***
// Launch: 1 / 1

// Benchmark Process Environment Information:
// BenchmarkDotNet v0.13.12
// Runtime=.NET 10.0.10 (10.0.1026.32716), X64 RyuJIT AVX-512F+CD+BW+DQ+VL+VBMI
// GC=Concurrent Workstation
// HardwareIntrinsics=AVX-512F+CD+BW+DQ+VL+VBMI,AES,BMI1,BMI2,FMA,LZCNT,PCLMUL,POPCNT,AvxVnni VectorSize=256
// Job: Job-FWMHQE(Toolchain=InProcessEmitToolchain)

OverheadJitting  1: 1 op, 161800.00 ns, 161.8000 us/op
WorkloadJitting  1: 1 op, 2268100.00 ns, 2.2681 ms/op

OverheadJitting  2: 16 op, 183500.00 ns, 11.4688 us/op
WorkloadJitting  2: 16 op, 351000.00 ns, 21.9375 us/op

WorkloadPilot    1: 16 op, 197900.00 ns, 12.3688 us/op
WorkloadPilot    2: 32 op, 276500.00 ns, 8.6406 us/op
WorkloadPilot    3: 64 op, 99300.00 ns, 1.5516 us/op
WorkloadPilot    4: 128 op, 206200.00 ns, 1.6109 us/op
WorkloadPilot    5: 256 op, 531400.00 ns, 2.0758 us/op
WorkloadPilot    6: 512 op, 629800.00 ns, 1.2301 us/op
WorkloadPilot    7: 1024 op, 1434600.00 ns, 1.4010 us/op
WorkloadPilot    8: 2048 op, 2831900.00 ns, 1.3828 us/op
WorkloadPilot    9: 4096 op, 4744900.00 ns, 1.1584 us/op
WorkloadPilot   10: 8192 op, 10270700.00 ns, 1.2537 us/op
WorkloadPilot   11: 16384 op, 17923100.00 ns, 1.0939 us/op
WorkloadPilot   12: 32768 op, 43581000.00 ns, 1.3300 us/op
WorkloadPilot   13: 65536 op, 85367900.00 ns, 1.3026 us/op
WorkloadPilot   14: 131072 op, 144112400.00 ns, 1.0995 us/op
WorkloadPilot   15: 262144 op, 246827100.00 ns, 941.5707 ns/op
WorkloadPilot   16: 524288 op, 438591300.00 ns, 836.5465 ns/op
WorkloadPilot   17: 1048576 op, 861006200.00 ns, 821.1195 ns/op

OverheadWarmup   1: 1048576 op, 1619400.00 ns, 1.5444 ns/op
OverheadWarmup   2: 1048576 op, 1720200.00 ns, 1.6405 ns/op
OverheadWarmup   3: 1048576 op, 1612300.00 ns, 1.5376 ns/op
OverheadWarmup   4: 1048576 op, 1608700.00 ns, 1.5342 ns/op
OverheadWarmup   5: 1048576 op, 1617200.00 ns, 1.5423 ns/op
OverheadWarmup   6: 1048576 op, 1621000.00 ns, 1.5459 ns/op
OverheadWarmup   7: 1048576 op, 1630600.00 ns, 1.5551 ns/op
OverheadWarmup   8: 1048576 op, 1607100.00 ns, 1.5326 ns/op

OverheadActual   1: 1048576 op, 1618300.00 ns, 1.5433 ns/op
OverheadActual   2: 1048576 op, 1608700.00 ns, 1.5342 ns/op
OverheadActual   3: 1048576 op, 1622700.00 ns, 1.5475 ns/op
OverheadActual   4: 1048576 op, 1608900.00 ns, 1.5344 ns/op
OverheadActual   5: 1048576 op, 1617800.00 ns, 1.5429 ns/op
OverheadActual   6: 1048576 op, 1610400.00 ns, 1.5358 ns/op
OverheadActual   7: 1048576 op, 1611600.00 ns, 1.5369 ns/op
OverheadActual   8: 1048576 op, 1610800.00 ns, 1.5362 ns/op
OverheadActual   9: 1048576 op, 1623300.00 ns, 1.5481 ns/op
OverheadActual  10: 1048576 op, 1616300.00 ns, 1.5414 ns/op
OverheadActual  11: 1048576 op, 1615900.00 ns, 1.5410 ns/op
OverheadActual  12: 1048576 op, 1609000.00 ns, 1.5345 ns/op
OverheadActual  13: 1048576 op, 1615000.00 ns, 1.5402 ns/op
OverheadActual  14: 1048576 op, 1615200.00 ns, 1.5404 ns/op
OverheadActual  15: 1048576 op, 1621500.00 ns, 1.5464 ns/op

WorkloadWarmup   1: 1048576 op, 887159800.00 ns, 846.0615 ns/op
WorkloadWarmup   2: 1048576 op, 901318200.00 ns, 859.5640 ns/op
WorkloadWarmup   3: 1048576 op, 896113000.00 ns, 854.6000 ns/op
WorkloadWarmup   4: 1048576 op, 873937000.00 ns, 833.4513 ns/op
WorkloadWarmup   5: 1048576 op, 869820800.00 ns, 829.5258 ns/op
WorkloadWarmup   6: 1048576 op, 898961500.00 ns, 857.3165 ns/op
WorkloadWarmup   7: 1048576 op, 889636700.00 ns, 848.4237 ns/op

WorkloadActual   1: 1048576 op, 871469200.00 ns, 831.0978 ns/op
WorkloadActual   2: 1048576 op, 890326100.00 ns, 849.0811 ns/op
WorkloadActual   3: 1048576 op, 894761600.00 ns, 853.3112 ns/op
WorkloadActual   4: 1048576 op, 886746700.00 ns, 845.6676 ns/op
WorkloadActual   5: 1048576 op, 887473800.00 ns, 846.3610 ns/op
WorkloadActual   6: 1048576 op, 906194200.00 ns, 864.2141 ns/op
WorkloadActual   7: 1048576 op, 912346200.00 ns, 870.0811 ns/op
WorkloadActual   8: 1048576 op, 894350400.00 ns, 852.9190 ns/op
WorkloadActual   9: 1048576 op, 884180900.00 ns, 843.2206 ns/op
WorkloadActual  10: 1048576 op, 878659500.00 ns, 837.9550 ns/op
WorkloadActual  11: 1048576 op, 902333800.00 ns, 860.5326 ns/op
WorkloadActual  12: 1048576 op, 890003200.00 ns, 848.7732 ns/op
WorkloadActual  13: 1048576 op, 884826400.00 ns, 843.8362 ns/op
WorkloadActual  14: 1048576 op, 879259500.00 ns, 838.5272 ns/op
WorkloadActual  15: 1048576 op, 878109900.00 ns, 837.4309 ns/op

WorkloadResult   1: 1048576 op, 869854000.00 ns, 829.5574 ns/op
WorkloadResult   2: 1048576 op, 888710900.00 ns, 847.5408 ns/op
WorkloadResult   3: 1048576 op, 893146400.00 ns, 851.7708 ns/op
WorkloadResult   4: 1048576 op, 885131500.00 ns, 844.1272 ns/op
WorkloadResult   5: 1048576 op, 885858600.00 ns, 844.8206 ns/op
WorkloadResult   6: 1048576 op, 904579000.00 ns, 862.6738 ns/op
WorkloadResult   7: 1048576 op, 910731000.00 ns, 868.5408 ns/op
WorkloadResult   8: 1048576 op, 892735200.00 ns, 851.3786 ns/op
WorkloadResult   9: 1048576 op, 882565700.00 ns, 841.6802 ns/op
WorkloadResult  10: 1048576 op, 877044300.00 ns, 836.4146 ns/op
WorkloadResult  11: 1048576 op, 900718600.00 ns, 858.9922 ns/op
WorkloadResult  12: 1048576 op, 888388000.00 ns, 847.2328 ns/op
WorkloadResult  13: 1048576 op, 883211200.00 ns, 842.2958 ns/op
WorkloadResult  14: 1048576 op, 877644300.00 ns, 836.9868 ns/op
WorkloadResult  15: 1048576 op, 876494700.00 ns, 835.8905 ns/op
// GC:  15 0 0 763373400 1048576
// Threading:  1052738 4 1048576


Mean = 846.660 ns, StdErr = 2.758 ns (0.33%), N = 15, StdDev = 10.682 ns
Min = 829.557 ns, Q1 = 839.334 ns, Median = 844.821 ns, Q3 = 851.575 ns, Max = 868.541 ns
IQR = 12.241 ns, LowerFence = 820.972 ns, UpperFence = 869.936 ns
ConfidenceInterval = [835.241 ns; 858.080 ns] (CI 99.9%), Margin = 11.420 ns (1.35% of Mean)
Skewness = 0.45, Kurtosis = 2.25, MValue = 2

// ** Remained 3 (10.0 %) benchmark(s) to run. Estimated finish 2026-08-06 18:37 (0h 2m from now) **
Setup power plan (GUID: 8c5e7fda-e8bf-4a96-9a85-a6e23a8c635c FriendlyName: Alto rendimiento)
// **************************
// Benchmark: J_ParallelBenchmarks.EricksonLopezOutbox_StoreAsync_Parallel: Job-FWMHQE(Toolchain=InProcessEmitToolchain) [ThreadCount=4]
// *** Execute ***
// Launch: 1 / 1

// Benchmark Process Environment Information:
// BenchmarkDotNet v0.13.12
// Runtime=.NET 10.0.10 (10.0.1026.32716), X64 RyuJIT AVX-512F+CD+BW+DQ+VL+VBMI
// GC=Concurrent Workstation
// HardwareIntrinsics=AVX-512F+CD+BW+DQ+VL+VBMI,AES,BMI1,BMI2,FMA,LZCNT,PCLMUL,POPCNT,AvxVnni VectorSize=256
// Job: Job-FWMHQE(Toolchain=InProcessEmitToolchain)

OverheadJitting  1: 1 op, 159900.00 ns, 159.9000 us/op
WorkloadJitting  1: 1 op, 1569500.00 ns, 1.5695 ms/op

OverheadJitting  2: 16 op, 172900.00 ns, 10.8063 us/op
WorkloadJitting  2: 16 op, 2763500.00 ns, 172.7188 us/op

WorkloadPilot    1: 16 op, 104500.00 ns, 6.5312 us/op
WorkloadPilot    2: 32 op, 181500.00 ns, 5.6719 us/op
WorkloadPilot    3: 64 op, 210700.00 ns, 3.2922 us/op
WorkloadPilot    4: 128 op, 240600.00 ns, 1.8797 us/op
WorkloadPilot    5: 256 op, 448700.00 ns, 1.7527 us/op
WorkloadPilot    6: 512 op, 1030800.00 ns, 2.0133 us/op
WorkloadPilot    7: 1024 op, 1610100.00 ns, 1.5724 us/op
WorkloadPilot    8: 2048 op, 3263800.00 ns, 1.5937 us/op
WorkloadPilot    9: 4096 op, 7616600.00 ns, 1.8595 us/op
WorkloadPilot   10: 8192 op, 16668900.00 ns, 2.0348 us/op
WorkloadPilot   11: 16384 op, 28842700.00 ns, 1.7604 us/op
WorkloadPilot   12: 32768 op, 55033300.00 ns, 1.6795 us/op
WorkloadPilot   13: 65536 op, 103795400.00 ns, 1.5838 us/op
WorkloadPilot   14: 131072 op, 201963600.00 ns, 1.5409 us/op
WorkloadPilot   15: 262144 op, 405890100.00 ns, 1.5483 us/op
WorkloadPilot   16: 524288 op, 823967700.00 ns, 1.5716 us/op

OverheadWarmup   1: 524288 op, 817500.00 ns, 1.5593 ns/op
OverheadWarmup   2: 524288 op, 808700.00 ns, 1.5425 ns/op
OverheadWarmup   3: 524288 op, 804400.00 ns, 1.5343 ns/op
OverheadWarmup   4: 524288 op, 809200.00 ns, 1.5434 ns/op
OverheadWarmup   5: 524288 op, 811600.00 ns, 1.5480 ns/op
OverheadWarmup   6: 524288 op, 803700.00 ns, 1.5329 ns/op
OverheadWarmup   7: 524288 op, 809300.00 ns, 1.5436 ns/op
OverheadWarmup   8: 524288 op, 804200.00 ns, 1.5339 ns/op

OverheadActual   1: 524288 op, 811200.00 ns, 1.5472 ns/op
OverheadActual   2: 524288 op, 804500.00 ns, 1.5345 ns/op
OverheadActual   3: 524288 op, 808100.00 ns, 1.5413 ns/op
OverheadActual   4: 524288 op, 811600.00 ns, 1.5480 ns/op
OverheadActual   5: 524288 op, 808300.00 ns, 1.5417 ns/op
OverheadActual   6: 524288 op, 807900.00 ns, 1.5409 ns/op
OverheadActual   7: 524288 op, 809800.00 ns, 1.5446 ns/op
OverheadActual   8: 524288 op, 803300.00 ns, 1.5322 ns/op
OverheadActual   9: 524288 op, 804300.00 ns, 1.5341 ns/op
OverheadActual  10: 524288 op, 809100.00 ns, 1.5432 ns/op
OverheadActual  11: 524288 op, 817200.00 ns, 1.5587 ns/op
OverheadActual  12: 524288 op, 808700.00 ns, 1.5425 ns/op
OverheadActual  13: 524288 op, 804500.00 ns, 1.5345 ns/op
OverheadActual  14: 524288 op, 809600.00 ns, 1.5442 ns/op
OverheadActual  15: 524288 op, 803900.00 ns, 1.5333 ns/op

WorkloadWarmup   1: 524288 op, 841669800.00 ns, 1.6054 us/op
WorkloadWarmup   2: 524288 op, 836835300.00 ns, 1.5961 us/op
WorkloadWarmup   3: 524288 op, 805577000.00 ns, 1.5365 us/op
WorkloadWarmup   4: 524288 op, 853863600.00 ns, 1.6286 us/op
WorkloadWarmup   5: 524288 op, 817314500.00 ns, 1.5589 us/op
WorkloadWarmup   6: 524288 op, 834417900.00 ns, 1.5915 us/op
WorkloadWarmup   7: 524288 op, 818455400.00 ns, 1.5611 us/op

WorkloadActual   1: 524288 op, 804184900.00 ns, 1.5339 us/op
WorkloadActual   2: 524288 op, 794922700.00 ns, 1.5162 us/op
WorkloadActual   3: 524288 op, 805209600.00 ns, 1.5358 us/op
WorkloadActual   4: 524288 op, 833006800.00 ns, 1.5888 us/op
WorkloadActual   5: 524288 op, 912840100.00 ns, 1.7411 us/op
WorkloadActual   6: 524288 op, 888965600.00 ns, 1.6956 us/op
WorkloadActual   7: 524288 op, 805107000.00 ns, 1.5356 us/op
WorkloadActual   8: 524288 op, 826263600.00 ns, 1.5760 us/op
WorkloadActual   9: 524288 op, 825326100.00 ns, 1.5742 us/op
WorkloadActual  10: 524288 op, 813806200.00 ns, 1.5522 us/op
WorkloadActual  11: 524288 op, 805920800.00 ns, 1.5372 us/op
WorkloadActual  12: 524288 op, 807700100.00 ns, 1.5406 us/op
WorkloadActual  13: 524288 op, 805507000.00 ns, 1.5364 us/op
WorkloadActual  14: 524288 op, 807926300.00 ns, 1.5410 us/op
WorkloadActual  15: 524288 op, 810024500.00 ns, 1.5450 us/op

WorkloadResult   1: 524288 op, 803376600.00 ns, 1.5323 us/op
WorkloadResult   2: 524288 op, 794114400.00 ns, 1.5147 us/op
WorkloadResult   3: 524288 op, 804401300.00 ns, 1.5343 us/op
WorkloadResult   4: 524288 op, 832198500.00 ns, 1.5873 us/op
WorkloadResult   5: 524288 op, 804298700.00 ns, 1.5341 us/op
WorkloadResult   6: 524288 op, 825455300.00 ns, 1.5744 us/op
WorkloadResult   7: 524288 op, 824517800.00 ns, 1.5726 us/op
WorkloadResult   8: 524288 op, 812997900.00 ns, 1.5507 us/op
WorkloadResult   9: 524288 op, 805112500.00 ns, 1.5356 us/op
WorkloadResult  10: 524288 op, 806891800.00 ns, 1.5390 us/op
WorkloadResult  11: 524288 op, 804698700.00 ns, 1.5348 us/op
WorkloadResult  12: 524288 op, 807118000.00 ns, 1.5395 us/op
WorkloadResult  13: 524288 op, 809216200.00 ns, 1.5435 us/op
// GC:  27 0 0 1363168792 524288
// Threading:  2097179 5 524288


Mean = 1.546 μs, StdErr = 0.006 μs (0.37%), N = 13, StdDev = 0.020 μs
Min = 1.515 μs, Q1 = 1.534 μs, Median = 1.539 μs, Q3 = 1.551 μs, Max = 1.587 μs
IQR = 0.016 μs, LowerFence = 1.510 μs, UpperFence = 1.575 μs
ConfidenceInterval = [1.521 μs; 1.570 μs] (CI 99.9%), Margin = 0.024 μs (1.59% of Mean)
Skewness = 0.71, Kurtosis = 2.31, MValue = 2

// ** Remained 2 (6.7 %) benchmark(s) to run. Estimated finish 2026-08-06 18:37 (0h 1m from now) **
Setup power plan (GUID: 8c5e7fda-e8bf-4a96-9a85-a6e23a8c635c FriendlyName: Alto rendimiento)
// **************************
// Benchmark: J_ParallelBenchmarks.EricksonLopezOutbox_StoreAsync_Parallel: Job-FWMHQE(Toolchain=InProcessEmitToolchain) [ThreadCount=16]
// *** Execute ***
// Launch: 1 / 1

// Benchmark Process Environment Information:
// BenchmarkDotNet v0.13.12
// Runtime=.NET 10.0.10 (10.0.1026.32716), X64 RyuJIT AVX-512F+CD+BW+DQ+VL+VBMI
// GC=Concurrent Workstation
// HardwareIntrinsics=AVX-512F+CD+BW+DQ+VL+VBMI,AES,BMI1,BMI2,FMA,LZCNT,PCLMUL,POPCNT,AvxVnni VectorSize=256
// Job: Job-FWMHQE(Toolchain=InProcessEmitToolchain)

OverheadJitting  1: 1 op, 160800.00 ns, 160.8000 us/op
WorkloadJitting  1: 1 op, 618300.00 ns, 618.3000 us/op

OverheadJitting  2: 16 op, 171500.00 ns, 10.7188 us/op
WorkloadJitting  2: 16 op, 772500.00 ns, 48.2812 us/op

WorkloadPilot    1: 16 op, 554800.00 ns, 34.6750 us/op
WorkloadPilot    2: 32 op, 3489900.00 ns, 109.0594 us/op
WorkloadPilot    3: 64 op, 3867400.00 ns, 60.4281 us/op
WorkloadPilot    4: 128 op, 4296100.00 ns, 33.5633 us/op
WorkloadPilot    5: 256 op, 3590100.00 ns, 14.0238 us/op
WorkloadPilot    6: 512 op, 5000000.00 ns, 9.7656 us/op
WorkloadPilot    7: 1024 op, 6608200.00 ns, 6.4533 us/op
WorkloadPilot    8: 2048 op, 12278800.00 ns, 5.9955 us/op
WorkloadPilot    9: 4096 op, 22541800.00 ns, 5.5034 us/op
WorkloadPilot   10: 8192 op, 61944600.00 ns, 7.5616 us/op
WorkloadPilot   11: 16384 op, 254970300.00 ns, 15.5622 us/op
WorkloadPilot   12: 32768 op, 223582200.00 ns, 6.8232 us/op
WorkloadPilot   13: 65536 op, 385927800.00 ns, 5.8888 us/op
WorkloadPilot   14: 131072 op, 654601300.00 ns, 4.9942 us/op

OverheadWarmup   1: 131072 op, 203400.00 ns, 1.5518 ns/op
OverheadWarmup   2: 131072 op, 200900.00 ns, 1.5327 ns/op
OverheadWarmup   3: 131072 op, 204900.00 ns, 1.5633 ns/op
OverheadWarmup   4: 131072 op, 204700.00 ns, 1.5617 ns/op
OverheadWarmup   5: 131072 op, 201000.00 ns, 1.5335 ns/op
OverheadWarmup   6: 131072 op, 201600.00 ns, 1.5381 ns/op
OverheadWarmup   7: 131072 op, 201300.00 ns, 1.5358 ns/op

OverheadActual   1: 131072 op, 200900.00 ns, 1.5327 ns/op
OverheadActual   2: 131072 op, 201200.00 ns, 1.5350 ns/op
OverheadActual   3: 131072 op, 200900.00 ns, 1.5327 ns/op
OverheadActual   4: 131072 op, 201200.00 ns, 1.5350 ns/op
OverheadActual   5: 131072 op, 206900.00 ns, 1.5785 ns/op
OverheadActual   6: 131072 op, 201200.00 ns, 1.5350 ns/op
OverheadActual   7: 131072 op, 200900.00 ns, 1.5327 ns/op
OverheadActual   8: 131072 op, 206000.00 ns, 1.5717 ns/op
OverheadActual   9: 131072 op, 200800.00 ns, 1.5320 ns/op
OverheadActual  10: 131072 op, 200700.00 ns, 1.5312 ns/op
OverheadActual  11: 131072 op, 200800.00 ns, 1.5320 ns/op
OverheadActual  12: 131072 op, 202500.00 ns, 1.5450 ns/op
OverheadActual  13: 131072 op, 210500.00 ns, 1.6060 ns/op
OverheadActual  14: 131072 op, 200900.00 ns, 1.5327 ns/op
OverheadActual  15: 131072 op, 255500.00 ns, 1.9493 ns/op

WorkloadWarmup   1: 131072 op, 749224700.00 ns, 5.7161 us/op
WorkloadWarmup   2: 131072 op, 704804000.00 ns, 5.3772 us/op
WorkloadWarmup   3: 131072 op, 584543600.00 ns, 4.4597 us/op
WorkloadWarmup   4: 131072 op, 651127500.00 ns, 4.9677 us/op
WorkloadWarmup   5: 131072 op, 549537100.00 ns, 4.1926 us/op
WorkloadWarmup   6: 131072 op, 591842200.00 ns, 4.5154 us/op
WorkloadWarmup   7: 131072 op, 622699100.00 ns, 4.7508 us/op
WorkloadWarmup   8: 131072 op, 544014900.00 ns, 4.1505 us/op

WorkloadActual   1: 131072 op, 564802100.00 ns, 4.3091 us/op
WorkloadActual   2: 131072 op, 586817000.00 ns, 4.4771 us/op
WorkloadActual   3: 131072 op, 589936400.00 ns, 4.5009 us/op
WorkloadActual   4: 131072 op, 645226700.00 ns, 4.9227 us/op
WorkloadActual   5: 131072 op, 625577100.00 ns, 4.7728 us/op
WorkloadActual   6: 131072 op, 601348200.00 ns, 4.5879 us/op
WorkloadActual   7: 131072 op, 562111300.00 ns, 4.2886 us/op
WorkloadActual   8: 131072 op, 618226400.00 ns, 4.7167 us/op
WorkloadActual   9: 131072 op, 556083000.00 ns, 4.2426 us/op
WorkloadActual  10: 131072 op, 604289100.00 ns, 4.6104 us/op
WorkloadActual  11: 131072 op, 580769600.00 ns, 4.4309 us/op
WorkloadActual  12: 131072 op, 673824100.00 ns, 5.1409 us/op
WorkloadActual  13: 131072 op, 669501400.00 ns, 5.1079 us/op
WorkloadActual  14: 131072 op, 612256000.00 ns, 4.6711 us/op
WorkloadActual  15: 131072 op, 592586300.00 ns, 4.5211 us/op
WorkloadActual  16: 131072 op, 681976400.00 ns, 5.2031 us/op
WorkloadActual  17: 131072 op, 669108000.00 ns, 5.1049 us/op
WorkloadActual  18: 131072 op, 678531700.00 ns, 5.1768 us/op
WorkloadActual  19: 131072 op, 708001100.00 ns, 5.4016 us/op
WorkloadActual  20: 131072 op, 724628800.00 ns, 5.5285 us/op
WorkloadActual  21: 131072 op, 739036700.00 ns, 5.6384 us/op
WorkloadActual  22: 131072 op, 623343400.00 ns, 4.7557 us/op
WorkloadActual  23: 131072 op, 618110800.00 ns, 4.7158 us/op
WorkloadActual  24: 131072 op, 729989400.00 ns, 5.5694 us/op
WorkloadActual  25: 131072 op, 751547900.00 ns, 5.7339 us/op
WorkloadActual  26: 131072 op, 649169500.00 ns, 4.9528 us/op
WorkloadActual  27: 131072 op, 643860800.00 ns, 4.9123 us/op
WorkloadActual  28: 131072 op, 621548400.00 ns, 4.7420 us/op
WorkloadActual  29: 131072 op, 660546100.00 ns, 5.0396 us/op
WorkloadActual  30: 131072 op, 702586000.00 ns, 5.3603 us/op
WorkloadActual  31: 131072 op, 755935300.00 ns, 5.7673 us/op
WorkloadActual  32: 131072 op, 732818400.00 ns, 5.5910 us/op
WorkloadActual  33: 131072 op, 615828800.00 ns, 4.6984 us/op
WorkloadActual  34: 131072 op, 632922400.00 ns, 4.8288 us/op
WorkloadActual  35: 131072 op, 647934100.00 ns, 4.9433 us/op
WorkloadActual  36: 131072 op, 629477800.00 ns, 4.8025 us/op
WorkloadActual  37: 131072 op, 723783400.00 ns, 5.5220 us/op
WorkloadActual  38: 131072 op, 617696500.00 ns, 4.7127 us/op
WorkloadActual  39: 131072 op, 539537100.00 ns, 4.1163 us/op
WorkloadActual  40: 131072 op, 531507900.00 ns, 4.0551 us/op
WorkloadActual  41: 131072 op, 521771000.00 ns, 3.9808 us/op
WorkloadActual  42: 131072 op, 536250900.00 ns, 4.0913 us/op
WorkloadActual  43: 131072 op, 537861900.00 ns, 4.1036 us/op
WorkloadActual  44: 131072 op, 555957400.00 ns, 4.2416 us/op
WorkloadActual  45: 131072 op, 573287200.00 ns, 4.3738 us/op
WorkloadActual  46: 131072 op, 521372000.00 ns, 3.9778 us/op
WorkloadActual  47: 131072 op, 648413900.00 ns, 4.9470 us/op
WorkloadActual  48: 131072 op, 567398800.00 ns, 4.3289 us/op
WorkloadActual  49: 131072 op, 555255800.00 ns, 4.2363 us/op
WorkloadActual  50: 131072 op, 517129000.00 ns, 3.9454 us/op
WorkloadActual  51: 131072 op, 542402100.00 ns, 4.1382 us/op
WorkloadActual  52: 131072 op, 536544900.00 ns, 4.0935 us/op
WorkloadActual  53: 131072 op, 543839600.00 ns, 4.1492 us/op
WorkloadActual  54: 131072 op, 582420500.00 ns, 4.4435 us/op
WorkloadActual  55: 131072 op, 547822300.00 ns, 4.1796 us/op
WorkloadActual  56: 131072 op, 556623400.00 ns, 4.2467 us/op
WorkloadActual  57: 131072 op, 561020600.00 ns, 4.2802 us/op
WorkloadActual  58: 131072 op, 542864200.00 ns, 4.1417 us/op
WorkloadActual  59: 131072 op, 505687100.00 ns, 3.8581 us/op
WorkloadActual  60: 131072 op, 534740400.00 ns, 4.0797 us/op
WorkloadActual  61: 131072 op, 522832800.00 ns, 3.9889 us/op
WorkloadActual  62: 131072 op, 555291000.00 ns, 4.2365 us/op
WorkloadActual  63: 131072 op, 558362700.00 ns, 4.2600 us/op
WorkloadActual  64: 131072 op, 561041800.00 ns, 4.2804 us/op
WorkloadActual  65: 131072 op, 659844200.00 ns, 5.0342 us/op
WorkloadActual  66: 131072 op, 535578200.00 ns, 4.0861 us/op
WorkloadActual  67: 131072 op, 715671000.00 ns, 5.4601 us/op
WorkloadActual  68: 131072 op, 580766900.00 ns, 4.4309 us/op
WorkloadActual  69: 131072 op, 567254500.00 ns, 4.3278 us/op
WorkloadActual  70: 131072 op, 561917500.00 ns, 4.2871 us/op
WorkloadActual  71: 131072 op, 524044600.00 ns, 3.9981 us/op
WorkloadActual  72: 131072 op, 537191500.00 ns, 4.0984 us/op
WorkloadActual  73: 131072 op, 575681500.00 ns, 4.3921 us/op
WorkloadActual  74: 131072 op, 573312500.00 ns, 4.3740 us/op
WorkloadActual  75: 131072 op, 544608000.00 ns, 4.1550 us/op
WorkloadActual  76: 131072 op, 579698800.00 ns, 4.4228 us/op
WorkloadActual  77: 131072 op, 527229900.00 ns, 4.0224 us/op
WorkloadActual  78: 131072 op, 505767900.00 ns, 3.8587 us/op
WorkloadActual  79: 131072 op, 534261000.00 ns, 4.0761 us/op
WorkloadActual  80: 131072 op, 511917300.00 ns, 3.9056 us/op
WorkloadActual  81: 131072 op, 513251700.00 ns, 3.9158 us/op
WorkloadActual  82: 131072 op, 513685200.00 ns, 3.9191 us/op
WorkloadActual  83: 131072 op, 506714500.00 ns, 3.8659 us/op
WorkloadActual  84: 131072 op, 498996700.00 ns, 3.8070 us/op
WorkloadActual  85: 131072 op, 575002800.00 ns, 4.3869 us/op
WorkloadActual  86: 131072 op, 508556000.00 ns, 3.8800 us/op
WorkloadActual  87: 131072 op, 575142600.00 ns, 4.3880 us/op
WorkloadActual  88: 131072 op, 521095800.00 ns, 3.9756 us/op
WorkloadActual  89: 131072 op, 513581000.00 ns, 3.9183 us/op
WorkloadActual  90: 131072 op, 559452800.00 ns, 4.2683 us/op
WorkloadActual  91: 131072 op, 572607200.00 ns, 4.3686 us/op
WorkloadActual  92: 131072 op, 532992500.00 ns, 4.0664 us/op
WorkloadActual  93: 131072 op, 640460900.00 ns, 4.8863 us/op
WorkloadActual  94: 131072 op, 519637200.00 ns, 3.9645 us/op
WorkloadActual  95: 131072 op, 558925800.00 ns, 4.2643 us/op
WorkloadActual  96: 131072 op, 536533100.00 ns, 4.0934 us/op
WorkloadActual  97: 131072 op, 510064500.00 ns, 3.8915 us/op
WorkloadActual  98: 131072 op, 525217200.00 ns, 4.0071 us/op
WorkloadActual  99: 131072 op, 525739100.00 ns, 4.0111 us/op
WorkloadActual  100: 131072 op, 531177400.00 ns, 4.0526 us/op

WorkloadResult   1: 131072 op, 564600900.00 ns, 4.3076 us/op
WorkloadResult   2: 131072 op, 586615800.00 ns, 4.4755 us/op
WorkloadResult   3: 131072 op, 589735200.00 ns, 4.4993 us/op
WorkloadResult   4: 131072 op, 645025500.00 ns, 4.9212 us/op
WorkloadResult   5: 131072 op, 625375900.00 ns, 4.7712 us/op
WorkloadResult   6: 131072 op, 601147000.00 ns, 4.5864 us/op
WorkloadResult   7: 131072 op, 561910100.00 ns, 4.2870 us/op
WorkloadResult   8: 131072 op, 618025200.00 ns, 4.7152 us/op
WorkloadResult   9: 131072 op, 555881800.00 ns, 4.2410 us/op
WorkloadResult  10: 131072 op, 604087900.00 ns, 4.6088 us/op
WorkloadResult  11: 131072 op, 580568400.00 ns, 4.4294 us/op
WorkloadResult  12: 131072 op, 673622900.00 ns, 5.1393 us/op
WorkloadResult  13: 131072 op, 669300200.00 ns, 5.1064 us/op
WorkloadResult  14: 131072 op, 612054800.00 ns, 4.6696 us/op
WorkloadResult  15: 131072 op, 592385100.00 ns, 4.5195 us/op
WorkloadResult  16: 131072 op, 681775200.00 ns, 5.2015 us/op
WorkloadResult  17: 131072 op, 668906800.00 ns, 5.1034 us/op
WorkloadResult  18: 131072 op, 678330500.00 ns, 5.1753 us/op
WorkloadResult  19: 131072 op, 707799900.00 ns, 5.4001 us/op
WorkloadResult  20: 131072 op, 724427600.00 ns, 5.5269 us/op
WorkloadResult  21: 131072 op, 738835500.00 ns, 5.6369 us/op
WorkloadResult  22: 131072 op, 623142200.00 ns, 4.7542 us/op
WorkloadResult  23: 131072 op, 617909600.00 ns, 4.7143 us/op
WorkloadResult  24: 131072 op, 729788200.00 ns, 5.5678 us/op
WorkloadResult  25: 131072 op, 751346700.00 ns, 5.7323 us/op
WorkloadResult  26: 131072 op, 648968300.00 ns, 4.9512 us/op
WorkloadResult  27: 131072 op, 643659600.00 ns, 4.9107 us/op
WorkloadResult  28: 131072 op, 621347200.00 ns, 4.7405 us/op
WorkloadResult  29: 131072 op, 660344900.00 ns, 5.0380 us/op
WorkloadResult  30: 131072 op, 702384800.00 ns, 5.3588 us/op
WorkloadResult  31: 131072 op, 755734100.00 ns, 5.7658 us/op
WorkloadResult  32: 131072 op, 732617200.00 ns, 5.5894 us/op
WorkloadResult  33: 131072 op, 615627600.00 ns, 4.6969 us/op
WorkloadResult  34: 131072 op, 632721200.00 ns, 4.8273 us/op
WorkloadResult  35: 131072 op, 647732900.00 ns, 4.9418 us/op
WorkloadResult  36: 131072 op, 629276600.00 ns, 4.8010 us/op
WorkloadResult  37: 131072 op, 723582200.00 ns, 5.5205 us/op
WorkloadResult  38: 131072 op, 617495300.00 ns, 4.7111 us/op
WorkloadResult  39: 131072 op, 539335900.00 ns, 4.1148 us/op
WorkloadResult  40: 131072 op, 531306700.00 ns, 4.0535 us/op
WorkloadResult  41: 131072 op, 521569800.00 ns, 3.9793 us/op
WorkloadResult  42: 131072 op, 536049700.00 ns, 4.0897 us/op
WorkloadResult  43: 131072 op, 537660700.00 ns, 4.1020 us/op
WorkloadResult  44: 131072 op, 555756200.00 ns, 4.2401 us/op
WorkloadResult  45: 131072 op, 573086000.00 ns, 4.3723 us/op
WorkloadResult  46: 131072 op, 521170800.00 ns, 3.9762 us/op
WorkloadResult  47: 131072 op, 648212700.00 ns, 4.9455 us/op
WorkloadResult  48: 131072 op, 567197600.00 ns, 4.3274 us/op
WorkloadResult  49: 131072 op, 555054600.00 ns, 4.2347 us/op
WorkloadResult  50: 131072 op, 516927800.00 ns, 3.9438 us/op
WorkloadResult  51: 131072 op, 542200900.00 ns, 4.1367 us/op
WorkloadResult  52: 131072 op, 536343700.00 ns, 4.0920 us/op
WorkloadResult  53: 131072 op, 543638400.00 ns, 4.1476 us/op
WorkloadResult  54: 131072 op, 582219300.00 ns, 4.4420 us/op
WorkloadResult  55: 131072 op, 547621100.00 ns, 4.1780 us/op
WorkloadResult  56: 131072 op, 556422200.00 ns, 4.2452 us/op
WorkloadResult  57: 131072 op, 560819400.00 ns, 4.2787 us/op
WorkloadResult  58: 131072 op, 542663000.00 ns, 4.1402 us/op
WorkloadResult  59: 131072 op, 505485900.00 ns, 3.8566 us/op
WorkloadResult  60: 131072 op, 534539200.00 ns, 4.0782 us/op
WorkloadResult  61: 131072 op, 522631600.00 ns, 3.9874 us/op
WorkloadResult  62: 131072 op, 555089800.00 ns, 4.2350 us/op
WorkloadResult  63: 131072 op, 558161500.00 ns, 4.2584 us/op
WorkloadResult  64: 131072 op, 560840600.00 ns, 4.2789 us/op
WorkloadResult  65: 131072 op, 659643000.00 ns, 5.0327 us/op
WorkloadResult  66: 131072 op, 535377000.00 ns, 4.0846 us/op
WorkloadResult  67: 131072 op, 715469800.00 ns, 5.4586 us/op
WorkloadResult  68: 131072 op, 580565700.00 ns, 4.4294 us/op
WorkloadResult  69: 131072 op, 567053300.00 ns, 4.3263 us/op
WorkloadResult  70: 131072 op, 561716300.00 ns, 4.2856 us/op
WorkloadResult  71: 131072 op, 523843400.00 ns, 3.9966 us/op
WorkloadResult  72: 131072 op, 536990300.00 ns, 4.0969 us/op
WorkloadResult  73: 131072 op, 575480300.00 ns, 4.3906 us/op
WorkloadResult  74: 131072 op, 573111300.00 ns, 4.3725 us/op
WorkloadResult  75: 131072 op, 544406800.00 ns, 4.1535 us/op
WorkloadResult  76: 131072 op, 579497600.00 ns, 4.4212 us/op
WorkloadResult  77: 131072 op, 527028700.00 ns, 4.0209 us/op
WorkloadResult  78: 131072 op, 505566700.00 ns, 3.8572 us/op
WorkloadResult  79: 131072 op, 534059800.00 ns, 4.0746 us/op
WorkloadResult  80: 131072 op, 511716100.00 ns, 3.9041 us/op
WorkloadResult  81: 131072 op, 513050500.00 ns, 3.9143 us/op
WorkloadResult  82: 131072 op, 513484000.00 ns, 3.9176 us/op
WorkloadResult  83: 131072 op, 506513300.00 ns, 3.8644 us/op
WorkloadResult  84: 131072 op, 498795500.00 ns, 3.8055 us/op
WorkloadResult  85: 131072 op, 574801600.00 ns, 4.3854 us/op
WorkloadResult  86: 131072 op, 508354800.00 ns, 3.8784 us/op
WorkloadResult  87: 131072 op, 574941400.00 ns, 4.3865 us/op
WorkloadResult  88: 131072 op, 520894600.00 ns, 3.9741 us/op
WorkloadResult  89: 131072 op, 513379800.00 ns, 3.9168 us/op
WorkloadResult  90: 131072 op, 559251600.00 ns, 4.2668 us/op
WorkloadResult  91: 131072 op, 572406000.00 ns, 4.3671 us/op
WorkloadResult  92: 131072 op, 532791300.00 ns, 4.0649 us/op
WorkloadResult  93: 131072 op, 640259700.00 ns, 4.8848 us/op
WorkloadResult  94: 131072 op, 519436000.00 ns, 3.9630 us/op
WorkloadResult  95: 131072 op, 558724600.00 ns, 4.2627 us/op
WorkloadResult  96: 131072 op, 536331900.00 ns, 4.0919 us/op
WorkloadResult  97: 131072 op, 509863300.00 ns, 3.8899 us/op
WorkloadResult  98: 131072 op, 525016000.00 ns, 4.0056 us/op
WorkloadResult  99: 131072 op, 525537900.00 ns, 4.0095 us/op
WorkloadResult  100: 131072 op, 530976200.00 ns, 4.0510 us/op
// GC:  25 0 0 1284526056 131072
// Threading:  2097161 6 131072


Mean = 4.475 μs, StdErr = 0.051 μs (1.14%), N = 100, StdDev = 0.510 μs
Min = 3.806 μs, Q1 = 4.083 μs, Median = 4.317 μs, Q3 = 4.779 μs, Max = 5.766 μs
IQR = 0.696 μs, LowerFence = 3.039 μs, UpperFence = 5.822 μs
ConfidenceInterval = [4.302 μs; 4.648 μs] (CI 99.9%), Margin = 0.173 μs (3.86% of Mean)
Skewness = 0.86, Kurtosis = 2.75, MValue = 2.91

// ** Remained 1 (3.3 %) benchmark(s) to run. Estimated finish 2026-08-06 18:37 (0h 0m from now) **
Setup power plan (GUID: 8c5e7fda-e8bf-4a96-9a85-a6e23a8c635c FriendlyName: Alto rendimiento)
// **************************
// Benchmark: J_ParallelBenchmarks.EricksonLopezOutbox_StoreAsync_Parallel: Job-FWMHQE(Toolchain=InProcessEmitToolchain) [ThreadCount=64]
// *** Execute ***
// Launch: 1 / 1

// Benchmark Process Environment Information:
// BenchmarkDotNet v0.13.12
// Runtime=.NET 10.0.10 (10.0.1026.32716), X64 RyuJIT AVX-512F+CD+BW+DQ+VL+VBMI
// GC=Concurrent Workstation
// HardwareIntrinsics=AVX-512F+CD+BW+DQ+VL+VBMI,AES,BMI1,BMI2,FMA,LZCNT,PCLMUL,POPCNT,AvxVnni VectorSize=256
// Job: Job-FWMHQE(Toolchain=InProcessEmitToolchain)

OverheadJitting  1: 1 op, 156700.00 ns, 156.7000 us/op
WorkloadJitting  1: 1 op, 615600.00 ns, 615.6000 us/op

OverheadJitting  2: 16 op, 171300.00 ns, 10.7063 us/op
WorkloadJitting  2: 16 op, 387600.00 ns, 24.2250 us/op

WorkloadPilot    1: 16 op, 232300.00 ns, 14.5188 us/op
WorkloadPilot    2: 32 op, 396000.00 ns, 12.3750 us/op
WorkloadPilot    3: 64 op, 753200.00 ns, 11.7688 us/op
WorkloadPilot    4: 128 op, 1403300.00 ns, 10.9633 us/op
WorkloadPilot    5: 256 op, 3165800.00 ns, 12.3664 us/op
WorkloadPilot    6: 512 op, 6117800.00 ns, 11.9488 us/op
WorkloadPilot    7: 1024 op, 9401200.00 ns, 9.1809 us/op
WorkloadPilot    8: 2048 op, 19161500.00 ns, 9.3562 us/op
WorkloadPilot    9: 4096 op, 41742500.00 ns, 10.1910 us/op
WorkloadPilot   10: 8192 op, 78784600.00 ns, 9.6173 us/op
WorkloadPilot   11: 16384 op, 158491800.00 ns, 9.6736 us/op
WorkloadPilot   12: 32768 op, 316115000.00 ns, 9.6471 us/op
WorkloadPilot   13: 65536 op, 624544500.00 ns, 9.5298 us/op

OverheadWarmup   1: 65536 op, 103800.00 ns, 1.5839 ns/op
OverheadWarmup   2: 65536 op, 101000.00 ns, 1.5411 ns/op
OverheadWarmup   3: 65536 op, 104000.00 ns, 1.5869 ns/op
OverheadWarmup   4: 65536 op, 101000.00 ns, 1.5411 ns/op
OverheadWarmup   5: 65536 op, 101100.00 ns, 1.5427 ns/op
OverheadWarmup   6: 65536 op, 106600.00 ns, 1.6266 ns/op
OverheadWarmup   7: 65536 op, 100400.00 ns, 1.5320 ns/op

OverheadActual   1: 65536 op, 100900.00 ns, 1.5396 ns/op
OverheadActual   2: 65536 op, 100900.00 ns, 1.5396 ns/op
OverheadActual   3: 65536 op, 100400.00 ns, 1.5320 ns/op
OverheadActual   4: 65536 op, 100700.00 ns, 1.5366 ns/op
OverheadActual   5: 65536 op, 101000.00 ns, 1.5411 ns/op
OverheadActual   6: 65536 op, 114600.00 ns, 1.7487 ns/op
OverheadActual   7: 65536 op, 100700.00 ns, 1.5366 ns/op
OverheadActual   8: 65536 op, 103300.00 ns, 1.5762 ns/op
OverheadActual   9: 65536 op, 100400.00 ns, 1.5320 ns/op
OverheadActual  10: 65536 op, 100800.00 ns, 1.5381 ns/op
OverheadActual  11: 65536 op, 100400.00 ns, 1.5320 ns/op
OverheadActual  12: 65536 op, 100900.00 ns, 1.5396 ns/op
OverheadActual  13: 65536 op, 100900.00 ns, 1.5396 ns/op
OverheadActual  14: 65536 op, 100700.00 ns, 1.5366 ns/op
OverheadActual  15: 65536 op, 100700.00 ns, 1.5366 ns/op

WorkloadWarmup   1: 65536 op, 635403800.00 ns, 9.6955 us/op
WorkloadWarmup   2: 65536 op, 647773100.00 ns, 9.8842 us/op
WorkloadWarmup   3: 65536 op, 612665900.00 ns, 9.3485 us/op
WorkloadWarmup   4: 65536 op, 646592300.00 ns, 9.8662 us/op
WorkloadWarmup   5: 65536 op, 626030300.00 ns, 9.5525 us/op
WorkloadWarmup   6: 65536 op, 629332400.00 ns, 9.6029 us/op

WorkloadActual   1: 65536 op, 676254900.00 ns, 10.3188 us/op
WorkloadActual   2: 65536 op, 645253300.00 ns, 9.8458 us/op
WorkloadActual   3: 65536 op, 647825700.00 ns, 9.8850 us/op
WorkloadActual   4: 65536 op, 632156000.00 ns, 9.6459 us/op
WorkloadActual   5: 65536 op, 627580600.00 ns, 9.5761 us/op
WorkloadActual   6: 65536 op, 638247000.00 ns, 9.7389 us/op
WorkloadActual   7: 65536 op, 647436200.00 ns, 9.8791 us/op
WorkloadActual   8: 65536 op, 642903400.00 ns, 9.8099 us/op
WorkloadActual   9: 65536 op, 618493700.00 ns, 9.4375 us/op
WorkloadActual  10: 65536 op, 641115400.00 ns, 9.7826 us/op
WorkloadActual  11: 65536 op, 630456400.00 ns, 9.6200 us/op
WorkloadActual  12: 65536 op, 628277700.00 ns, 9.5868 us/op
WorkloadActual  13: 65536 op, 629110400.00 ns, 9.5995 us/op
WorkloadActual  14: 65536 op, 637319300.00 ns, 9.7247 us/op
WorkloadActual  15: 65536 op, 634657900.00 ns, 9.6841 us/op

WorkloadResult   1: 65536 op, 645152500.00 ns, 9.8442 us/op
WorkloadResult   2: 65536 op, 647724900.00 ns, 9.8835 us/op
WorkloadResult   3: 65536 op, 632055200.00 ns, 9.6444 us/op
WorkloadResult   4: 65536 op, 627479800.00 ns, 9.5746 us/op
WorkloadResult   5: 65536 op, 638146200.00 ns, 9.7373 us/op
WorkloadResult   6: 65536 op, 647335400.00 ns, 9.8776 us/op
WorkloadResult   7: 65536 op, 642802600.00 ns, 9.8084 us/op
WorkloadResult   8: 65536 op, 618392900.00 ns, 9.4359 us/op
WorkloadResult   9: 65536 op, 641014600.00 ns, 9.7811 us/op
WorkloadResult  10: 65536 op, 630355600.00 ns, 9.6185 us/op
WorkloadResult  11: 65536 op, 628176900.00 ns, 9.5852 us/op
WorkloadResult  12: 65536 op, 629009600.00 ns, 9.5979 us/op
WorkloadResult  13: 65536 op, 637218500.00 ns, 9.7232 us/op
WorkloadResult  14: 65536 op, 634557100.00 ns, 9.6826 us/op
// GC:  51 0 0 2529746600 65536
// Threading:  4194308 72 65536


Mean = 9.700 μs, StdErr = 0.035 μs (0.36%), N = 14, StdDev = 0.132 μs
Min = 9.436 μs, Q1 = 9.603 μs, Median = 9.703 μs, Q3 = 9.802 μs, Max = 9.883 μs
IQR = 0.199 μs, LowerFence = 9.305 μs, UpperFence = 10.099 μs
ConfidenceInterval = [9.551 μs; 9.848 μs] (CI 99.9%), Margin = 0.149 μs (1.53% of Mean)
Skewness = -0.21, Kurtosis = 1.94, MValue = 2

// ** Remained 0 (0.0 %) benchmark(s) to run. Estimated finish 2026-08-06 18:37 (0h 0m from now) **
Successfully reverted power plan (GUID: 8c5e7fda-e8bf-4a96-9a85-a6e23a8c635c FriendlyName: Alto rendimiento)
// ***** BenchmarkRunner: Finish  *****

// * Export *
  D:\DevData\ericksonlopez.dev\dotnet-outbox\benchmarks\results\results\EricksonLopez.Outbox.Benchmarks.J_ParallelBenchmarks-report.csv
  D:\DevData\ericksonlopez.dev\dotnet-outbox\benchmarks\results\results\EricksonLopez.Outbox.Benchmarks.J_ParallelBenchmarks-report-github.md
  D:\DevData\ericksonlopez.dev\dotnet-outbox\benchmarks\results\results\EricksonLopez.Outbox.Benchmarks.J_ParallelBenchmarks-report.html

// * Detailed results *
J_ParallelBenchmarks.EricksonLopezOutbox_StoreAsync_Parallel: Job-FWMHQE(Toolchain=InProcessEmitToolchain) [ThreadCount=1]
Runtime = ; GC = 
Mean = 846.660 ns, StdErr = 2.758 ns (0.33%), N = 15, StdDev = 10.682 ns
Min = 829.557 ns, Q1 = 839.334 ns, Median = 844.821 ns, Q3 = 851.575 ns, Max = 868.541 ns
IQR = 12.241 ns, LowerFence = 820.972 ns, UpperFence = 869.936 ns
ConfidenceInterval = [835.241 ns; 858.080 ns] (CI 99.9%), Margin = 11.420 ns (1.35% of Mean)
Skewness = 0.45, Kurtosis = 2.25, MValue = 2
-------------------- Histogram --------------------
[823.873 ns ; 872.404 ns) | @@@@@@@@@@@@@@@
---------------------------------------------------

J_ParallelBenchmarks.EricksonLopezOutbox_StoreAsync_Parallel: Job-FWMHQE(Toolchain=InProcessEmitToolchain) [ThreadCount=4]
Runtime = ; GC = 
Mean = 1.546 μs, StdErr = 0.006 μs (0.37%), N = 13, StdDev = 0.020 μs
Min = 1.515 μs, Q1 = 1.534 μs, Median = 1.539 μs, Q3 = 1.551 μs, Max = 1.587 μs
IQR = 0.016 μs, LowerFence = 1.510 μs, UpperFence = 1.575 μs
ConfidenceInterval = [1.521 μs; 1.570 μs] (CI 99.9%), Margin = 0.024 μs (1.59% of Mean)
Skewness = 0.71, Kurtosis = 2.31, MValue = 2
-------------------- Histogram --------------------
[1.503 μs ; 1.557 μs) | @@@@@@@@@@
[1.557 μs ; 1.596 μs) | @@@
---------------------------------------------------

J_ParallelBenchmarks.EricksonLopezOutbox_StoreAsync_Parallel: Job-FWMHQE(Toolchain=InProcessEmitToolchain) [ThreadCount=16]
Runtime = ; GC = 
Mean = 4.475 μs, StdErr = 0.051 μs (1.14%), N = 100, StdDev = 0.510 μs
Min = 3.806 μs, Q1 = 4.083 μs, Median = 4.317 μs, Q3 = 4.779 μs, Max = 5.766 μs
IQR = 0.696 μs, LowerFence = 3.039 μs, UpperFence = 5.822 μs
ConfidenceInterval = [4.302 μs; 4.648 μs] (CI 99.9%), Margin = 0.173 μs (3.86% of Mean)
Skewness = 0.86, Kurtosis = 2.75, MValue = 2.91
-------------------- Histogram --------------------
[3.661 μs ; 3.854 μs) | @
[3.854 μs ; 4.142 μs) | @@@@@@@@@@@@@@@@@@@@@@@@@@@@@@@@@
[4.142 μs ; 4.521 μs) | @@@@@@@@@@@@@@@@@@@@@@@@@@@@@@@
[4.521 μs ; 4.666 μs) | @@
[4.666 μs ; 4.955 μs) | @@@@@@@@@@@@@@@@
[4.955 μs ; 5.261 μs) | @@@@@@@
[5.261 μs ; 5.642 μs) | @@@@@@@@
[5.642 μs ; 5.910 μs) | @@
---------------------------------------------------

J_ParallelBenchmarks.EricksonLopezOutbox_StoreAsync_Parallel: Job-FWMHQE(Toolchain=InProcessEmitToolchain) [ThreadCount=64]
Runtime = ; GC = 
Mean = 9.700 μs, StdErr = 0.035 μs (0.36%), N = 14, StdDev = 0.132 μs
Min = 9.436 μs, Q1 = 9.603 μs, Median = 9.703 μs, Q3 = 9.802 μs, Max = 9.883 μs
IQR = 0.199 μs, LowerFence = 9.305 μs, UpperFence = 10.099 μs
ConfidenceInterval = [9.551 μs; 9.848 μs] (CI 99.9%), Margin = 0.149 μs (1.53% of Mean)
Skewness = -0.21, Kurtosis = 1.94, MValue = 2
-------------------- Histogram --------------------
[9.364 μs ; 9.725 μs) | @@@@@@@@
[9.725 μs ; 9.931 μs) | @@@@@@
---------------------------------------------------

// * Summary *

BenchmarkDotNet v0.13.12, Windows 11 (10.0.26200.8875)
Unknown processor
.NET SDK 10.0.302
  [Host] : .NET 10.0.10 (10.0.1026.32716), X64 RyuJIT AVX-512F+CD+BW+DQ+VL+VBMI

Toolchain=InProcessEmitToolchain  

| Method                                  | ThreadCount | Mean       | Error     | StdDev    | Median     | Min        | Max        | P50        | P95        | Op/s        | Gen0   | Allocated |
|---------------------------------------- |------------ |-----------:|----------:|----------:|-----------:|-----------:|-----------:|-----------:|-----------:|------------:|-------:|----------:|
| EricksonLopezOutbox_StoreAsync_Parallel | 1           |   846.7 ns |  11.42 ns |  10.68 ns |   844.8 ns |   829.6 ns |   868.5 ns |   844.8 ns |   864.4 ns | 1,181,111.4 | 0.0143 |     728 B |
| EricksonLopezOutbox_StoreAsync_Parallel | 4           | 1,545.6 ns |  24.50 ns |  20.46 ns | 1,539.0 ns | 1,514.7 ns | 1,587.3 ns | 1,539.0 ns | 1,579.6 ns |   646,998.9 | 0.0515 |    2600 B |
| EricksonLopezOutbox_StoreAsync_Parallel | 16          | 4,474.8 ns | 172.85 ns | 509.67 ns | 4,316.9 ns | 3,805.5 ns | 5,765.8 ns | 4,316.9 ns | 5,529.0 ns |   223,472.4 | 0.1907 |    9800 B |
| EricksonLopezOutbox_StoreAsync_Parallel | 64          | 9,699.6 ns | 148.53 ns | 131.66 ns | 9,702.9 ns | 9,435.9 ns | 9,883.5 ns | 9,702.9 ns | 9,879.6 ns |   103,097.0 | 0.7782 |   38601 B |

// * Warnings *
MultimodalDistribution
  J_ParallelBenchmarks.EricksonLopezOutbox_StoreAsync_Parallel: Toolchain=InProcessEmitToolchain -> It seems that the distribution can have several modes (mValue = 2.91)

// * Hints *
Outliers
  J_ParallelBenchmarks.EricksonLopezOutbox_StoreAsync_Parallel: Toolchain=InProcessEmitToolchain -> 2 outliers were removed (1.70 μs, 1.74 μs)
  J_ParallelBenchmarks.EricksonLopezOutbox_StoreAsync_Parallel: Toolchain=InProcessEmitToolchain -> 1 outlier  was  removed (10.32 μs)
// * Config Issues *

// * Warnings *
Configuration
  Summary -> The exporter MarkdownExporter-github is already present in configuration. There may be unexpected results.

// * Legends *
  ThreadCount : Value of the 'ThreadCount' parameter
  Mean        : Arithmetic mean of all measurements
  Error       : Half of 99.9% confidence interval
  StdDev      : Standard deviation of all measurements
  Median      : Value separating the higher half of all measurements (50th percentile)
  Min         : Minimum
  Max         : Maximum
  P50         : Percentile 50
  P95         : Percentile 95
  Op/s        : Operation per second
  Gen0        : GC Generation 0 collects per 1000 operations
  Allocated   : Allocated memory per single operation (managed only, inclusive, 1KB = 1024B)
  1 ns        : 1 Nanosecond (0.000000001 sec)

// * Diagnostic Output - MemoryDiagnoser *


// ***** BenchmarkRunner: End *****
Run time: 00:02:08 (128.05 sec), executed benchmarks: 4

Global total time: 00:22:38 (1358.92 sec), executed benchmarks: 30
// * Artifacts cleanup *
Artifacts cleanup is finished
